Date,unemp,unemp_flag,baa,baa_flag,AAPL,AMZN,TSLA,MSFT,META
2012-05-21,8.2,0.0,-0.023392879574705462,0.0,0.05662570841575698,0.01972471508586604,0.04296792351472564,0.01626596108281037,-0.11637816259836949
2012-05-22,8.2,0.0,-0.023392879574705462,0.0,-0.007708453052456496,-0.012827781408528062,0.06818138048237622,0.0003364213370567043,-0.09325532907299332
2012-05-23,8.2,0.0,-0.023392879574705462,0.0,0.02410750402865882,0.009015094812242259,0.0071176464675179706,-0.02208370144995372,0.03174877776516169
2012-05-24,8.2,0.0,-0.023392879574705462,0.0,-0.009226650806302077,-0.009433181446076506,-0.02414461046300701,-0.0013751202222218875,0.03168040118578868
2012-05-25,8.2,0.0,-0.023392879574705462,0.0,-0.0053743015819140635,-0.010978112817300979,-0.015643815294831984,-0.00034399263641724735,-0.03449689293147108
2012-05-29,8.2,0.0,-0.023392879574705462,0.0,0.017592958678153085,0.008698999025762448,0.0611576013130172,0.017059568354242917,-0.10115616054268549
2012-05-30,8.2,0.0,-0.023392879574705462,0.0,0.011985246502886104,-0.026040437232411215,-0.041230023409546984,-0.007470330825948662,-0.022795959812087048
2012-05-31,8.2,0.0,-0.023392879574705462,0.0,-0.002489138160065396,0.01743541700988411,-0.030380886354557376,-0.005125461409423761,0.04880705277138419
2012-06-01,8.2,0.0,-0.009910883899454132,0.0,-0.029403579297768462,-0.022274321175586566,-0.046842917050209494,-0.025678286246214186,-0.06562020546977755
2012-06-04,8.2,0.0,-0.009910883899454132,0.0,0.00586490757528299,0.030040822361707704,-0.009637770447744755,0.003508802579677122,-0.030027911018840184
2012-06-05,8.2,0.0,-0.009910883899454132,0.0,-0.0025906316750349636,-0.006358504161970081,0.001075447615171386,-0.0014021117243090792,-0.03904215232078666
2012-06-06,8.2,0.0,-0.009910883899454132,0.0,0.015216862857000064,0.02056476338389401,0.045868161351769354,0.029037602607403845,0.03569078296307736
2012-06-07,8.2,0.0,-0.009910883899454132,0.0,0.00045479976719673033,0.005315713378321493,-0.009974117306414848,-0.004096867072844398,-0.018825796204445824
2012-06-08,8.2,0.0,-0.009910883899454132,0.0,0.014930080772169415,-0.0014635745815747311,0.03898104080068642,0.014266769607967203,0.029584526149076536
2012-06-11,8.2,0.0,-0.009910883899454132,0.0,-0.015892315532219776,-0.009103927787366845,-0.03243522610583498,-0.025620808289467358,-0.0033263815769902258
2012-06-12,8.2,0.0,-0.009910883899454132,0.0,0.008698623746620572,-0.0003695565134847098,0.018374062451260265,0.013404817551854383,0.014335758730264984
2012-06-13,8.2,0.0,-0.009910883899454132,0.0,-0.006966933189555253,-0.007839568227068319,0.0037021718758953174,-0.005477647737516319,-0.0047558348541537655
2012-06-14,8.2,0.0,-0.009910883899454132,0.0,-0.0011020635417493116,-0.001304808349879421,-0.012847033344662692,0.007183190132872903,0.03672120221051314
2012-06-15,8.2,0.0,-0.009910883899454132,0.0,0.004539272938320762,0.01802264126995657,0.017538570403568685,0.02291203232828681,0.05902228767906404
2012-06-18,8.2,0.0,-0.009910883899454132,0.0,0.02008841408272699,0.01954673987781918,0.0625307013711251,-0.00601374075032649,0.045595655485034865
2012-06-19,8.2,0.0,-0.009910883899454132,0.0,0.002778696190380631,0.006133988129961175,0.007820750884360933,0.02841247026759277,0.015793135811351455
2012-06-20,8.2,0.0,-0.009910883899454132,0.0,-0.002846897458113074,-0.004518510420216664,0.05132464902720277,0.007463880130941147,-0.009762272971748287
2012-06-21,8.2,0.0,-0.009910883899454132,0.0,-0.01387324215832402,-0.011046386738313511,-0.04821315023190063,-0.025873020105866597,0.00756615738781242
2012-06-22,8.2,0.0,-0.009910883899454132,0.0,0.0076397125751953366,0.007182756289290478,0.048509223954620345,0.018409139974925458,0.03729821239105619
2012-06-25,8.2,0.0,-0.009910883899454132,0.0,-0.019655931703341015,-0.00945214896603832,-0.0203297862245436,-0.02740780003987668,-0.030412381253520283
2012-06-26,8.2,0.0,-0.009910883899454132,0.0,0.002205062723016414,0.024862205230015172,-0.046361898490064,0.005009070522610236,0.031923964668934816
2012-06-27,8.2,0.0,-0.009910883899454132,0.0,0.0043083127988811755,4.4298945523270575e-05,0.011011921941162526,0.004984264793408921,-0.026635354611937962
2012-06-28,8.2,0.0,-0.009910883899454132,0.0,-0.009532065763255503,-0.019287723343762983,-0.017358902003521456,-0.008655423929177312,-0.027364562023875015
2012-06-29,8.2,0.0,-0.009910883899454132,0.0,0.02593344866992437,0.031315042531347925,-0.0038278206039660027,0.02248050657926636,-0.008325531809582268
2012-07-02,8.2,0.0,-0.030335996609139264,0.0,0.014483363134598885,0.004238873901907135,-0.028855710077067734,-0.0009812487219745954,-0.010667451369222095
2012-07-03,8.2,0.0,-0.030335996609139264,0.0,0.011561201856363846,0.0009153279146398562,0.008515998440548728,0.006523387049576798,0.013877877168074725
2012-07-05,8.2,0.0,-0.030335996609139264,0.0,0.017414638435662266,-0.01081942917065013,0.01842034995416388,-0.0019527562538338918,0.008616583251972908
2012-07-06,8.2,0.0,-0.030335996609139264,0.0,-0.006678347826211071,-0.00889170973577669,-0.007714615126020742,-0.016751817145427787,0.008227865507210969
2012-07-09,8.2,0.0,-0.030335996609139264,0.0,0.013133785039888672,0.0,0.01600533471933223,-0.006313474660574106,0.013771706013761539
2012-07-10,8.2,0.0,-0.030335996609139264,0.0,-0.009295709408522293,-0.024970295174678594,-0.007010583407761316,-0.008704443228051265,-0.021999571520972577
2012-07-11,8.2,0.0,-0.030335996609139264,0.0,-0.006234426493141722,-0.00516140036632022,0.007645798636229165,-0.014905359784287,-0.01601566470523115
2012-07-12,8.2,0.0,-0.030335996609139264,0.0,-0.009191421440450355,-0.013879853042742954,0.037069994163987534,-0.023132272659890755,-0.005179749107880065
2012-07-13,8.2,0.0,-0.030335996609139264,0.0,0.010084301597584203,0.013971473552403066,0.04631133784330156,0.026199408407885216,-0.0029253723407026717
2012-07-16,8.2,0.0,-0.030335996609139264,0.0,0.003201967468245677,-0.010957792278126079,0.04872058528230453,0.0016999081661663608,-0.08382051392694835
2012-07-17,8.2,0.0,-0.030335996609139264,0.0,4.9235958195455874e-05,0.004250062293107569,-0.07534946232088477,0.0074447232630001844,-0.00567961759321342
2012-07-18,8.2,0.0,-0.030335996609139264,0.0,-0.0011208496143350769,0.0024861406212323455,-0.03664529366021236,0.026286683217211376,0.035668058363004705
2012-07-19,8.2,0.0,-0.030335996609139264,0.0,0.013206718053050898,0.0392260564759654,0.003725618978884363,0.007199385521001182,-0.0037860185140310303
2012-07-20,8.2,0.0,-0.030335996609139264,0.0,-0.016444808992474545,0.009329816752958875,-0.014986263422599408,-0.018096109108411848,-0.00831027270247968
2012-07-23,8.2,0.0,-0.030335996609139264,0.0,-0.00077842595451914,-0.010037532627288724,-0.03619280164072461,-0.02828417965577567,-0.0003477617967042345
2012-07-24,8.2,0.0,-0.030335996609139264,0.0,-0.004830588229783952,-0.013228072771154675,-0.027109204939788197,-0.004450189812742357,-0.010489693745922865
2012-07-25,8.2,0.0,-0.030335996609139264,0.0,-0.044143865738497254,-0.0272234276527592,-0.03027944780430151,-0.011038268903411762,0.03080374078469349
2012-07-26,8.2,0.0,-0.030335996609139264,0.0,-0.00015659413442347753,0.013545236666434167,-0.028733757923882056,0.011381282448853527,-0.08868600490691357
2012-07-27,8.2,0.0,-0.030335996609139264,0.0,0.01772394440850188,0.07573648128158633,0.04789257985148098,0.020367538869199932,-0.12436901065019594
2012-07-30,8.2,0.0,-0.030335996609139264,0.0,0.016726665052109718,-0.005196399587768268,-0.07601263901730035,-0.0040403908147100326,-0.023901939776564747
2012-07-31,8.2,0.0,-0.030335996609139264,0.0,0.026091940743092432,-0.011887880833637897,0.0025562867318181326,-0.005752407017708825,-0.06422186101421516
2012-08-01,8.1,0.0,0.00818000471193069,0.0,-0.006488418926817903,-0.005199964061006558,-0.04360665744624044,-0.002037584008964947,-0.03898133681571052
2012-08-02,8.1,0.0,0.00818000471193069,0.0,0.0016132926953862944,-0.0055303775495049255,-0.005730669228098182,-0.007508656348338392,-0.04106141513043061
2012-08-03,8.1,0.0,0.00818000471193069,0.0,0.012930850119395718,0.01786300123416637,0.04385185449130912,0.019002616852665424,0.05106853843359835
2012-08-06,8.1,0.0,0.00818000471193069,0.0,0.011063983901725995,-0.004179448805791488,0.036014194920133524,0.006700163981875182,0.03860067421124686
2012-08-07,8.1,0.0,0.00818000471193069,0.0,-0.0026378595888403656,0.01092349477443641,0.06769492559835008,0.010297479865750319,-0.05630015202415094
2012-08-08,8.1,0.0,0.00818000471193069,0.0,-0.0016922386767758573,-0.009258163237520094,-0.03910201376833732,0.0023110610343259554,0.0
2012-08-09,8.1,0.0,0.00818000471193069,0.0,0.005686693706008267,-0.0013662194980755093,0.010940648727755646,0.0055889591625088945,0.013899313618883687
2012-08-10,8.1,0.0,0.00818000471193069,0.0,0.0015615275542549738,-0.005612598846381218,0.01786047501354472,-0.0026259883794092116,0.037369923687827905
2012-08-13,8.1,0.0,0.00818000471193069,0.0,0.013262056418959818,-0.0013327948802829938,0.04026072203053106,-0.0009871319886863256,-0.009675159266688627
2012-08-14,8.1,0.0,0.00818000471193069,0.0,0.002679042065574663,0.003221477492622297,-0.05778156303156204,-0.0019892921695330817,-0.0581394751935469
2012-08-15,8.1,0.0,0.00818000471193069,0.0,-0.0013623080033069554,0.01797716666783767,-0.0006798699838821738,0.0023204564684573066,0.03944718769753893
2012-08-16,8.1,0.0,0.00818000471193069,0.0,0.00869674271501736,0.0172457703793794,0.03015300926562662,0.0190233641120362,-0.06479007400384956
2012-08-17,8.1,0.0,0.00818000471193069,0.0,0.018327151880917027,-0.0015744163765352042,-0.009616829433316739,0.003891173515603419,-0.04214408987492881
2012-08-20,8.1,0.0,0.00818000471193069,0.0,0.025952396807028256,-0.0034059150591216367,-0.016801874870331312,-0.005191499326062255,0.049165297555636776
2012-08-21,8.1,0.0,0.00818000471193069,0.0,-0.013760316689953981,-0.0037515739476454498,-0.01364705214435833,0.001949699447925757,-0.04340728725541449
2012-08-22,8.1,0.0,0.00818000471193069,0.0,0.01933743222610693,0.015128245309684579,0.02844755864101071,-0.008477126935119489,0.014507866085984438
2012-08-23,8.1,0.0,0.00818000471193069,0.0,-0.00937315228859671,-0.00784635970632075,0.02571001114998158,-0.009210766258163193,0.0
2012-08-24,8.1,0.0,0.00818000471193069,0.0,0.0008906954123160698,0.01864754257594954,-0.0408490550615844,0.009865241309486652,-0.001544285849209101
2012-08-27,8.1,0.0,0.00818000471193069,0.0,0.018612102149703668,-0.007433731410718927,-0.040822186467396715,0.004244929344566039,-0.013485832101490465
2012-08-28,8.1,0.0,0.00818000471193069,0.0,-0.0013027978544154972,0.008938282127785753,0.012980548234436642,-0.0019569291862194193,0.009872766301491137
2012-08-29,8.1,0.0,0.00818000471193069,0.0,-0.00197292812969799,0.004095451347938841,-0.00980759905800893,0.0006531005225274774,-0.012487017587676176
2012-08-30,8.1,0.0,0.00818000471193069,0.0,-0.014357689109449437,-0.0036486096038739193,0.0,-0.010825666561705378,-0.0005238929107168814
2012-08-31,8.1,0.0,0.00818000471193069,0.0,0.0020620868993625643,0.008291415422314046,0.003864182720666709,0.016356792582221946,-0.05546489526758862
2012-09-04,7.8,0.0,-0.014359221077888876,0.0,0.014520089566482094,-0.0015720877036050481,-0.01341333018845623,-0.014050702097312427,-0.018441547130550982
2012-09-05,7.8,0.0,-0.014359221077888876,0.0,-0.007047243388243409,-0.006719327718709024,-0.007132562854024213,0.0,0.0468275261770863
2012-09-06,7.8,0.0,-0.014359221077888876,0.0,0.00897123167795751,0.02074032323652157,0.02159722026827082,0.03110098582069154,0.020245849877459674
2012-09-07,7.8,0.0,-0.014359221077888876,0.0,0.006147593883441592,0.030402681204043523,0.027635955234116615,-0.012841246194731095,0.001054082254192497
2012-09-10,7.8,0.0,-0.014359221077888876,0.0,-0.02635703854290648,-0.007942235225280392,-0.06984499615377983,-0.0074591873946580605,-0.008997052841362941
2012-09-11,7.8,0.0,-0.014359221077888876,0.0,-0.0032494133048065186,-0.005538675557864947,0.015588145790737818,0.0022760967402455966,0.032429670149026535
2012-09-12,7.8,0.0,-0.014359221077888876,0.0,0.01383066914073731,-0.00015645257800968012,0.017118794584956413,-0.00032489532929712035,0.07436541156878716
2012-09-13,7.8,0.0,-0.014359221077888876,0.0,0.01950162612313217,0.01787321285117467,0.04155725657788076,0.005184925575734978,-0.01056702243335782
2012-09-14,7.8,0.0,-0.014359221077888876,0.0,0.012079097365755732,0.003950097711233409,0.030401728182124516,0.008688587986479292,0.060425927560902905
2012-09-17,7.8,0.0,-0.014359221077888876,0.0,0.012221010146637512,-0.012594830975696919,0.06835632119999167,0.0,-0.02205974047768137
2012-09-18,7.8,0.0,-0.014359221077888876,0.0,0.0030392436208509324,0.002902789229258546,-0.0375748345639943,-0.0009614141092690791,0.016133011456830493
2012-09-19,7.8,0.0,-0.014359221077888876,0.0,0.00027076071000969236,0.011260010661330628,-0.009296328732295698,-0.004178618701696249,0.06290832751892692
2012-09-20,7.8,0.0,-0.014359221077888876,0.0,-0.004854162783653188,-0.0033302063524322037,-0.00484262000285356,0.012800538407879796,-0.03051675363556287
2012-09-21,7.8,0.0,-0.014359221077888876,0.0,0.001987394595051487,-0.012888950501210413,-0.02889249733865251,-0.008301807028710965,0.011881450505251905
2012-09-24,7.8,0.0,-0.014359221077888876,0.0,-0.013373377037643594,-0.010424292654865762,0.02109517079772124,-0.013232212130417776,-0.09491665332860501
2012-09-25,7.8,0.0,-0.014359221077888876,0.0,-0.02528835561790758,-0.009226073924005132,-0.10297151317559641,-0.01275175364225087,-0.02483693080663838
2012-09-26,7.8,0.0,-0.014359221077888876,0.0,-0.012489539696769431,-0.01111282380537999,-0.004347841809237617,-0.007265432557641185,0.016626305014397425
2012-09-27,7.8,0.0,-0.014359221077888876,0.0,0.023974091738454616,0.027339487719357573,0.033913498505018895,-0.00033141410837712903,-0.014656071876175243
2012-09-28,7.8,0.0,-0.014359221077888876,0.0,-0.02109175269560997,-0.008886210318986391,0.02735172722402077,-0.013351150818341739,0.06386175041465326
2012-10-01,7.8,0.0,-0.05521572260244668,1.0,-0.011624857342128828,-0.009124507662843732,-0.004106790246155341,-0.0091139385177296,0.015120661429610228
2012-10-02,7.8,0.0,-0.05521572260244668,1.0,0.002907419787069322,-0.005610756589733568,0.021710669841971467,0.0057477477153531145,0.012652624534579134
2012-10-03,7.8,0.0,-0.05521572260244668,1.0,0.015217082968254707,0.021006837524020258,-0.016921224204770807,0.006720686738318637,-0.019955441984546757
2012-10-04,7.8,0.0,-0.05521572260244668,1.0,-0.006949677689274303,0.01762286671643012,0.0034073380862796724,0.005677128348711857,0.00548226005376004
2012-10-05,7.8,0.0,-0.05521572260244668,1.0,-0.02154075812806244,-0.007553353964325751,-0.017499179824391066,-0.006012144343837763,-0.04853962448908972
2012-10-08,7.8,0.0,-0.05521572260244668,1.0,-0.022344499717001216,0.002125328976229273,0.012384084148066986,-0.0023478571303805103,-0.024692899880611636
2012-10-09,7.8,0.0,-0.05521572260244668,1.0,-0.003642194878310492,-0.0317661097680032,-0.03054753402798235,-0.01693214764595475,-0.00836815860674415
2012-10-10,7.8,0.0,-0.05521572260244668,1.0,0.007926496150343597,-0.0240761748279804,0.001056882941589005,-0.010298899583819673,-0.029598313611525935
2012-10-11,7.8,0.0,-0.05521572260244668,1.0,-0.020189711560959073,-0.0031479211640868766,-0.0028206721576511736,-0.0010355986479822067,0.005585127364996503
2012-10-12,7.8,0.0,-0.05521572260244668,1.0,0.0025598962905185665,-0.007645268047937509,-0.0243041039880435,0.00859840821736901,-0.01171378191522289
2012-10-15,7.8,0.0,-0.05521572260244668,1.0,0.00798798354630915,0.007481401650390766,-0.01127915630318098,0.010560283609376178,0.0
2012-10-16,7.8,0.0,-0.05521572260244668,1.0,0.02340211403832969,-0.0009833717357823988,0.026360227974137975,-0.0006776072771539419,-0.0020514574854267266
2012-10-17,7.8,0.0,-0.05521572260244668,1.0,-0.00800404105423342,0.014447942837810408,0.026724151277152833,0.003385237482827777,0.02032587799617948
2012-10-18,7.8,0.0,-0.05521572260244668,1.0,-0.01874362700094266,-0.010724396271677985,-0.027437494594392358,-0.0030465390630435396,-0.04632850219535056
2012-10-19,7.8,0.0,-0.05521572260244668,1.0,-0.03670485614218312,-0.02000687973390517,-0.010756638727857256,-0.02958586055743801,0.0010533770329422584
2012-10-22,7.8,0.0,-0.05521572260244668,1.0,0.03889934591766664,-0.0262584100664901,0.003957907883581119,-0.022599728548488365,0.01670176813365868
2012-10-23,7.8,0.0,-0.05521572260244668,1.0,-0.03314402240878083,0.002264501232283743,0.01920400732302092,0.0017839478735389234,0.009273733834918202
2012-10-24,7.8,0.0,-0.05521572260244668,1.0,0.005641755468913883,-0.02515252807092714,-0.03476452924755386,-0.005362107264247305,0.17502997923734478
2012-10-25,7.8,0.0,-0.05521572260244668,1.0,-0.011889584870276148,-0.024679531949476516,0.0036405304940293065,-0.0007167234745038885,-0.02926596862483993
2012-10-26,7.8,0.0,-0.05521572260244668,1.0,-0.009130334098126218,0.06646558946960786,-0.005100540154816386,0.011766953607442326,-0.027867099246838896
2012-10-31,7.8,0.0,-0.05521572260244668,1.0,-0.014474950101445864,-0.022712323871886694,0.027023782094788333,0.011630185226912112,-0.038564530065326334
2012-11-01,7.7,0.0,-0.015401844611506703,0.0,0.002047024561653564,-0.0032255519083767155,0.03904317921317837,0.033761279785081054,0.004725855196194798
2012-11-02,7.7,0.0,-0.015401844611506703,0.0,-0.03365036213174536,0.0012054365656819011,-0.011346214690530886,-0.000677946648296739,-0.0014153222374306826
2012-11-05,7.7,0.0,-0.015401844611506703,0.0,0.013466348667006038,0.008184297641075332,0.08545411697800169,0.004397528946634493,0.0032995190209266496
2012-11-06,7.7,0.0,-0.015401844611506703,0.0,-0.003032195643230797,0.013689842602820388,-0.011173060776351417,0.0077322070872532025,-0.003771950467465747
2012-11-07,7.7,0.0,-0.015401844611506703,0.0,-0.03901397672257487,-0.023424313025895514,0.012442344782828262,-0.026469045142654645,-0.033624597686206514
2012-11-08,7.7,0.0,-0.015401844611506703,0.0,-0.03696463448851299,-0.020505224843047527,-0.007319426054053462,-0.00932813697913013,-0.023728181915357995
2012-11-09,7.7,0.0,-0.015401844611506703,0.0,0.01716412592479677,-0.004584943400449864,-0.03212997279355738,0.00069367848650326,-0.03980112687871582
2012-11-12,7.7,0.0,-0.015401844611506703,0.0,-0.0077622320248320435,0.0007066938045409471,0.024435143839080225,-0.02138517695846319,0.04379509747685399
2012-11-13,7.7,0.0,-0.015401844611506703,0.0,0.00012866732429614767,0.0005738843386554067,0.01723081247222024,-0.03268308426128428,-0.010518485527025584
2012-11-14,7.7,0.0,-0.015401844611506703,0.0,-0.011150226044506838,-0.016238807364600615,-0.007302590936865593,-0.009271022430491545,0.11856605633436242
2012-11-15,7.7,0.0,-0.015401844611506703,0.0,-0.02119606766800921,-0.010596451885425068,-0.018006760773269518,-0.006729140447124617,-0.00853379047417388
2012-11-16,7.7,0.0,-0.015401844611506703,0.0,0.003911296794576164,0.020771051544571227,0.032559562790459434,-0.005264923184006455,0.06081043003345791
2012-11-19,7.7,0.0,-0.015401844611506703,0.0,0.06962736783317924,0.0196955388660681,0.03335702070118294,0.007887293350701496,-0.027540413253901976
2012-11-20,7.7,0.0,-0.015401844611506703,0.0,-0.008556616091361817,0.017562840254780773,0.0024270094706987434,-0.0007487761955184692,0.007822723284903242
2012-11-21,7.7,0.0,-0.015401844611506703,0.0,0.0014074358557077413,0.01801618171797666,-0.016190893346740357,0.008945520150532797,0.05146636278595886
2012-11-23,7.7,0.0,-0.015401844611506703,0.0,0.017296715352310522,0.007742139564583424,-0.010526535365885423,0.027448859779421794,-0.013245241504643717
2012-11-26,7.7,0.0,-0.015401844611506703,0.0,0.03106090994567391,0.01547077967101074,0.004347740220899892,-0.011254306093449249,0.07773249724692136
2012-11-27,7.7,0.0,-0.015401844611506703,0.0,-0.008089979621061139,-0.0009034274066274265,-0.003725618978884386,-0.011382408571085969,0.008062996461315407
2012-11-28,7.7,0.0,-0.015401844611506703,0.0,-0.003151025131908383,0.015127412706025044,0.03304064942460507,0.010286378718740923,0.007998431278113704
2012-11-29,7.7,0.0,-0.015401844611506703,0.0,0.010952255777053338,0.016694490851927302,0.013748155252516416,-0.015098523833627546,0.0357713628656932
2012-11-30,7.7,0.0,-0.015401844611506703,0.0,-0.006946582283817734,0.00309938712130603,0.0038514303403013755,-0.012320270633252393,0.02458541485993612
2012-12-03,7.9,0.0,0.026259714583555728,0.0,0.0015535945423328736,-0.006847392281647849,0.02337907707510119,-0.007163635304262569,-0.03488708472450221
2012-12-04,7.9,0.0,0.026259714583555728,0.0,-0.017796843700301226,0.008591580506672459,-0.021016577596203206,-0.002272566763772797,0.015413049543647951
2012-12-05,7.9,0.0,0.026259714583555728,0.0,-0.06652062605489716,0.005805104970515614,-0.005620607096481869,0.011312251266255083,0.009062998122446472
2012-12-06,7.9,0.0,0.026259714583555728,0.0,0.015561146249620622,-0.0023259039318711365,0.005620607096481878,0.0022474774800183934,-0.027068204180737316
2012-12-07,7.9,0.0,0.026259714583555728,0.0,-0.025896992391926624,-0.00039476666268151953,0.007933107035336272,-0.010152497699720387,0.01909709590144147
2012-12-10,7.9,0.0,0.026259714583555728,0.0,-0.006453127772537413,-0.021955186368298095,0.011638279631000217,0.017977891549167218,0.012651464315692092
2012-12-11,7.9,0.0,0.026259714583555728,0.0,0.021602547204631957,0.011716212060317076,0.02032983349469973,0.014006977950521828,0.0050162852933316225
2012-12-12,7.9,0.0,0.026259714583555728,0.0,-0.004424376273547824,0.004259150598746085,-0.0005669116320803506,-0.002932751873706479,-0.014399215246999959
2012-12-13,7.9,0.0,0.026259714583555728,0.0,-0.01742357437883047,-0.002027817020169935,-0.04792548145675127,-0.004783199407143279,0.023648556796277
2012-12-14,7.9,0.0,0.026259714583555728,0.0,-0.038292697999709024,-0.008232776570312208,0.005932756633417434,-0.011128152123420602,-0.05196452113554116
2012-12-17,7.9,0.0,0.026259714583555728,0.0,0.01757662171002078,0.01856723853456612,0.017299848525518025,0.010758643058959447,-0.002240382598040688
2012-12-18,7.9,0.0,0.026259714583555728,0.0,0.028632544496830475,0.02543602415537417,0.005508178069957799,0.01683185599016279,0.035258920854576985
2012-12-19,7.9,0.0,0.026259714583555728,0.0,-0.014318368155436715,-0.009298129292679005,0.0005778894853931461,-0.009112541382434561,-0.010885538230874528
2012-12-20,7.9,0.0,0.026259714583555728,0.0,-0.008739883943418918,0.013513452716990384,-0.005214417631565127,0.013457175217097796,-0.0018257975665895204
2012-12-21,7.9,0.0,0.026259714583555728,0.0,-0.004610755227965513,-0.01766953850238034,-0.012567469533019796,-0.008343814540751487,-0.04103513077034826
2012-12-24,7.9,0.0,0.026259714583555728,0.0,0.0016163809552724243,0.0065950535726020075,0.008201289275551457,-0.014309792624937912,0.025193977086624214
2012-12-26,7.9,0.0,0.026259714583555728,0.0,-0.013879901491835094,-0.03939390142544174,-0.020333695540616908,-0.007418227471845928,-0.015719074926830445
2012-12-27,7.9,0.0,0.026259714583555728,0.0,0.004007874898603095,-0.0012879421913216365,0.0029728638239602846,0.003715771878869836,-0.017504135106674795
2012-12-28,7.9,0.0,0.026259714583555728,0.0,-0.010677177062829293,-0.01268532001789631,-0.014048788700106184,-0.015324354195743127,-0.0053887146134697595
2012-12-31,7.9,0.0,0.026259714583555728,0.0,0.043356392227058164,0.022942252063315467,0.019377329568194743,0.006008239479406423,0.027033814379551956
2013-01-02,8.0,0.0,0.02136833440569902,0.0,0.031189982250849808,0.025346746242038507,0.04305145176462114,0.033502263102632684,0.0505416368070189
2013-01-03,8.0,0.0,0.02136833440569902,0.0,-0.012702628484475597,0.004536686328927499,-0.01682609322381007,-0.01348660585231825,-0.008248187669381023
2013-01-04,8.0,0.0,0.02136833440569902,0.0,-0.028250016810011262,0.0025887749767322323,-0.010698537358560408,-0.018892970004073376,0.03502925608463585
2013-01-07,8.0,0.0,0.02136833440569902,0.0,-0.005899613989405256,0.035294872104506665,-0.0017456866282123164,-0.0018717571253248615,0.022689132429045814
2013-01-08,8.0,0.0,0.02136833440569902,0.0,0.0026875976248182877,-0.0077780729651711275,-0.01940673430779464,-0.00525916960032266,-0.012312120303035022
2013-01-09,8.0,0.0,0.02136833440569902,0.0,-0.015752413087699084,-0.00011263714685478202,-0.0011880556661983295,0.005633997429875564,0.051310648668770685
2013-01-10,8.0,0.0,0.02136833440569902,0.0,0.0123202810003728,-0.0037992045158067585,-0.003275569714600737,-0.00902947945467114,0.0229448741728607
2013-01-11,8.0,0.0,0.02136833440569902,0.0,-0.006150604289991285,0.009751060757262054,-0.018663830517649232,0.013886040992375443,0.013329336279165653
2013-01-14,8.0,0.0,0.02136833440569902,0.0,-0.03630348733115844,0.017719222899856245,0.010578793221507335,0.0022343557625871314,-0.024574373179588074
2013-01-15,8.0,0.0,0.02136833440569902,0.0,-0.03205839726141576,-0.0030479498174757935,0.019059651381807832,0.011829914383436013,-0.027847963977363013
2013-01-16,8.0,0.0,0.02136833440569902,0.0,0.04067076919731285,-0.010983261640441905,0.005882259458203881,-0.006266957103398055,-0.008340240987093074
2013-01-17,8.0,0.0,0.02136833440569902,0.0,-0.006760734905444873,0.005747061170978341,0.008177754463011996,0.00773602471951591,0.009668311801519095
2013-01-18,8.0,0.0,0.02136833440569902,0.0,-0.0053456791836152635,0.006044970741043544,0.004063675814546382,0.0,-0.016053874422539024
2013-01-22,8.0,0.0,0.02136833440569902,0.0,0.009494599204581067,-0.007117759652806907,0.019223232731628077,-0.003676504473204649,0.03544003563627934
2013-01-23,8.0,0.0,0.02136833440569902,0.0,0.01814006913530551,-0.00772800710477371,0.022757045558541782,0.01680094227197105,0.0029245467093779614
2013-01-24,8.0,0.0,0.02136833440569902,0.0,-0.13188468011082422,0.019758008638369587,0.02712866013707956,0.0007241188872194473,0.008400665625391043
2013-01-25,8.0,0.0,0.02136833440569902,0.0,-0.023855997928071894,0.03778364875148509,-0.0002705536939395585,0.009007562582769149,0.014692079214711056
2013-01-28,8.0,0.0,0.02136833440569902,0.0,0.022367638950033554,-0.028393246114923203,0.027998073552351517,0.0010755981343264116,0.029059927169413823
2013-01-29,8.0,0.0,0.02136833440569902,0.0,0.018588957015578812,-0.05851891232101578,-0.0021056656547828695,0.003576400005563997,-0.05312652926919771
2013-01-30,8.0,0.0,0.02136833440569902,0.0,-0.0031471722188524914,0.04656537977968899,-0.011395502346822562,-0.005728754431386922,0.01450932782150461
2013-01-31,8.0,0.0,0.02136833440569902,0.0,-0.002937875369751166,-0.026977441581677877,-0.00026625473127643405,-0.014466657293322548,-0.008357460109663041
2013-02-01,7.7,0.0,0.025053502445550078,0.0,-0.0041136575171875685,-0.001884985959821617,0.020842047435932345,0.01733517942024249,-0.041185253475384306
2013-02-04,7.7,0.0,0.025053502445550078,0.0,-0.02522630304485297,-0.01912515211319708,-0.014729230063186317,-0.017699677486392285,-0.056031169421704975
2013-02-05,7.7,0.0,0.025053502445550078,0.0,0.034486351521518264,0.02623188374616175,0.01028084280125878,0.002184219595783943,0.01867888766625406
2013-02-06,7.7,0.0,0.025053502445550078,0.0,-0.0010711278276630903,-0.017652706892667982,0.02690958356692115,-0.0058351339510315245,0.014214052967521705
2013-02-07,7.7,0.0,0.025053502445550078,0.0,0.029300340328702327,-0.007617967809151701,0.00788322377438158,-0.002197016119057947,-0.01386488862135102
2013-02-08,7.7,0.0,0.025053502445550078,0.0,0.014334657940540183,0.006587751286707546,-0.006097592333884738,0.009848911633993158,-0.0034966705111302144
2013-02-11,7.7,0.0,0.025053502445550078,0.0,0.010367573880406277,-0.018260736244926655,-0.021118606450012654,0.011189307192554596,-0.01020944760319333
2013-02-12,7.7,0.0,0.025053502445550078,0.0,-0.025385708736744433,0.0057762236732445,-0.013890770095010819,0.0007176232987263281,-0.031999779023623665
2013-02-13,7.7,0.0,0.025053502445550078,0.0,-0.0019038549870242418,0.04078796395257101,0.014671345286124442,0.005365779771449486,0.019537380025598294
2013-02-14,7.7,0.0,0.025053502445550078,0.0,-0.0008999976328678773,-0.0008539183767494366,-0.004692429956257484,0.0003564877433251499,0.020919151691430934
2013-02-15,7.7,0.0,0.025053502445550078,0.0,-0.01387660059372248,-0.015533746883196278,-0.03266790159300274,-0.0010702693748843024,-0.006335952205277947
2013-02-19,7.7,0.0,0.025053502445550078,0.0,-0.0003693690917054253,0.017426197954828675,0.05871731990555487,0.00967219026960394,0.021310953399650945
2013-02-20,7.7,0.0,0.025053502445550078,0.0,-0.024516188222129955,-0.012459114715553452,-0.01901900471776333,-0.006437890436201818,-0.016379480354986337
2013-02-21,7.7,0.0,0.025053502445550078,0.0,-0.006235174803158099,-0.001765789299646144,-0.09178744707231846,-0.013728354107172188,-0.04234591765342734
2013-02-22,7.7,0.0,0.025053502445550078,0.0,0.010592616106596056,-0.0019572441542501685,0.02666053817111362,0.009773813178961966,-0.0055136463055958365
2013-02-25,7.7,0.0,0.025053502445550078,0.0,-0.017927786674054126,-0.02113198292599414,-0.049094630027176456,-0.014148659788072759,0.0051470846592106805
2013-02-26,7.7,0.0,0.025053502445550078,0.0,0.013837984940531518,-0.001964397427503926,0.0014530682337099664,0.0,0.004390808730945029
2013-02-27,7.7,0.0,0.025053502445550078,0.0,-0.009848636107569943,0.014887090238741645,0.019273001470505594,0.015948248386131868,-0.019167491848772502
2013-02-28,7.7,0.0,0.025053502445550078,0.0,-0.007156194527814924,0.003867129526355725,-0.007721997914179563,-0.000359624782345543,0.014042944845126736
2013-03-01,7.5,0.0,0.0,0.0,-0.025073780634492174,0.005547055247368278,-0.005181395012707969,0.005381092361940417,0.019262885744925056
2013-03-04,7.5,0.0,0.0,0.0,-0.02450387391311206,0.027356309833933418,0.026485972527329968,0.007130292480788101,-0.0021621393394266
2013-03-05,7.5,0.0,0.0,0.0,0.026059070409853786,0.009039579961338898,0.02962958189966836,0.007079561466581989,-0.007241151479349187
2013-03-06,7.5,0.0,0.0,0.0,-0.012791822303873693,-0.006552875975793251,0.027981661043304986,-0.009213391576014517,-0.002546887173255026
2013-03-07,7.5,0.0,0.0,0.0,0.011492141080882966,0.00032869349231036296,0.014225744127449745,0.0017786335750050847,0.04034097617163706
2013-03-08,7.5,0.0,0.0,0.0,0.0026438532232246417,0.0011312474685721211,0.006258180995387023,-0.004987814013738172,-0.02193221977362044
2013-03-11,7.5,0.0,0.0,0.0,0.014145317714640237,-0.010817261482041911,0.01624376943783952,-0.00465379718206601,0.006417201020701452
2013-03-12,7.5,0.0,0.0,0.0,-0.02179489132628175,0.010598392254487573,0.0005112496287386591,0.0014345383519396434,-0.011077491784492233
2013-03-13,7.5,0.0,0.0,0.0,-0.00018687534223259914,0.0035322259283076833,-0.003585074209640354,0.0003579541139360471,-0.027319178253081187
2013-03-14,7.5,0.0,0.0,0.0,0.009641962795260717,-0.03461631148111507,-0.05619305380832888,0.00784911872992826,-0.0014780385146481582
2013-03-15,7.5,0.0,0.0,0.0,0.02547594118476638,-0.01486115032285162,-0.043255913489199674,-0.003560015594946907,-0.014528226793815532
2013-03-18,7.5,0.0,0.0,0.0,0.026820230722234155,-0.015124094188523403,-0.003975340488566919,0.0021372947348888157,-0.0060218536724371005
2013-03-19,7.5,0.0,0.0,0.0,-0.0027024632812863453,-0.0057553652523780795,-0.0019932044572165803,0.0028428343650932983,0.0022623472371392514
2013-03-20,7.5,0.0,0.0,0.0,-0.005317068939931032,0.003387255894394084,0.024497950692455743,0.004955700209423323,-0.026332233232740646
2013-03-21,7.5,0.0,0.0,0.0,0.001436947714772768,-0.01523517939024263,0.0016675718077539543,-0.007442916361336755,-0.004651194568025981
2013-03-22,7.5,0.0,0.0,0.0,0.02007403732284691,0.01706027658731737,0.01679762886874991,0.0049683449253333,-0.00038872102980957134
2013-03-25,7.5,0.0,0.0,0.0,0.0036089482236774354,-0.006734569681111177,0.024546225060202712,-0.003190975329381872,-0.023595245573172587
2013-03-26,7.5,0.0,0.0,0.0,-0.005277349127347376,0.01661769533313782,0.00875446731975736,0.0,0.0031783551745930795
2013-03-27,7.5,0.0,0.0,0.0,-0.019842584133949688,0.01898805327643832,0.007892693521283096,0.007429665108390927,0.034311582175118746
2013-03-28,7.5,0.0,0.0,0.0,-0.021057086791021196,0.004475438722597842,-0.007100577250571079,0.008424105304435917,-0.019741458394613203
2013-04-01,7.6,0.0,-0.05509868087693796,1.0,-0.03155507261376497,-0.018481907426189808,0.14791036109671532,0.0,-0.001956392963713215
2013-04-02,7.6,0.0,-0.05509868087693796,1.0,0.0020497902090127573,0.006515232092620059,0.00928963932648684,0.006618826629104977,-0.004318068839465647
2013-04-03,7.6,0.0,-0.05509868087693796,1.0,0.0051052599429294255,-0.016426170019588543,-0.07587910953199802,-0.008368215936480183,0.03212966949092942
2013-04-04,7.6,0.0,-0.05509868087693796,1.0,-0.00993309205952348,0.00019305043528324448,0.021899696178275894,0.0014001521815527557,0.030760068112386983
2013-04-05,7.6,0.0,-0.05509868087693796,1.0,-0.010624259336628654,-0.013992788997167417,-0.015351878032460664,0.0034900188932950812,0.011751963261881054
2013-04-08,7.6,0.0,-0.05509868087693796,1.0,0.007087435748709878,0.013490868714485859,0.011057948795987212,-0.003840120773381665,-0.019912156909345047
2013-04-09,7.6,0.0,-0.05509868087693796,1.0,0.001805011402596557,0.008421663702911121,-0.032311900151425786,0.035055189292396205,-0.009730580885395348
2013-04-10,7.6,0.0,-0.05509868087693796,1.0,0.02019354293823934,0.013804823256586909,0.03302886512909892,0.022375289087332478,0.036193047523905744
2013-04-11,7.6,0.0,-0.05509868087693796,1.0,-0.0031263010284617028,0.019004774175746614,0.04049687456160454,-0.04526271275092829,0.016190276158311187
2013-04-12,7.6,0.0,-0.05509868087693796,1.0,-0.010484661513079585,0.01112924365668766,0.0036639903311358815,-0.005196614766864592,-0.022375559764267788
2013-04-15,7.6,0.0,-0.05509868087693796,1.0,-0.023422166777767366,-0.019053881045114716,-0.010338966751311076,-0.0034795008252256733,-0.03264391982117728
2013-04-16,7.6,0.0,-0.05509868087693796,1.0,0.01510491712676199,0.01710962394808289,0.051535564084283086,0.009711977764470038,0.014970392126667247
2013-04-17,7.6,0.0,-0.05509868087693796,1.0,-0.05656250872047824,-0.018305602134173975,-0.0030755079467721137,-0.00484399401393873,-0.010831058158417098
2013-04-18,7.6,0.0,-0.05509868087693796,1.0,-0.02705049696237187,-0.03029730795876459,0.03289621840319049,-0.0013884829253054988,-0.03593656136380063
2013-04-19,7.6,0.0,-0.05509868087693796,1.0,-0.0038845597275031,0.003463279494992381,0.018144151130430667,0.0334728898130804,0.0015556486495744328
2013-04-22,7.6,0.0,-0.05509868087693796,1.0,0.02062901422588917,0.01233145828753592,0.04816260984116886,0.03498734677323652,0.009284521329543162
2013-04-23,7.6,0.0,-0.05509868087693796,1.0,0.018539410691800685,0.020096454644655336,0.01620598532315274,-0.007488527709584525,0.0003849813510692018
2013-04-24,7.6,0.0,-0.05509868087693796,1.0,-0.0016511239003777739,-0.00044632980681967344,-0.0114355431944305,0.037207849611208,0.004991316945055141
2013-04-25,7.6,0.0,-0.05509868087693796,1.0,0.007175931475113247,0.021786357335119685,0.03065756384127938,0.005651371318059519,0.0011483129797002702
2013-04-26,7.6,0.0,-0.05509868087693796,1.0,0.02136749625359404,-0.07516136337835437,-0.015504379964503566,-0.004707589385621692,0.026799182929231762
2013-04-29,7.6,0.0,-0.05509868087693796,1.0,0.030498566256835512,-0.020097790769472653,0.07050236495837457,0.025467296381721894,0.004830119543609374
2013-04-30,7.6,0.0,-0.05509868087693796,1.0,0.029008751623137364,0.016165562090550912,-0.01744301660057886,0.014914500177931177,0.028860344036602047
2013-05-01,7.5,0.0,0.030045178431387994,0.0,-0.00791327539785039,-0.02223024215966731,-0.013237725799627547,-0.011546829556839945,-0.012318930881371879
2013-05-02,7.5,0.0,0.030045178431387994,0.0,0.01408217659558378,0.01725348179558664,0.01545786484789361,0.013357905343458236,0.05462338643403398
2013-05-03,7.5,0.0,0.030045178431387994,0.0,0.009961287321698188,0.021544160737287873,0.008098903591576135,0.009902496858353408,-0.023045662662354836
2013-05-06,7.5,0.0,0.030045178431387994,0.0,0.02356567297778331,-0.009070260831367118,0.0868585731120817,0.007733812677286879,-0.026486789832008355
2013-05-07,7.5,0.0,0.030045178431387994,0.0,-0.0044593482507887024,0.00782943755461778,-0.06941313171506462,-0.013123059946995858,-0.02497383360711783
2013-05-08,7.5,0.0,0.030045178431387994,0.0,0.011230265885094584,0.003679224613920798,0.005031285380053775,-0.009652983215287446,0.008517041794548479
2013-05-09,7.5,0.0,0.030045178431387994,0.0,-0.00876248090730439,0.005705077340573752,0.21829241013013823,-0.010053407618161009,-0.002954108300850699
2013-05-10,7.5,0.0,0.030045178431387994,0.0,-0.008353934666102741,0.013249782846477586,0.10079664889829446,0.000917858520353155,-0.013403168686645553
2013-05-13,7.5,0.0,0.030045178431387994,0.0,0.0038998735888197025,0.0033324278980397387,0.13437784970843222,0.01034701222028397,0.005233599638249804
2013-05-14,7.5,0.0,0.030045178431387994,0.0,-0.024216742612566403,0.014338507293712395,-0.05333348439649108,0.022012531233269073,0.009278196170769607
2013-05-15,7.5,0.0,0.030045178431387994,0.0,-0.03440224109076609,-0.006618209006558179,0.019039195300193993,0.009497978797133847,-0.017514695863728013
2013-05-16,7.5,0.0,0.030045178431387994,0.0,0.013273047308317005,-0.009195793961970818,0.08373514445080313,0.0067719981598481005,-0.017827305211267006
2013-05-17,7.5,0.0,0.030045178431387994,0.0,-0.003042101221066827,0.021647941375303893,-0.008163341780065593,0.02291595225740967,0.004581932962608083
2013-05-20,7.5,0.0,0.030045178431387994,0.0,0.022073860381851038,-0.008446063705273284,-0.017196206479053254,0.006004458096743681,-0.018843029495191704
2013-05-21,7.5,0.0,0.030045178431387994,0.0,-0.007410157274087413,0.004585338269398292,-0.026475961247062963,-0.006578183274469599,-0.003889574213214799
2013-05-22,7.5,0.0,0.030045178431387994,0.0,0.003836390830412375,-0.022188874740254917,-0.004003850211514047,-0.0069105000726217706,-0.019677862802184202
2013-05-23,7.5,0.0,0.030045178431387994,0.0,0.0017887618507783322,-0.004421046234954667,0.06102913201903386,-0.01337976870463845,-0.003982668586854724
2013-05-24,7.5,0.0,0.030045178431387994,0.0,0.006784601313058617,-0.0002292286669446575,0.04584332899082307,0.0035078276087833708,-0.030385143753455936
2013-05-28,7.5,0.0,0.030045178431387994,0.0,-0.008369374776830625,0.020982578256073952,0.12794040953224595,0.021648912801108196,-0.008675773669254722
2013-05-29,7.5,0.0,0.030045178431387994,0.0,0.007919618778342394,-0.006606405036446346,-0.053045508994681946,-0.004005940080194451,-0.032900605433003986
2013-05-30,7.5,0.0,0.030045178431387994,0.0,0.014790873499358917,0.004883962971550392,0.0030537805397507943,0.00429118365096981,0.05140065231722906
2013-05-31,7.5,0.0,0.030045178431387994,0.0,-0.004104941102036164,0.008842827947810024,-0.07096863180877032,-0.0037179518280798267,-0.008180150865126
2013-06-03,7.5,0.0,0.09280849467395566,1.0,0.0021986873264586777,-0.00865549172573931,-0.05433424623045171,0.019578123783209285,-0.020747564999768972
2013-06-04,7.5,0.0,0.09280849467395566,1.0,-0.003133102914348514,-0.004431267598892252,0.02401013043759963,-0.017002706149311524,-0.013933022236591472
2013-06-05,7.5,0.0,0.09280849467395566,1.0,-0.009391793924624308,0.00551728322013946,0.005572699196271041,-0.006019882610450511,-0.026714249516923146
2013-06-06,7.5,0.0,0.09280849467395566,1.0,-0.01505265860186999,0.0024673617037049046,0.020548664159700483,0.005162258530155406,0.0030519889408743926
2013-06-07,7.5,0.0,0.09280849467395566,1.0,0.0076112322841471935,0.033195605661824695,0.04705226644402661,0.02010517618137689,0.01383516532847919
2013-06-10,7.5,0.0,0.09280849467395566,1.0,-0.006631036363434112,0.015055669251787106,-0.019694890527272947,-0.005622615879884344,0.04368591969618736
2013-06-11,7.5,0.0,0.09280849467395566,1.0,-0.002943403561303796,-0.022632960298703715,-0.05738777109796435,-0.017921237803736337,-0.01240689191459291
2013-06-12,7.5,0.0,0.09280849467395566,1.0,-0.012440175589596255,-0.01138271312266039,0.033926248780119836,0.004581990590607163,-0.010878971110425814
2013-06-13,7.5,0.0,0.09280849467395566,1.0,0.008685314895502576,0.015051635999185553,0.004593913593257561,-0.008031588640555368,-0.0016841926576162056
2013-06-14,7.5,0.0,0.09280849467395566,1.0,-0.013648822990285076,-0.006548108197605763,0.021363275912987825,-0.009259824790049668,-0.004222851960581113
2013-06-17,7.5,0.0,0.09280849467395566,1.0,0.004523869965237047,0.01474529346354327,0.0187658942552664,0.01729141343060501,0.016369627168395552
2013-06-18,7.5,0.0,0.09280849467395566,1.0,-0.0005324294459094567,0.01321875690719595,0.011576633455572242,-0.0005715936213478956,0.007878948281843037
2013-06-19,7.5,0.0,0.09280849467395566,1.0,-0.02052108573913713,-0.012859178717406966,0.01239982687547746,-0.011212016100227417,0.004121972630876
2013-06-20,7.5,0.0,0.09280849467395566,1.0,-0.014669607896512928,-0.017114272806039152,-0.03925893647193869,-0.03231749090203298,-0.017009223979105228
2013-06-21,7.5,0.0,0.09280849467395566,1.0,-0.008045026908631082,-0.00029259035034523645,-0.010989110974938845,-0.006591168328895714,0.026018588591581068
2013-06-24,7.5,0.0,0.09280849467395566,1.0,-0.02686300919219949,-0.01011092357699874,0.01930019421936079,0.013435365214189643,-0.024346365676086276
2013-06-25,7.5,0.0,0.09280849467395566,1.0,0.00022357576290175162,0.005454180042599709,0.008926495804479042,-0.0014839043976229678,0.012866015464667998
2013-06-26,7.5,0.0,0.09280849467395566,1.0,-0.01139026639994797,0.019940272068775116,0.031907332890216085,0.019994708310532454,-0.0037183624027840034
2013-06-27,7.5,0.0,0.09280849467395566,1.0,-0.010835698999600263,-7.20856300632063e-05,0.032844694431412046,0.00782975805341008,0.02048413751114993
2013-06-28,7.5,0.0,0.09280849467395566,1.0,0.006959619423460422,0.0005042842626657888,-0.017451151855140838,-0.0023133479429819355,0.008881750897226965
2013-07-01,7.3,0.0,0.02473960617575575,0.0,0.03150123086838172,0.015756234392311146,0.08752357594979822,-0.005225330769406618,-0.0028173619485059387
2013-07-02,7.3,0.0,0.02473960617575575,0.0,0.022399880077198134,0.005761467673002256,0.005446914069103484,-0.01229866817991032,-0.016254048010670565
2013-07-03,7.3,0.0,0.02473960617575575,0.0,0.005504651988581649,0.0010568088604169046,-0.022141177523888514,0.0020604829651477527,0.0044963347051507506
2013-07-05,7.3,0.0,0.02473960617575575,0.0,-0.00806457453984938,0.006492257313242818,0.04122448257259886,0.005863279101919021,-0.006136412515585042
2013-07-08,7.3,0.0,0.02473960617575575,0.0,-0.00569406203631934,0.016341220106290986,0.01257777713172571,0.0035016867851072973,0.01385515925866036
2013-07-09,7.3,0.0,0.02473960617575575,0.0,0.017435420279593963,0.003229572752903339,0.01501697568422248,0.0005821399867148931,0.03068586114202007
2013-07-10,7.3,0.0,0.02473960617575575,0.0,-0.0038428908305996015,0.0027403820850781216,-0.009604504667795992,0.010137969333769136,0.01248075000205787
2013-07-11,7.3,0.0,0.02473960617575575,0.0,0.015471563966830212,0.024765191030825195,0.026950164909807735,0.028130664744630506,0.0003874430798231534
2013-07-12,7.3,0.0,0.02473960617575575,0.0,-0.0018270014607134192,0.02598916299096117,0.033583085644851594,-0.000560671159981295,0.0038670872592444215
2013-07-15,7.3,0.0,0.02473960617575575,0.0,0.002178021666953491,-0.0031915475130483415,-0.020532643971807745,0.013919959713868574,0.014179190742365311
2013-07-16,7.3,0.0,0.02473960617575575,0.0,0.006436587147342603,0.0009781132337143296,-0.15442577206084723,0.002761432878359347,0.0015208961657430713
2013-07-17,7.3,0.0,0.02473960617575575,0.0,0.0002554440993617189,0.005913306179670692,0.0977665062002159,-0.014720745070101422,0.012460052760144601
2013-07-18,7.3,0.0,0.02473960617575575,0.0,0.003363825075575568,-0.014948065285195457,-0.010197504390279215,-0.008429408966922578,-0.017793413577116803
2013-07-19,7.3,0.0,0.02473960617575575,0.0,-0.01589821887671516,0.003676159292773985,0.005446036894914779,-0.1210331678893126,-0.011525312582058116
2013-07-22,7.3,0.0,0.02473960617575575,0.0,0.0031949975313142736,-0.005749917882941064,0.02271787290183905,0.019240589721150222,0.006547301104391451
2013-07-23,7.3,0.0,0.02473960617575575,0.0,-0.0173195462837883,-0.008006086055993981,0.0025289090051883387,-0.005953421314248019,0.003066277895977588
2013-07-24,7.3,0.0,0.02473960617575575,0.0,0.050085852141839714,-0.007066756093342382,-0.008509382736153353,0.004389963945588345,0.014437857210697262
2013-07-25,7.3,0.0,0.02473960617575575,0.0,-0.004573116015452932,0.014809217701387992,0.019286922916051285,-0.017995655339923058,0.2593712378798337
2013-07-26,7.3,0.0,0.02473960617575575,0.0,0.005662622539032899,0.02798317348087875,0.04198529538867509,0.007300408002655677,-0.010238385250164692
2013-07-29,7.3,0.0,0.02473960617575575,0.0,0.01530214587894678,-0.019123379533595435,0.03962484044376686,-0.002533257764450588,0.040904201390011864
2013-07-30,7.3,0.0,0.02473960617575575,0.0,0.01227387483585507,-0.01212817908251155,-0.021625647260585263,0.00978060871213205,0.06024276015616346
2013-07-31,7.3,0.0,0.02473960617575575,0.0,-0.0017443324134801238,-0.0039428006363923475,0.019096795224891938,-0.0003138012730765815,-0.02230382398039271
2013-08-01,7.2,0.0,0.01862251209800185,0.0,0.00912890353107985,0.014337972795816728,0.009413463845989272,-0.005353442243444759,0.018576388777650797
2013-08-02,7.2,0.0,0.01862251209800185,0.0,0.012750014782605146,-0.004460622122421065,0.017913065966589675,0.006922787320530769,0.014826793107401705
2013-08-05,7.2,0.0,0.01862251209800185,0.0,0.014828933105207633,-0.010641164315686208,0.04727073817644731,-0.005975742519945745,0.029520700981735953
2013-08-06,7.2,0.0,0.01862251209800185,0.0,-0.00898672189710448,-0.0007976923071020597,-0.0176414866810145,-0.003792978939822257,-0.016465826816984493
2013-08-07,7.2,0.0,0.01862251209800185,0.0,-0.0005811583170855243,-0.012850318159893495,-0.057328179936113395,0.015085109704091755,0.008266754002221967
2013-08-08,7.2,0.0,0.01862251209800185,0.0,-0.001993334616644122,-0.003948392239609037,0.13401556369374457,0.02555944615873835,-0.008525988716668025
2013-08-09,7.2,0.0,0.01862251209800185,0.0,-0.014331916610101279,0.005126501251107817,-0.0031323969852793433,-0.005793385140018507,-0.001038410291687319
2013-08-12,7.2,0.0,0.01862251209800185,0.0,0.028012285143566355,-0.0019193273373704458,-0.0374236877569689,0.005185395877540219,-0.007299222007875564
2013-08-13,7.2,0.0,0.01862251209800185,0.0,0.046427262581498534,-0.009210144221576238,-0.013319426896944903,-0.012641153697505118,-0.031900688402715136
2013-08-14,7.2,0.0,0.01862251209800185,0.0,0.018076470012200307,-0.008986702783541713,-0.04263428424164275,0.0037167036229477455,-0.010044872578685816
2013-08-15,7.2,0.0,0.01862251209800185,0.0,-0.001184282031710352,-0.01685720047282765,0.0022219257859984534,-0.017462426696571335,-0.002458759791447859
2013-08-16,7.2,0.0,0.01862251209800185,0.0,0.008837600238002416,-0.0057763821457983075,0.016544681746008767,0.0003145834709220628,0.014123048109486823
2013-08-19,7.2,0.0,0.01862251209800185,0.0,0.010711799325326505,0.0026297410331214102,0.020216722201398862,-0.01297695112090059,0.01949576669214286
2013-08-20,7.2,0.0,0.01862251209800185,0.0,-0.013223382723373618,0.0053085875488300864,0.031787545474039655,0.00730035525592567,0.015744354781776028
2013-08-21,7.2,0.0,0.01862251209800185,0.0,0.0025715337983604593,-0.00881644796097204,-0.011565514097512442,-0.00031608017866801587,-0.002345763065988052
2013-08-22,7.2,0.0,0.01862251209800185,0.0,0.0011934489325185495,0.017970145335447177,0.060616682782456424,0.024376357050140633,0.00598378126944012
2013-08-23,7.2,0.0,0.01862251209800185,0.0,-0.003864417265069389,0.0009659461337307921,0.029725646112549436,0.07032950341992399,0.050579718181817744
2013-08-26,7.2,0.0,0.01862251209800185,0.0,0.0038843144986307563,-0.013189568960891412,0.01459879429706705,-0.017416800034195375,0.019294939143325432
2013-08-27,7.2,0.0,0.01862251209800185,0.0,-0.029006915925795813,-0.01862027459698588,0.016846687003756907,-0.026407209960591368,-0.0419919560919129
2013-08-28,7.2,0.0,0.01862251209800185,0.0,0.004716923181798228,0.0023110899866578324,-0.003358654933069743,-0.007241929517410044,0.02269701694858733
2013-08-29,7.2,0.0,0.01862251209800185,0.0,0.001628374442390192,0.008487205768098971,-0.002345797122742661,0.01592312405310644,0.017842522013645428
2013-08-30,7.2,0.0,0.01862251209800185,0.0,-0.009152629311658006,-0.01062036118227536,0.017549553949214536,-0.004480898966181588,0.00024212295009888308
2013-09-03,7.2,0.0,0.009182800982334982,0.0,0.002786975668303385,0.027450900741406745,-0.000355151535970555,-0.046576796439888414,0.013949272868243927
2013-09-04,7.2,0.0,0.009182800982334982,0.0,0.020481707232025366,0.016620160195735267,0.009895280064945338,-0.021560812251606852,-0.002151708343555804
2013-09-05,7.2,0.0,0.009182800982334982,0.0,-0.006882091620264514,0.0015653022165719257,-0.004052316183617282,0.0009613604384613747,0.02084390937281566
2013-09-06,7.2,0.0,0.009182800982334982,0.0,0.005939019839250101,0.005966544049003132,-0.017572432181777415,-0.0025653359420748857,0.029790938278573383
2013-09-09,7.2,0.0,0.009182800982334982,0.0,0.01583103543551967,0.012928978446553602,-0.03827490340706454,0.01623964929158925,0.0020456651984523777
2013-09-10,7.2,0.0,0.009182800982334982,0.0,-0.023042678066346717,0.0021663689957090995,0.03467497496296742,0.022796145908867575,-0.010041226853349359
2013-09-11,7.2,0.0,0.009182800982334982,0.0,-0.055981819204457266,-0.0023999543583138063,-0.017278965558512976,0.010747467380518582,0.03249391069237825
2013-09-12,7.2,0.0,0.009182800982334982,0.0,0.01059149093394791,-0.0026065519132503056,0.00858582232990233,-0.0015285426596887894,-0.006459553664758771
2013-09-13,7.2,0.0,0.009182800982334982,0.0,-0.016617477202677138,-0.0031502376487780033,0.003691794783350585,0.010347294780671123,-0.009881037076152167
2013-09-16,7.2,0.0,0.009182800982334982,0.0,-0.03230791259335052,-0.006262821048913529,0.006262793778422018,-0.006987976930519086,-0.04147111889168976
2013-09-17,7.2,0.0,0.009182800982334982,0.0,0.01148623423298083,0.027024582719098245,-0.0021033224668529056,0.0039560899425198845,0.058477555174129066
2013-09-18,7.2,0.0,0.009182800982334982,0.0,0.020348319360198177,0.02551255905742245,-6.015506324789147e-05,0.011773408417865365,0.003543537856557625
2013-09-19,7.2,0.0,0.009182800982334982,0.0,0.016264933352169966,9.614829509685138e-05,0.06802177745102606,0.009558018636388693,0.016446010605497722
2013-09-20,7.2,0.0,0.009182800982334982,0.0,-0.010406976403780542,0.013622152170123327,0.03028104500995909,-0.02559229527116647,0.032312702385298965
2013-09-23,7.2,0.0,0.009182800982334982,0.0,0.04850343713067381,-0.01545036876341904,-0.01251040780497927,-0.0015259969160704716,-0.006337087343061861
2013-09-24,7.2,0.0,0.009182800982334982,0.0,-0.0031431771092796357,0.008439675995731834,0.006713557691755747,-0.008896928171706852,0.026350284623709818
2013-09-25,7.2,0.0,0.009182800982334982,0.0,-0.015598426462475994,-0.004722581876286291,0.01583407032356162,0.0018471210379339186,0.020631855602468083
2013-09-26,7.2,0.0,0.009182800982334982,0.0,0.009692163018766383,0.017344344231299522,0.01818821458521117,0.007965826692504068,0.018628584941445633
2013-09-27,7.2,0.0,0.009182800982334982,0.0,-0.0071617788891128135,-0.006654825378340671,0.011909334905901684,0.015142408582819757,0.016727702143349583
2013-09-30,7.2,0.0,0.009182800982334982,0.0,-0.012506894107410928,-0.010721486442218667,0.012855608538656584,0.00030094107942079556,-0.01990795207698452
2013-10-01,7.2,0.0,-0.02968678118004239,0.0,0.023241467964443704,0.026233018889677946,-0.0019151984326633063,0.008973696052576419,0.0037752699594150157
2013-10-02,7.2,0.0,-0.02968678118004239,0.0,0.0032735482020046017,-0.001371949612563588,-0.0644695130763439,0.010074014819141372,-0.0027805078887064485
2013-10-03,7.2,0.0,-0.02968678118004239,0.0,-0.01264200338037236,-0.018102997845028192,-0.043138795834117664,-0.0017702715109554252,-0.02212018225088436
2013-10-04,7.2,0.0,-0.02968678118004239,0.0,-0.0007866051330000148,0.013506027395252761,0.04330464078606832,0.0005906219060228488,0.03712250186503526
2013-10-07,7.2,0.0,-0.02968678118004239,0.0,0.009724404016855407,-0.02864739037217301,0.011482097498202322,-0.01726756856797933,-0.010240229132008262
2013-10-08,7.2,0.0,-0.02968678118004239,0.0,-0.014060538836374167,-0.02217748340240622,-0.04662664539234649,-0.008747005992487622,-0.06924742435122841
2013-10-09,7.2,0.0,-0.02968678118004239,0.0,0.01167921638267966,-0.016626592597698706,-0.03464590392207252,0.001816306942681498,-0.007880085276046058
2013-10-10,7.2,0.0,-0.02968678118004239,0.0,0.006248986677259945,0.02300400552259496,0.024290877433250018,0.02065018822702875,0.04759825856765951
2013-10-11,7.2,0.0,-0.02968678118004239,0.0,0.006453141127479568,0.01857016956166753,0.03282143279747155,0.010900343072092637,0.001222559014896432
2013-10-14,7.2,0.0,-0.02968678118004239,0.0,0.0065326973973543435,-0.0006113678646902032,0.005691648852124059,0.009331623111891004,0.008112056081243007
2013-10-15,7.2,0.0,-0.02968678118004239,0.0,0.005308029548406404,-0.013936388630454913,0.023209582448228756,0.0011606827164207228,-0.00020199757104671053
2013-10-16,7.2,0.0,-0.02968678118004239,0.0,0.004861135038043757,0.01326026990920579,-0.0020680337607970633,0.004339392151592119,0.03259432249265581
2013-10-17,7.2,0.0,-0.02968678118004239,0.0,0.006742033864933559,0.0009013900805812849,-0.0041488639492924285,0.008050599191540815,0.020706924711173084
2013-10-18,7.2,0.0,-0.02968678118004239,0.0,0.008663729748577504,0.05679193155085493,0.0032768974741072426,0.0011451362581319448,0.03777574717133971
2013-10-21,7.2,0.0,-0.02968678118004239,0.0,0.024210056232512833,-0.007598814035558018,-0.060692800605133296,0.0008575436136658098,-0.006847294530583389
2013-10-22,7.2,0.0,-0.02968678118004239,0.0,-0.002862452510443582,0.01851400679951153,-0.006160355315946997,-0.011786857679366658,-0.02196650147877856
2013-10-23,7.2,0.0,-0.02968678118004239,0.0,0.009742933646625944,-0.017534285936897386,-0.04190584763619934,-0.023998462435968385,-0.014917069238448913
2013-10-24,7.2,0.0,-0.02968678118004239,0.0,0.013152333742687764,0.016541402969775063,0.05124763002941889,-0.0011858641735254451,0.010541502229377123
2013-10-25,7.2,0.0,-0.02968678118004239,0.0,-0.01124932322979399,0.08970933772845563,-0.020361779407382357,0.0578999687664207,-0.009578659485661233
2013-10-28,7.2,0.0,-0.02968678118004239,0.0,0.007425302671526287,-0.01449679025150475,-0.04090554498744465,-0.004488281224495905,-0.03366919088940235
2013-10-29,7.2,0.0,-0.02968678118004239,0.0,-0.02522637941937704,0.0125961921490867,0.00983732014212902,-0.0014067128056917588,-0.01666200403643254
2013-10-30,7.2,0.0,-0.02968678118004239,0.0,0.015784032440458017,-0.004476471150104848,-0.03244132306525063,0.0005632237448581149,-0.007926134222223921
2013-10-31,7.2,0.0,-0.02968678118004239,0.0,-0.004200795358959726,0.008136690709960433,0.0045118826109646955,-0.003664896277966164,0.024189818362555602
2013-11-01,6.9,0.0,0.013096538919845718,0.0,-0.005121101802337151,-0.013913847477843608,0.013846307487505096,0.003383160349354047,-0.00920379975702063
2013-11-04,6.9,0.0,0.013096538919845718,0.0,0.012839618714917577,-0.0007245235586183747,0.07728309523569009,0.011473629164368308,-0.031236484308407312
2013-11-05,6.9,0.0,0.013096538919845718,0.0,-0.00247042164130141,0.0004180257170074062,0.009147437313759407,0.019289568201063832,0.0384467615655613
2013-11-06,6.9,0.0,0.013096538919845718,0.0,-0.0028371848724357334,-0.007579711245596085,-0.15673675185419386,0.04117105502853013,-0.019954473809667923
2013-11-07,6.9,0.0,0.013096538919845718,0.0,-0.016315370485292434,-0.036074482319715294,-0.0783406927874904,-0.01797099679798443,-0.03227401683448502
2013-11-08,6.9,0.0,0.013096538919845718,0.0,0.015623513804525693,0.019456686643551612,-0.013106891108583688,0.007439008088292445,-0.0006312168721678274
2013-11-11,6.9,0.0,0.013096538919845718,0.0,-0.0029045558578252835,0.01155134975103847,0.04777131294405201,-0.005041546285057333,-0.028381146938820063
2013-11-12,6.9,0.0,0.013096538919845718,0.0,0.001847746363537997,-0.013780406399571862,-0.04885917612563874,-0.006137229737021671,0.008835380641793499
2013-11-13,6.9,0.0,0.013096538919845718,0.0,0.0011919531852529282,0.018959194192792742,0.006509910436590075,0.02118661764052872,0.04406899770020608
2013-11-14,6.9,0.0,0.013096538919845718,0.0,0.014359706935775134,0.030902654693264076,-0.007962445969614821,-0.0036751512345683975,0.005732021463016635
2013-11-15,6.9,0.0,0.013096538919845718,0.0,-0.006020609638386539,0.00480601912984491,-0.01574836851942719,-0.004745892511667002,0.0004081587874355247
2013-11-18,6.9,0.0,0.013096538919845718,0.0,-0.012188721019881799,-0.008132220978004097,-0.10803005726675112,-0.017057800033318186,-0.06708545336545527
2013-11-19,6.9,0.0,0.013096538919845718,0.0,0.0017728811343498839,-0.0033920743254766627,0.03642347232911233,-0.0048874019926639835,0.011498077246022014
2013-11-20,6.9,0.0,0.013096538919845718,0.0,-0.008796531652814613,-0.006515384033153015,-0.040296686077327004,0.009211824273827891,0.0015088498613796731
2013-11-21,6.9,0.0,0.013096538919845718,0.0,0.011852697502746581,0.01736221378430155,0.008141155349059485,0.008593329040976433,0.00579829897010817
2013-11-22,6.9,0.0,0.013096538919845718,0.0,-0.002575331179981142,0.009147041483999913,-0.005914301943359735,0.004534526579473677,-0.010115198520336651
2013-11-25,6.9,0.0,0.013096538919845718,0.0,0.0075512763156378665,0.011563049436787497,-0.00445879513751007,0.0018611726913172815,-0.03097438162136161
2013-11-26,6.9,0.0,0.013096538919845718,0.0,0.01827617616223666,0.012480196738093181,-0.0028176365968004403,-0.007734091670649206,0.023592669581461365
2013-11-27,6.9,0.0,0.013096538919845718,0.0,0.023274428416939028,0.013905035506630687,0.05206493862280635,0.006671172852983488,0.012989948349276925
2013-11-29,6.9,0.0,0.013096538919845718,0.0,0.018348482135777878,0.017710869281356467,0.002674768677985447,0.01399757340866945,0.01112323393477435
2013-12-02,6.7,0.0,0.0,0.0,-0.008742086429346025,-0.003359122943609722,-0.024737817234624784,0.008356956349428507,0.0010631082290787272
2013-12-03,6.7,0.0,0.0,0.0,0.027006930588270788,-0.019667024633316335,0.15301103945550032,-0.0036475440783685477,-0.007037194944759287
2013-12-04,6.7,0.0,0.0,0.0,-0.0023336503994797362,0.0033739376339479515,-0.04054846432207193,0.016311072436806004,0.03964850311523757
2013-12-05,6.7,0.0,0.0,0.0,0.005119766517372112,-0.0038159396124965873,0.010950897136886533,-0.024436150478290734,-0.0057755308629009
2013-12-06,6.7,0.0,0.0,0.0,-0.013972666534587452,0.006377662894842839,-0.022459830920047424,0.009429893556569877,-0.008309135551863599
2013-12-09,6.7,0.0,0.0,0.0,0.011381147292044397,-0.005337939882130887,0.030400915776032086,0.009082051221289598,0.018599376689615085
2013-12-10,6.7,0.0,0.0,0.0,-0.0015552219472472109,0.0074806274072929755,0.004158011406234101,-0.015621161079273934,0.02846089891858724
2013-12-11,6.7,0.0,0.0,0.0,-0.007436319012275451,-0.014520251890375866,-0.018024810752135134,-0.013206809647948096,-0.017464949465527117
2013-12-12,6.7,0.0,0.0,0.0,-0.0014617856109018206,-0.0024625855429347733,0.05448541021007484,-0.01042318435508625,0.048423574422284704
2013-12-13,6.7,0.0,0.0,0.0,-0.010960254249526,0.0078120238753222005,0.001219851474432818,-0.014342580098383685,0.028342346818166005
2013-12-16,6.7,0.0,0.0,0.0,0.005521940952254253,0.012234851548861331,0.001962229300530799,0.005436889583080958,0.00914794338981472
2013-12-17,6.7,0.0,0.0,0.0,-0.004512058221275018,-0.0033993484257500988,0.030095394575802684,-0.010080807899660824,0.01932516165648764
2013-12-18,6.7,0.0,0.0,0.0,-0.007632933303832256,0.02121035808747454,-0.029825167510429598,0.001641716459251083,0.012858999575401217
2013-12-19,6.7,0.0,0.0,0.0,-0.011522650306712037,-0.0019465256142438374,-0.05030495318631501,-0.00906272288480259,-0.009401659890926558
2013-12-20,6.7,0.0,0.0,0.0,0.008340433602975622,0.01758282029591539,0.01774936796879827,0.015058767833049777,0.0012706798617689123
2013-12-23,6.7,0.0,0.0,0.0,0.03765937789619528,0.0017885188408174432,0.002161904382585577,-0.0049031258071692025,0.046957016363114924
2013-12-24,6.7,0.0,0.0,0.0,-0.00425416450270593,-0.009275527960813797,0.05330800073698156,0.012483055986737008,0.0032836045458958236
2013-12-26,6.7,0.0,0.0,0.0,-0.006663289673204663,0.012917239903541397,0.02665436846993875,0.009662236652261373,-0.0039762377039117445
2013-12-27,6.7,0.0,0.0,0.0,-0.0067794811168506094,-0.015726782093232333,-0.02857148989568364,-0.0040148968354245685,-0.04047557913898442
2013-12-30,6.7,0.0,0.0,0.0,-0.009994512310700162,-0.011902265821576153,0.008696881824111947,0.0,-0.03170229911077887
2013-12-31,6.7,0.0,0.0,0.0,0.011653615617311222,0.013684312548159876,-0.013273197999344366,0.003212675153037325,0.017350176540718902
2014-01-02,6.6,0.0,-0.035954676995895725,0.0,-0.014163502606234989,-0.0020583553089593668,-0.0021961521582764226,-0.006705044966871288,0.001097281417417872
2014-01-03,6.6,0.0,-0.035954676995895725,0.0,-0.02221040089014265,-0.0038519168555408954,-0.003604113611816534,-0.006749993440733188,-0.002745605333770395
2014-01-06,6.6,0.0,-0.035954676995895725,0.0,0.005437886795352203,-0.007113375515583103,-0.017265065802709954,-0.021359134370610707,0.04725298892363023
2014-01-07,6.6,0.0,-0.035954676995895725,0.0,-0.007177210739580047,0.01111605917106511,0.015926820457572245,0.007719951765660846,0.012508779878411478
2014-01-08,6.6,0.0,-0.035954676995895725,0.0,0.006313436723384897,0.009725682651672687,0.012772951757781427,-0.018013651012028526,0.005337945842298023
2014-01-09,6.6,0.0,-0.035954676995895725,0.0,-0.012852758997596647,-0.00226668921924171,-0.02510088058726987,-0.006452465740323383,-0.017497073123510072
2014-01-10,6.6,0.0,-0.035954676995895725,0.0,-0.006694837404455552,-0.008389068361873763,-0.01234445845105059,0.01425172779679924,0.012504367787258915
2014-01-13,6.6,0.0,-0.035954676995895725,0.0,0.005221211858719231,-0.016940942813231635,-0.04477004872146161,-0.029852784527569943,-0.03566468600804541
2014-01-14,6.6,0.0,-0.035954676995895725,0.0,0.019702652228529027,0.01663920179405781,0.1461629793068161,0.022612307098115337,0.03220697218100129
2014-01-15,6.6,0.0,-0.035954676995895725,0.0,0.01987874794057556,-0.00420967863582884,0.017578862300124946,0.027022011331389234,-0.002427713323683183
2014-01-16,6.6,0.0,-0.035954676995895725,0.0,-0.00559601974343608,-0.00017684058204954012,0.04082924946078827,0.003530177408893201,-0.007143431776563242
2014-01-17,6.6,0.0,-0.035954676995895725,0.0,-0.024806773977012763,0.009579955398884225,-0.0056308552259701624,-0.013921676354281183,-0.015684486135858478
2014-01-21,6.6,0.0,-0.035954676995895725,0.0,0.015416910938626129,0.018447038174050297,0.03848302668978481,-0.005789137567202685,0.03850312363462653
2014-01-22,6.6,0.0,-0.035954676995895725,0.0,0.004434376634898563,-0.00618548933430107,0.01058444967802887,-0.00665732838664295,-0.01723884382057261
2014-01-23,6.6,0.0,-0.035954676995895725,0.0,0.008432104313979439,-0.011611101596180574,0.01633098232470702,0.0036114519897704382,-0.015419931011382186
2014-01-24,6.6,0.0,-0.035954676995895725,0.0,-0.018344929494879283,-0.0311656453605233,-0.03875801233074537,0.02058530472178936,-0.0392560140640366
2014-01-27,6.6,0.0,-0.035954676995895725,0.0,0.008079391992295931,-0.0034113842758354573,-0.028937066376220014,-0.021417471105705077,-0.016667082745997465
2014-01-28,6.6,0.0,-0.035954676995895725,0.0,-0.08330249592724022,0.020879252424284588,0.05035551639417693,0.006638912655575653,0.02925964057614823
2014-01-29,6.6,0.0,-0.035954676995895725,0.0,-0.011417147777926743,-0.02627850218540081,-0.017816712483327782,0.010694993821003189,-0.029633260782525768
2014-01-30,6.6,0.0,-0.035954676995895725,0.0,-0.0019390368189253742,0.04779814029767067,0.04251201256750143,0.005441139087649129,0.1319423342359574
2014-01-31,6.6,0.0,-0.035954676995895725,0.0,0.0016391694190996597,-0.1165028517372753,-0.007851771404626026,0.026239632877759614,0.024101371686267713
2014-02-03,6.7,0.0,-0.017493157447517345,0.0,0.001856083982842044,-0.035586235622344226,-0.02398867199123988,-0.036602416650513926,-0.017574005033437392
2014-02-04,6.7,0.0,-0.017493157447517345,0.0,0.014372009408142254,0.005186483053169864,0.00910526234753232,-0.00357011556270279,0.020446682930282355
2014-02-05,6.7,0.0,-0.017493157447517345,0.0,0.007440964114751598,-0.00432021738041316,-0.02441003584736986,-0.014688071287802655,-0.008964387782029662
2014-02-06,6.7,0.0,-0.017493157447517345,0.0,0.00581163526298341,0.02322366083873704,0.022449916811529916,0.010000551263321032,-0.00048250377538545843
2014-02-07,6.7,0.0,-0.017493157447517345,0.0,0.013893354909601283,0.018137405634645123,0.04467595459365861,0.010447947014814276,0.03415890981067255
2014-02-10,6.7,0.0,-0.017493157447517345,0.0,0.01775595174786028,-0.0005817551913204396,0.05237565768734982,0.006543236991005996,-0.012043555196631922
2014-02-11,6.7,0.0,-0.017493157447517345,0.0,0.013090369816738947,0.0025461240493623474,0.00030518160616122974,0.010003805424854625,0.020249988830817526
2014-02-12,6.7,0.0,-0.017493157447517345,0.0,-7.45022036199064e-05,-0.035275980325803764,-0.006633723118316568,0.008039077285273965,-0.0061873511835038595
2014-02-13,6.7,0.0,-0.017493157447517345,0.0,0.015754404408725137,0.022507906884573076,0.021826498288108655,0.003729038652423076,0.04371627723906732
2014-02-14,6.7,0.0,-0.017493157447517345,0.0,-0.0008085334303144639,0.000419827569362029,-0.007037745637380403,0.00026630205501546056,-0.0035708615587277176
2014-02-18,6.7,0.0,-0.017493157447517345,0.0,0.0036696612607344968,-0.010407939802686025,0.02722037127652771,0.002139810876222338,0.0031251434380132398
2014-02-19,6.7,0.0,-0.017493157447517345,0.0,-0.01591392280039534,-0.01788851918661287,-0.05064756062013293,0.002401987197968634,0.011229422920530929
2014-02-20,6.7,0.0,-0.017493157447517345,0.0,-0.011642404784921857,0.0069422977414354305,0.08096391673069925,0.006378509752175088,0.02280586886033526
2014-02-21,6.7,0.0,-0.017493157447517345,0.0,-0.011169699170876965,-0.008728689340968475,-0.001763719458339394,0.006074164707548156,-0.015048927154042189
2014-02-24,6.7,0.0,-0.017493157447517345,0.0,0.004368966604515049,0.01437315995295193,0.037687329505505685,-0.007665027554618647,0.03142987754619244
2014-02-25,6.7,0.0,-0.017493157447517345,0.0,-0.010460918302865746,0.018420442229440108,0.1305404316289121,-0.003987715440214961,-0.013226298168401564
2014-02-26,6.7,0.0,-0.017493157447517345,0.0,-0.00906324252818148,0.004121846454221649,0.019960780865153502,-0.001866667159803586,-0.008482507994773939
2014-02-27,6.7,0.0,-0.017493157447517345,0.0,0.019751892647524093,0.0009167821411067436,-0.0018198179726585445,0.01035434215551319,-0.004631149424310329
2014-02-28,6.7,0.0,-0.017493157447517345,0.0,-0.0027135175926632465,0.005455300552955511,-0.031087242042567197,0.011816476563019476,-0.006986963666351332
2014-03-03,6.7,0.0,-0.007874056430905883,0.0,0.002883876293298733,-0.006427640140422914,0.023216004869131498,-0.013930907913658575,-0.015456031502017574
2014-03-04,6.7,0.0,-0.007874056430905883,0.0,0.006572115304873327,0.011386336498260064,0.016937389366238998,0.016537651830136578,0.020410201261226713
2014-03-05,6.7,0.0,-0.007874056430905883,0.0,0.0021061028837417624,0.023008882660289484,-0.00859112723769916,-0.007841006785204456,0.03947230637003129
2014-03-06,6.7,0.0,-0.007874056430905883,0.0,-0.003028638294043711,-0.0005641118357561163,0.0011076279364843988,0.0010485300083192663,-0.01025222817135418
2014-03-07,6.7,0.0,-0.007874056430905883,0.0,-0.0005843627222387602,-0.0002686926305247979,-0.02696752783463923,-0.00657468820312327,-0.014789639801404002
2014-03-10,6.7,0.0,-0.007874056430905883,0.0,0.0009042729239937024,-0.004120715035079746,-0.030390939018960398,-0.002112621420878726,0.031448611547393056
2014-03-11,6.7,0.0,-0.007874056430905883,0.0,0.009690657573198215,-0.004625731685000152,-0.01872218675785571,0.005273992279035256,-0.027159874891295982
2014-03-12,6.7,0.0,-0.007874056430905883,0.0,0.0009695014312826079,0.0049224995577277185,0.0297563542530863,0.006554363182587087,0.011065390340729437
2014-03-13,6.7,0.0,-0.007874056430905883,0.0,-0.011168394536491598,0.0023445891049791363,-0.015440088727904675,-0.009979310689064175,-0.02934867455388382
2014-03-14,6.7,0.0,-0.007874056430905883,0.0,-0.011295121301660495,0.00598457520968956,-0.02910012650090298,-0.005027463282555563,-0.016258017385132568
2014-03-17,6.7,0.0,-0.007874056430905883,0.0,0.00389926305861913,0.0034723468835711887,0.012947855671868931,0.009241435303103377,0.014949662587446538
2014-03-18,6.7,0.0,-0.007874056430905883,0.0,0.008808125945500017,0.009896401629179109,0.02556989177338053,0.03866455043275518,0.006525278623665358
2014-03-19,6.7,0.0,-0.007874056430905883,0.0,-0.000263481166309326,-0.014734230232825217,-0.01765195035174664,-0.007105074778701645,-0.013825679220065156
2014-03-20,6.7,0.0,-0.007874056430905883,0.0,-0.004830553816154065,-0.011479578918567044,-0.0039511035586693435,0.026634626115490487,-0.018786110214142553
2014-03-21,6.7,0.0,-0.007874056430905883,0.0,0.007856748713322505,-0.022890542588789337,-0.025961015660230256,-0.004223948692898769,0.004023563766695392
2014-03-24,6.7,0.0,-0.007874056430905883,0.0,0.011790072443606515,-0.02461979252136099,-0.03884148858044731,0.008430470208109025,-0.047823946647570635
2014-03-25,6.7,0.0,-0.007874056430905883,0.0,0.010699570048582432,0.008095585705809535,0.0012255498715979462,-0.003958321278168644,0.012249268072374059
2014-03-26,6.7,0.0,-0.007874056430905883,0.0,-0.009605386191807548,-0.03237551610307354,-0.034521200938025694,-0.01372777515160389,-0.07187019333434728
2014-03-27,6.7,0.0,-0.007874056430905883,0.0,-0.004307705790863649,-0.014489591307021148,-0.026840890576494185,-0.010865975098845316,0.00955849721189922
2014-03-28,6.7,0.0,-0.007874056430905883,0.0,-0.001117161297785406,-0.0005319923509101769,0.024066571665897613,0.023601375672861837,-0.015870805660848326
2014-03-31,6.7,0.0,-0.007874056430905883,0.0,-0.00022360492297800416,-0.005691697967125984,-0.018630841653690857,0.016976996887674855,0.003825390728453775
2014-04-01,6.2,1.0,-0.032131278182793065,0.0,0.009106132018346548,0.019489510572911855,0.040059946058557325,0.010435681763039733,0.038748208785021
2014-04-02,6.2,1.0,-0.032131278182793065,0.0,0.001660415356436882,-0.003007539823771052,0.05958025619764394,-0.0016913275500465969,0.0015956426216861956
2014-04-03,6.2,1.0,-0.032131278182793065,0.0,-0.006954088016943806,-0.0246911400798998,-0.021462796604579205,-0.008256787735229122,-0.05287225998928324
2014-04-04,6.2,1.0,-0.032131278182793065,0.0,-0.013021275613861523,-0.03235030648781885,-0.06020596039316247,-0.02819171829683168,-0.04715245710980514
2014-04-07,6.2,1.0,-0.032131278182793065,0.0,-0.015825486494831658,-0.01635594803754381,-0.022442879981467958,-0.0017570230621864688,0.0035179949891413972
2014-04-08,6.2,1.0,-0.032131278182793065,0.0,-5.6975407288674374e-05,0.028877886095142986,0.03754754023558408,0.000502140787174419,0.021539793936189103
2014-04-09,6.2,1.0,-0.032131278182793065,0.0,0.013058394466297718,0.014388270922235085,0.006799413695085217,0.016192023486977812,0.07001206397633743
2014-04-10,6.2,1.0,-0.032131278182793065,0.0,-0.012981999025442276,-0.045313777787587474,-0.06052374989572162,-0.027811361953434727,-0.05347992858626959
2014-04-11,6.2,1.0,-0.032131278182793065,0.0,-0.0074206939508140125,-0.01711129149309984,-0.002010017097267678,-0.0038183158473315726,-0.010706142709726755
2014-04-14,6.2,1.0,-0.032131278182793065,0.0,0.003976403739412779,0.013319911034559857,-0.02831944875968507,-0.0007650882505184577,0.00613185187984682
2014-04-15,6.2,1.0,-0.032131278182793065,0.0,-0.007156441385628325,0.0005379894914277226,-0.021327399035902955,0.014443396001954028,0.003390306214458619
2014-04-16,6.2,1.0,-0.032131278182793065,0.0,0.002025066028309475,0.023760034534892855,0.026463349789988082,0.016220532869663573,0.01060541019931608
2014-04-17,6.2,1.0,-0.032131278182793065,0.0,0.011360754117307038,0.003792881292983937,-0.004984526887452057,-0.009701033993277465,-0.01314711059458749
2014-04-21,6.2,1.0,-0.032131278182793065,0.0,0.011798232861652573,0.018177347749176925,0.03110804783128541,-0.0017510991555410103,0.03828062381532422
2014-04-22,6.2,1.0,-0.032131278182793065,0.0,0.0009975966666369315,-0.004695705068003317,0.06744558686107316,0.001251572801327519,0.028810288493292875
2014-04-23,6.2,1.0,-0.032131278182793065,0.0,-0.013157896173159591,-0.014497853807384043,-0.04993654199797804,-0.007530385400769834,-0.0268525982729225
2014-04-24,6.2,1.0,-0.032131278182793065,0.0,0.07879436413548371,0.037995895177366554,-0.0006252489451896411,0.004273860207145131,-0.008017815265504203
2014-04-25,6.2,1.0,-0.032131278182793065,0.0,0.00731775521229236,-0.10405962432718202,-0.0392977212138951,0.0012536236682186882,-0.05331004166146841
2014-04-28,6.2,1.0,-0.032131278182793065,0.0,0.03799709215732467,-0.024151286933829296,-0.006727551860992525,0.023769337879302608,-0.027581799556264726
2014-04-29,6.2,1.0,-0.032131278182793065,0.0,-0.0029669914783477538,0.012731314887918888,0.041492794726592966,-0.00884739706023389,0.035177325979005664
2014-04-30,6.2,1.0,-0.032131278182793065,0.0,-0.0037891361480769255,0.01240690175556421,0.004676785389335048,-0.0027184789461715715,0.027645171572771084
2014-05-01,6.3,0.0,-0.028987536873252413,0.0,0.002352963847584343,0.012287316864678948,-0.0007698783030908332,-0.009951052470968154,0.022658839004324673
2014-05-02,6.3,0.0,-0.028987536873252413,0.0,0.001858426847282122,0.0003897073459915525,0.015192334533920245,-0.00777989327729266,-0.01134787439370947
2014-05-05,6.3,0.0,-0.028987536873252413,0.0,0.014042296598120639,0.006601278428657596,0.026667006585385133,-0.006571884969917665,0.01249193319719969
2014-05-06,6.3,0.0,-0.028987536873252413,0.0,-0.01095951011664623,-0.041722736212006326,-0.04402794501331932,-0.009428491769112701,-0.04493451061108293
2014-05-07,6.3,0.0,-0.028987536873252413,0.0,-0.0035050410282637906,-0.015828456855995012,-0.0290259151935669,0.009174330191672981,-0.019669354254754853
2014-05-08,6.3,0.0,-0.028987536873252413,0.0,-0.0017844295601874482,-0.01511135483714367,-0.1199519876149675,0.005565469926722893,-0.011038233354164637
2014-05-09,6.3,0.0,-0.028987536873252413,0.0,-0.004175469783706661,0.013504414514023696,0.020341594815875243,-0.002525930440551921,0.008421010379181066
2014-05-12,6.3,0.0,-0.028987536873252413,0.0,0.01237328498274179,0.03569521501555669,0.013136115045106643,0.01081642836135694,0.04425423149600012
2014-05-13,6.3,0.0,-0.028987536873252413,0.0,0.0015673243503839284,0.0058601452908085975,0.02929538991487726,0.0182253489118397,0.0
2014-05-14,6.3,0.0,-0.028987536873252413,0.0,0.0001854240878792088,-0.02331329886508663,0.0024161447744441007,-0.004463274336523704,-0.010078927103076145
2014-05-15,6.3,0.0,-0.028987536873252413,0.0,-0.008539748004050825,-0.00819828946251849,-0.01070654918672473,-0.01603261250933452,-0.022365505994027375
2014-05-16,6.3,0.0,-0.028987536873252413,0.0,0.014650541835267698,0.00846709708256155,0.01562572480427589,0.005791508704142009,0.001725011853219718
2014-05-19,6.3,0.0,-0.028987536873252413,0.0,0.011779445118298268,-0.0031625320240843964,0.02337266479803366,-0.002010595882593512,0.02030270916885821
2014-05-20,6.3,0.0,-0.028987536873252413,0.0,0.00019811582548442743,0.014817526244088285,-0.004036899292608885,-0.0017624789195133533,-0.011038455808124707
2014-05-21,6.3,0.0,-0.028987536873252413,0.0,0.0026425549963198206,0.01260326732698432,0.021026737824623498,0.016744101496222834,0.03242615834233107
2014-05-22,6.3,0.0,-0.028987536873252413,0.0,0.0015822477647915473,-0.0003279193726752962,0.02686082692929427,-0.006215183478106795,0.0004958213507898713
2014-05-23,6.3,0.0,-0.028987536873252413,0.0,0.011233001956970596,0.023755527109596754,0.011742559564499284,0.0004989790438712351,0.013621258886708523
2014-05-27,6.3,0.0,-0.028987536873252413,0.0,0.018552853373493654,-0.004558162630670564,0.020341655329489665,0.0017428263321579251,0.03412965934634791
2014-05-28,6.3,0.0,-0.028987536873252413,0.0,-0.0025931484785103585,-0.0021256725826840736,-0.006258932089829524,-0.00448898903355138,0.0004725335429910462
2014-05-29,6.3,0.0,-0.028987536873252413,0.0,0.018056676598257004,0.011603794202766807,0.0,0.008214838556039888,0.005025990986974982
2014-05-30,6.3,0.0,-0.028987536873252413,0.0,-0.003752504561662812,-0.003927682145080941,-0.011818070229823507,0.014763553869335004,-0.00833799930151769
2014-06-02,6.1,0.0,0.00836824967051658,0.0,-0.006895825034808054,-0.011941060888577411,-0.014886167951695574,-0.003670253729028394,-0.0034815896630550703
2014-06-03,6.1,0.0,0.00836824967051658,0.0,0.014042501663023113,-0.005356924448211716,0.0011718154406881516,-0.012333783497333752,-0.0033346230551375674
2014-06-04,6.1,0.0,0.00836824967051658,0.0,0.011354016259963826,-0.001335582283614474,-0.004646363346357747,0.000744113404733135,0.007447857037780883
2014-06-05,6.1,0.0,0.00836824967051658,0.0,0.003916146452763264,0.05328456383402556,0.014164629958340053,0.021833308876797256,-0.002371076074635066
2014-06-06,6.1,0.0,0.00836824967051658,0.0,-0.0027536340758662205,0.01867669968994697,0.006119507800617537,0.006530347954976933,-0.010979384480328785
2014-06-09,6.1,0.0,0.00836824967051658,0.0,0.015874623057118658,-0.006604070354910719,-0.013834056762668457,-0.0050749794687391745,0.00606158635024578
2014-06-10,6.1,0.0,0.00836824967051658,0.0,0.005852622109549327,0.014881125657929643,-0.014769270391778938,-0.003884629125011643,0.04493587974923082
2014-06-11,6.1,0.0,0.00836824967051658,0.0,-0.004146476711760089,0.008358201531125934,0.010669521644387373,-0.006100042826403393,0.00015185640982758202
2014-06-12,6.1,0.0,0.00836824967051658,0.0,-0.016868222783788158,-0.028106124805570308,-0.00465699841762891,-0.006876167476012145,-0.022911846755237362
2014-06-13,6.1,0.0,0.00836824967051658,0.0,-0.01100422390058542,0.0011039683086659462,0.014148669404237526,0.015890681953447932,0.003261328639162979
2014-06-16,6.1,0.0,0.00836824967051658,0.0,0.010028352977246132,0.004129206079793739,0.08445262563464767,0.006527300123646613,-0.004818094302551072
2014-06-17,6.1,0.0,0.00836824967051658,0.0,-0.001302360943111692,-0.00612336610895257,0.030948394579085787,0.004327946735512013,0.0032663417289331676
2014-06-18,6.1,0.0,0.00836824967051658,0.0,0.0010855915712369866,0.026546996857246964,-0.01983549248930084,-0.0007197152912592195,0.01846227324324542
2014-06-19,6.1,0.0,0.00836824967051658,0.0,-0.0034778411423199112,-0.022317868366810812,0.0029456778805498456,-0.003367401487790265,-0.01939443410958621
2014-06-20,6.1,0.0,0.00836824967051658,0.0,-0.010395576856132214,-0.008599641406330613,0.00787095018678083,0.004087116779049436,0.0024839134399587495
2014-06-23,6.1,0.0,0.00836824967051658,0.0,-0.0008806305799407542,0.009333263980698798,0.03269289220770816,0.007410135586608215,0.013398125083048556
2014-06-24,6.1,0.0,0.00836824967051658,0.0,-0.006073372076500949,-0.009456584445556738,-0.02009776071958805,-0.005732266458350598,0.005339855472836338
2014-06-25,6.1,0.0,0.00836824967051658,0.0,0.0008854151843216545,0.010067583982512694,0.01870571907583391,0.006684331360820393,0.025834968061722703
2014-06-26,6.1,0.0,0.00836824967051658,0.0,0.005958622833440385,-0.005358800134129986,-0.005460474515257445,-0.007402948745345943,-0.004607397011694938
2014-06-27,6.1,0.0,0.00836824967051658,0.0,0.011811303463051613,-0.0034447642724235858,0.014579082660054648,0.012623757292223085,0.0069771542068639706
2014-06-30,6.1,0.0,0.00836824967051658,0.0,0.010275543642330078,0.0006467978358434689,0.004174321733873275,-0.013103268143605053,-0.004596352153856875
2014-07-01,6.2,0.0,-0.01469071541000348,0.0,0.006328156037001556,0.023160880781009585,-0.0014173330825706608,0.004068423175071243,0.011377963605697773
2014-07-02,6.2,0.0,-0.01469071541000348,0.0,-0.0004273716083457804,0.0013830029120699406,-0.04387359658410735,0.000716043873690131,-0.023940023397262162
2014-07-03,6.2,0.0,-0.01469071541000348,0.0,0.0058659842801683446,0.013843963058083835,-0.0007848664584652751,-0.002388882115430921,-0.002410586797582113
2014-07-07,6.2,0.0,-0.01469071541000348,0.0,0.02042188378734953,-0.01174313108897777,-0.029167142807699754,0.004534809760927648,-0.015200003165864335
2014-07-08,6.2,0.0,-0.01469071541000348,0.0,-0.006481483371759881,-0.029635825381900835,-0.016254618641429817,-0.005013838276749575,-0.039521121276651874
2014-07-09,6.2,0.0,-0.01469071541000348,0.0,0.00041972159327489955,0.01884485112989521,0.018049530344923317,-0.002636144857092778,0.03460756073345967
2014-07-10,6.2,0.0,-0.01469071541000348,0.0,-0.003676010642850645,-0.006232120567292684,-0.016270858670541104,0.0004797467623244231,-0.0015401039069718096
2014-07-11,6.2,0.0,-0.01469071541000348,0.0,0.0018921865679992654,0.05424694127732333,-0.0060787853434410176,0.00954918787527174,0.022407578666583945
2014-07-14,6.2,0.0,-0.01469071541000348,0.0,0.012834663514301318,0.02600222209685815,0.03853631607263292,0.00118703278850802,0.023243203703632937
2014-07-15,6.2,0.0,-0.01469071541000348,0.0,-0.011784851792225215,-0.002479747919249888,-0.03191085794986123,0.0073296487320665136,-0.010809480861138218
2014-07-16,6.2,0.0,-0.01469071541000348,0.0,-0.005681166741297416,0.004110710736360004,-0.011082270093055043,0.037679254860393196,0.007268649014966494
2014-07-17,6.2,0.0,-0.01469071541000348,0.0,-0.01799181613317876,-0.00974105888908393,-0.008137649954282126,0.010156641667735613,-0.018647711415591434
2014-07-18,6.2,0.0,-0.01469071541000348,0.0,0.014292287865682691,0.017466158088306812,0.021221725581293954,0.0035867149742610464,0.02981737913453794
2014-07-21,6.2,0.0,-0.01469071541000348,0.0,-0.00520257087428748,0.0030622948114330736,0.0023606566806711484,0.0033511047203217013,0.014221978799650935
2014-07-22,6.2,0.0,-0.01469071541000348,0.0,0.008268810419890877,0.002997445825408668,-0.004362462214627829,-0.00022304440681207176,-0.0018751011913399145
2014-07-23,6.2,0.0,-0.01469071541000348,0.0,0.02574282689961218,-0.007510688238032695,0.013165542036044357,0.0008916764035032992,0.028744382577535345
2014-07-24,6.2,0.0,-0.01469071541000348,0.0,-0.0016477290300912144,0.0013115003068568723,0.004708191486830045,-0.01053005743052255,0.050465155720425627
2014-07-25,6.2,0.0,-0.01469071541000348,0.0,0.006573886735447472,-0.10146103905495894,0.00013418543557862096,0.002249662140230524,0.0027968525677978004
2014-07-28,6.2,0.0,-0.01469071541000348,0.0,0.013727590580787359,-0.011172972530591525,0.005575496614474071,-0.011981432322632117,-0.0035974801449706224
2014-07-29,6.2,0.0,-0.01469071541000348,0.0,-0.0064842337948000746,-0.0012804413290941484,0.0008447660058005556,-0.001821011824003248,-0.01628238026354537
2014-07-30,6.2,0.0,-0.01469071541000348,0.0,-0.002340638080100496,0.007813130680723666,0.017227763766040502,-0.0070884187950235504,0.013074062249172295
2014-07-31,6.2,0.0,-0.01469071541000348,0.0,-0.026324243546362557,-0.02996289215174374,-0.02485640806845926,-0.009683961407408343,-0.027559094219786577
2014-08-01,6.1,0.0,-0.008492620045653588,0.0,0.005528593070842027,-0.019128086466204803,0.0436803888734628,-0.006975288385407495,-0.003999738718737793
2014-08-04,6.1,0.0,-0.008492620045653588,0.0,-0.005633617794067664,0.021234559388840543,0.02225654717656802,0.011829201335087169,0.0157678811349069
2014-08-05,6.1,0.0,-0.008492620045653588,0.0,-0.004928523357696582,-0.004249392783718993,-0.00012577441322981454,-0.00670902635815323,-0.011217609182324693
2014-08-06,6.1,0.0,-0.008492620045653588,0.0,-0.0016833428093840593,0.005014289654920821,0.04284435857092402,-0.007923757893070605,-0.0030312129204929303
2014-08-07,6.1,0.0,-0.008492620045653588,0.0,-0.00010591582981534855,-0.007803777718613043,0.013803804581451591,0.011399356233522584,0.009612712716061244
2014-08-08,6.1,0.0,-0.008492620045653588,0.0,0.0027482533279733646,0.017031843175368017,-0.017022731624041335,-0.0006940064466511002,-0.0015043052840414668
2014-08-11,6.1,0.0,-0.008492620045653588,0.0,0.013107781680284711,0.004817916732328431,0.04411003518235753,0.0,0.005187563063595945
2014-08-12,6.1,0.0,-0.008492620045653588,0.0,-0.000208351711429493,0.003105123623589875,0.002464994378784641,0.007380146809345352,-0.008340855247684359
2014-08-13,6.1,0.0,-0.008492620045653588,0.0,0.013146272966404369,0.021562147995906333,0.0013454128851647835,0.01278550098567716,0.012824257237966551
2014-08-14,6.1,0.0,-0.008492620045653588,0.0,0.0026703527186441064,0.02101703827771469,0.004102035614554558,0.004301268921679166,0.007158987853367472
2014-08-15,6.1,0.0,-0.008492620045653588,0.0,0.004910763537172163,0.0012596671957254173,0.002407373362835875,0.011677472585368956,-0.009058351795959966
2014-08-18,6.1,0.0,-0.008492620045653588,0.0,0.011971389390266436,0.0026939717914522027,-0.007931864219710939,0.00711949304462993,0.012953755443392908
2014-08-19,6.1,0.0,-0.008492620045653588,0.0,0.013721485881675514,0.0017919956307108228,-0.012309033171476682,0.011091009436332571,0.009341078207000222
2014-08-20,6.1,0.0,-0.008492620045653588,0.0,0.0003978504419814464,0.0019376264306455201,-0.004097788889261007,-0.008418325569426736,-0.006396200143845224
2014-08-21,6.1,0.0,-0.008492620045653588,0.0,9.950243625638343e-05,-0.008583963070537477,-0.005372038749552885,0.0059883737865483325,-0.0032131466447084976
2014-08-22,6.1,0.0,-0.008492620045653588,0.0,0.007330201623001726,-0.003972916225477395,0.009547824136142188,-0.0015486114473663812,0.0
2014-08-25,6.1,0.0,-0.008492620045653588,0.0,0.0021693216430189576,0.007301606259101448,0.022221729962989444,0.00044263365035868553,0.0060164490919159845
2014-08-26,6.1,0.0,-0.008492620045653588,0.0,-0.00642233664142626,0.02311261395955904,-0.003089835329943155,-0.003548677756646059,0.01245231052514252
2014-08-27,6.1,0.0,-0.008492620045653588,0.0,0.012215683802695963,0.0039416158041359175,0.005752471076066729,-0.00311531842920713,-0.017664375743656667
2014-08-28,6.1,0.0,-0.008492620045653588,0.0,0.0011746507578313538,-0.009250706879446208,0.0023146120561530806,0.00022357922201488476,-0.010371203484018545
2014-08-29,6.1,0.0,-0.008492620045653588,0.0,0.0024419640076781455,-0.002886332381345829,0.021891485088176944,0.012179584408054485,0.012913782010757944
2014-09-02,5.9,0.0,0.023183335455657067,0.0,0.007774569289355095,0.00980312632378448,0.05208650253686692,-0.007512283309608828,0.024555826123540018
2014-09-03,5.9,0.0,0.023183335455657067,0.0,-0.0431240780653593,-0.009921048649565436,-0.01036609433090444,-0.0028868031128986417,-0.01114705532394484
2014-09-04,5.9,0.0,0.023183335455657067,0.0,-0.008322002962650355,0.020294138838729242,0.017100984807661684,0.00665029888541762,0.0015812191060570627
2014-09-05,5.9,0.0,0.023183335455657067,0.0,0.0086254846452147,0.0012421611672344094,-0.030707162323931017,0.014259407746933397,0.017101291995793307
2014-09-08,5.9,0.0,0.023183335455657067,0.0,-0.006182691883987273,-0.011732023255328869,0.01687261230693384,0.012123985217407703,0.00812098026079545
2014-09-09,5.9,0.0,0.023183335455657067,0.0,-0.003768773463974583,-0.03746968381864889,-0.012950853767301998,0.006221128056959963,-0.015786905351846882
2014-09-10,5.9,0.0,0.023183335455657067,0.0,0.030255108685337963,0.004780094751877462,0.009364271783535652,0.0017094574756755672,0.009863895650033556
2014-09-11,5.9,0.0,0.023183335455657067,0.0,0.004248050529939882,-0.0024477245650377667,-0.0028143952482857218,0.0034101731153091163,0.006308139283133296
2014-09-12,5.9,0.0,0.023183335455657067,0.0,0.0022651616883822986,0.002025097643423784,-0.0039677309872367195,-0.0064034988625948286,-0.005662759151355365
2014-09-15,5.9,0.0,0.023183335455657067,0.0,-0.00029485395744612437,-0.022288263064095124,-0.09514541812587904,-0.009898723626075915,-0.038147348604656704
2014-09-16,5.9,0.0,0.023183335455657067,0.0,-0.007605549384009967,0.01187771294388268,0.02674087122522945,0.011182591897686112,0.019913028118896187
2014-09-17,5.9,0.0,0.023183335455657067,0.0,0.0071132510566233,-0.011538100146307106,0.0024514768008921163,-0.005145878907996983,0.004589870872198005
2014-09-18,5.9,0.0,0.023183335455657067,0.0,0.002065209852411523,0.0030816194423813046,0.009291745751680522,0.003433687991572419,0.007430100980071971
2014-09-19,5.9,0.0,0.023183335455657067,0.0,-0.00818734029162776,0.019259492479235172,-0.01720418863018451,0.017834676518988967,0.011748813533712979
2014-09-22,5.9,0.0,0.023183335455657067,0.0,0.0009898822848471087,-0.020799115153596986,-0.03648190544760307,-0.009727560985651194,-0.014349566627871266
2014-09-23,5.9,0.0,0.023183335455657067,0.0,0.015513414234150553,-0.0026847037835687946,0.0015186681176542908,-0.010681105542307414,0.019215178486523456
2014-09-24,5.9,0.0,0.023183335455657067,0.0,-0.008708952227186317,0.014052765511165095,0.0068849274857942745,0.011106354822873027,0.003188378128377714
2014-09-25,5.9,0.0,0.023183335455657067,0.0,-0.038878865941737555,-0.019319466128945792,-0.020798642012165195,-0.022337545693490755,-0.016949666257590375
2014-09-26,5.9,0.0,0.023183335455657067,0.0,0.029002058350409848,0.003968085070645065,-0.0014182514133375412,0.008004455753145177,0.02012752056408027
2014-09-29,5.9,0.0,0.023183335455657067,0.0,-0.006372545443531597,-0.004309881948972491,-0.005448672179967012,0.000645712961574728,0.002661689358262829
2014-09-30,5.9,0.0,0.023183335455657067,0.0,0.006372545443531693,0.00192469794992256,-0.010575223125348778,-0.0017238043733562877,0.0005062927389945965
2014-10-01,5.7,0.0,-0.023183335455657164,0.0,-0.01570575666903421,-0.015565221049131541,-0.010105257551752303,-0.009972077249573509,-0.03200982487720083
2014-10-02,5.7,0.0,-0.023183335455657164,0.0,0.007233394080762389,0.002988012776048283,0.04548638501800962,-0.0030548199166390306,0.0068995952443978645
2014-10-03,5.7,0.0,-0.023183335455657164,0.0,-0.0028067485173892174,0.013507143562731864,0.01496187669211217,0.007185818910415794,0.004659548410076744
2014-10-06,5.7,0.0,-0.023183335455657164,0.0,0.0,-0.0016744829858935503,0.020976649594330037,0.0,0.001548370507336351
2014-10-07,5.7,0.0,-0.023183335455657164,0.0,-0.008771626988636285,-0.016333829669237344,-0.004036974438302205,-0.012224458680377944,-0.01651003270573591
2014-10-08,5.7,0.0,-0.023183335455657164,0.0,0.020547005255475533,0.01788443428320233,-0.0011178310303564822,0.02708413444960651,0.015993977159409013
2014-10-09,5.7,0.0,-0.023183335455657164,0.0,0.002180414476708485,-0.022976539744672068,-0.008793536131800233,-0.020080653203481794,-0.020987362994031724
2014-10-10,5.7,0.0,-0.023183335455657164,0.0,-0.0028751027854025195,-0.012700429612386557,-0.08143473865625572,-0.04050373126869983,-0.04032270347041507
2014-10-13,5.7,0.0,-0.023183335455657164,0.0,-0.00917505351765353,-0.015991519016912065,-0.05340377876484117,-0.008668166727361802,0.0010966297971121055
2014-10-14,5.7,0.0,-0.023183335455657164,0.0,-0.010677263429127918,0.006051125144119577,0.010937749542414521,0.001831142621068265,0.008186822411263513
2014-10-15,5.7,0.0,-0.023183335455657164,0.0,-0.012328875680843105,-0.007618688093336726,0.011559786859037711,-0.011731161825687942,-0.005177066604429405
2014-10-16,5.7,0.0,-0.023183335455657164,0.0,-0.013209442165547248,-0.010216432567510907,-0.014691575048957725,-0.01116772647076891,-0.007954193999375683
2014-10-17,5.7,0.0,-0.023183335455657164,0.0,0.014541359135433972,0.0025721703490328767,0.00497980289370228,0.020609487460066665,0.04469730714403964
2014-10-20,5.7,0.0,-0.023183335455657164,0.0,0.021173118243544658,0.008428350849755293,0.013058432945318386,0.010261534915833622,0.013080689659060205
2014-10-21,5.7,0.0,-0.023183335455657164,0.0,0.026802805517574343,0.029348588953683332,0.02091053353735756,0.017986366547982597,0.02236027346286126
2014-10-22,5.7,0.0,-0.023183335455657164,0.0,0.005061468930724453,-0.0075123719261290705,-0.018180730312522445,-0.011203651578793194,-0.0040747384804851626
2014-10-23,5.7,0.0,-0.023183335455657164,0.0,0.01770863450725003,0.0006707628738065313,0.017968264566505333,0.014317772261369568,0.021085220403734485
2014-10-24,5.7,0.0,-0.023183335455657164,0.0,0.0037132066925164445,-0.08708689910327135,-0.0002125108973036142,0.02435672845901454,0.007840115295774924
2014-10-27,5.7,0.0,-0.023183335455657164,0.0,-0.0010462615628504402,0.010086229058262827,-0.05941649551848719,-0.004780644523692975,-0.00484622989155033
2014-10-28,5.7,0.0,-0.023183335455657164,0.0,0.015388342161690055,0.019195899110924574,0.09092476874046022,0.012554729588479491,0.006085066884604179
2014-10-29,5.7,0.0,-0.023183335455657164,0.0,0.005605856259631271,-0.004985489882515075,-0.019423818886007627,0.0027916378262517853,-0.06271592516107263
2014-10-30,5.7,0.0,-0.023183335455657164,0.0,-0.00335978982870046,0.016689776290915295,0.002349261190755237,-0.012302004914005607,-0.02333916254776597
2014-10-31,5.7,0.0,-0.023183335455657164,0.0,0.00948931711976124,0.021141175729614003,0.012657259155448224,0.01935592688557994,0.011804269435550054
2014-11-03,5.8,0.0,0.021097828964635745,0.0,0.012879871242912268,0.0008508451885895139,0.003675516902470035,0.01038214368257928,-0.014912399874122352
2014-11-04,5.8,0.0,0.021097828964635745,0.0,-0.007339555353014349,-0.009564116193101335,-0.015202121083190924,0.0027370492719495315,0.02512801719667392
2014-11-05,5.8,0.0,0.021097828964635745,0.0,0.002391436304955064,-0.02099086645501377,-0.03388283063012714,0.0060775182735192,-0.012351491194200544
2014-11-06,5.8,0.0,0.021097828964635745,0.0,0.00285583532191228,0.0004045832630584544,0.04342155280325142,0.017398857401584852,0.0057300018007231165
2014-11-07,5.8,0.0,0.021097828964635745,0.0,0.002847860889495376,0.010796433641957745,-0.004237520104653344,-0.00041054303695158993,0.004507346685211182
2014-11-10,5.8,0.0,0.021097828964635745,0.0,-0.0016526167437086528,0.01735665571999282,0.007176651035293924,0.0043043078822409256,-0.007968185109077987
2014-11-11,5.8,0.0,0.021097828964635745,0.0,0.007962506035180308,0.022362888602370356,0.03712310521679775,-0.00040885469894105656,-0.005213355657335096
2014-11-12,5.8,0.0,0.021097828964635745,0.0,0.014030174913735791,-0.0016038348634330756,-0.00791718940632346,-0.001843401321786133,0.0014730767656359685
2014-11-13,5.8,0.0,0.021097828964635745,0.0,0.014013621998183165,0.01582866053381798,0.010383526919173628,0.01687200587922818,-0.00630979185042029
2014-11-14,5.8,0.0,0.021097828964635745,0.0,0.011982672403909786,0.03520465178157001,0.027353797829441095,-0.0006047140516239236,0.008448806791006064
2014-11-17,5.8,0.0,0.021097828964635745,0.0,-0.0016654404929697005,-0.014657603425651452,-0.018336263991684153,-0.0024234342214958524,-0.008583546282862876
2014-11-18,5.8,0.0,0.021097828964635745,0.0,0.01289989638941627,0.005802656004081382,0.014540658522254748,-0.008376753736831296,0.0013459580497908262
2014-11-19,5.8,0.0,0.021097828964635745,0.0,-0.0069521847880574215,0.004942656682430793,-0.039416281025618075,-0.010726051773346318,-0.013679473898630992
2014-11-20,5.8,0.0,0.021097828964635745,0.0,0.014200813071661406,0.012175274426689132,0.0039077546937745025,0.009905078585272755,0.003675340526290728
2014-11-21,5.8,0.0,0.021097828964635745,0.0,0.0013746620775763124,0.006303069243084204,-0.02413193064827291,-0.014894700804708491,0.002035999304377315
2014-11-24,5.8,0.0,0.021097828964635745,0.0,0.018375686639821146,0.009008356645347357,0.01609840915023267,-0.008161483726617104,0.003519289242519681
2014-11-25,5.8,0.0,0.021097828964635745,0.0,-0.008720502558716139,-0.0017891564945635657,0.005537496580522171,-0.0025252465830021466,0.021652675319001342
2014-11-26,5.8,0.0,0.021097828964635745,0.0,0.011834267077715474,-0.00439728423344842,0.0014098547640615476,0.005881568470745934,0.025972162586328
2014-11-28,5.8,0.0,0.021097828964635745,0.0,-0.000588261245669213,0.015084857626778948,-0.015904386506489617,0.0012554988516775701,0.0010300211504076203
2014-12-01,5.6,0.0,-0.010493275715838656,0.0,-0.03299423144176345,-0.03804021479067347,-0.05411258800496576,0.016800207744609698,-0.03403473128303106
2014-12-02,5.6,0.0,-0.010493275715838656,0.0,-0.0038311268515557086,0.0009505311122191478,-0.0009069863900364785,-0.003296165852716429,0.0047823077862612475
2014-12-03,5.6,0.0,-0.010493275715838656,0.0,0.011277146072283415,-0.0305246361413495,-0.009246274862083455,-0.007872460081451626,-0.007716002500451657
2014-12-04,5.6,0.0,-0.010493275715838656,0.0,-0.0038028759483374674,0.001357724807881839,-0.004458233608202177,0.015683428312207665,0.004796120182570306
2014-12-05,5.6,0.0,-0.010493275715838656,0.0,-0.004251876134797142,-0.013660556048408374,-0.020222429011297772,-0.008636872570985662,0.014776036930764168
2014-12-08,5.6,0.0,-0.010493275715838656,0.0,-0.02286824465109724,-0.019345991649410702,-0.042693701977282617,-0.014981577788158614,0.0020932234616609195
2014-12-09,5.6,0.0,-0.010493275715838656,0.0,0.015187017476894755,0.018930062534918496,0.011733479978398154,-0.002308380502926408,0.004173247782741478
2014-12-10,5.6,0.0,-0.010493275715838656,0.0,-0.019198717691416293,-0.021542391762237455,-0.0330449959030178,-0.014605177977291502,-0.008626382419477326
2014-12-11,5.6,0.0,-0.010493275715838656,0.0,-0.002952031664081104,0.0049576235918150765,-0.004585420541004548,0.0057402515289769526,0.020142152264751776
2014-12-12,5.6,0.0,-0.010493275715838656,0.0,-0.017077142284902157,-0.00013013958683683356,-0.009041095023733813,-0.0046747317382531866,0.0012857626072661666
2014-12-15,5.6,0.0,-0.010493275715838656,0.0,-0.01376435949807434,-0.004075715991640557,-0.014402740197095514,-0.005981510047718216,-0.010851398445763242
2014-12-16,5.6,0.0,-0.010493275715838656,0.0,-0.013768793971399546,-0.03663510235531076,-0.031009110024997424,-0.032890226191383896,-0.030329095102661574
2014-12-17,5.6,0.0,-0.010493275715838656,0.0,0.02461238565968592,0.012863428305265469,0.03969498645814139,0.012761643384456001,0.01883323950983342
2014-12-18,5.6,0.0,-0.010493275715838656,0.0,0.029183395796939935,-0.003855111755441522,0.05868507914970849,0.038177520790192696,0.029644288169250764
2014-12-19,5.6,0.0,-0.010493275715838656,0.0,-0.007753027493944764,0.007262018500955475,0.0047080277535765935,0.0029420132752661153,0.0187014739298667
2014-12-22,5.6,0.0,-0.010493275715838656,0.0,0.010324196830172345,0.02189915254564472,0.01498139889757775,0.006691700702372116,0.019463947248215995
2014-12-23,5.6,0.0,-0.010493275715838656,0.0,-0.0035477683592161657,-0.0008158745593126145,-0.007349541060883608,0.009747873980314632,-0.010366604534312472
2014-12-24,5.6,0.0,-0.010493275715838656,0.0,-0.004720651241825124,-0.010700562216992601,0.005820952142920065,-0.006418974573619699,0.001982781134488038
2014-12-26,5.6,0.0,-0.010493275715838656,0.0,0.017522328732686478,0.01980071556809382,0.024707965182186813,-0.00541497389304639,0.00012394211328991848
2014-12-29,5.6,0.0,-0.010493275715838656,0.0,-0.0007020488411596346,0.009498890418686819,-0.009304873802173558,-0.009021850931527083,-0.009452894019101514
2014-12-30,5.6,0.0,-0.010493275715838656,0.0,-0.012277796036977505,-0.005591806296370405,-0.015538067760799705,-0.009103508297178238,-0.010047700612093365
2014-12-31,5.6,0.0,-0.010493275715838656,0.0,-0.019201830759591247,0.00016109436024795815,0.0008096494592120741,-0.012196730566295578,-0.01526381214701694
2015-01-02,5.7,0.0,-0.06313303952883631,1.0,-0.009558167799264761,-0.005914040122495067,-0.014036225169085667,0.006651839187527231,0.005496460715710996
2015-01-05,5.7,0.0,-0.06313303952883631,1.0,-0.028575830203378654,-0.02073069374229033,-0.042950328828715974,-0.009238269976070438,-0.016191583454551857
2015-01-06,5.7,0.0,-0.06313303952883631,1.0,9.393901126111386e-05,-0.02309805250552857,0.005648255842151179,-0.01478596582000458,-0.013564887239760433
2015-01-07,5.7,0.0,-0.06313303952883631,1.0,0.013924891254710726,0.010543956937772861,-0.0015631517125408972,0.012624544989808624,0.0
2015-01-08,5.7,0.0,-0.06313303952883631,1.0,0.03770251275338398,0.006812759380520335,-0.00156553106269541,0.028994532173474544,0.026308742431404433
2015-01-09,5.7,0.0,-0.06313303952883631,1.0,0.001072001888329575,-0.011818170381278284,-0.01898062692006783,-0.008440945872278182,-0.005643972060462395
2015-01-12,5.7,0.0,-0.06313303952883631,1.0,-0.024949498066761534,-0.018765211590182393,-0.021768130883067914,-0.012581207026229392,-0.013207350196837515
2015-01-13,5.7,0.0,-0.06313303952883631,1.0,0.008839589633466462,0.011362407445480715,0.010037948528329803,-0.005163432439874824,-0.0035255095532690695
2015-01-14,5.7,0.0,-0.06313303952883631,1.0,-0.0038177457918210237,-0.004999968410075042,-0.05826208511535263,-0.008666065067577838,-0.00222617749962382
2015-01-15,5.7,0.0,-0.06313303952883631,1.0,-0.02751543750216322,-0.021785701035730624,-0.0042646091303445875,-0.01049860448681865,-0.029670064889084243
2015-01-16,5.7,0.0,-0.06313303952883631,1.0,-0.007800405527225813,0.013121402610751216,0.006234752215779189,0.016572823694909256,0.015144376223490132
2015-01-20,5.7,0.0,-0.06313303952883631,1.0,0.0254312371629815,-0.004481346448052067,-0.005922112022732375,0.00323827455260653,0.014001072187975548
2015-01-21,5.7,0.0,-0.06313303952883631,1.0,0.007605039643175935,0.0266255183222718,0.023887916243012904,-0.010182951493813016,0.006536854701930359
2015-01-22,5.7,0.0,-0.06313303952883631,1.0,0.025682716889513856,0.04303046145131587,0.025366093948943954,0.0260092531443359,0.011788386294248214
2015-01-23,5.7,0.0,-0.06313303952883631,1.0,0.005147062115842726,0.006648407611927956,-0.0016380356186696048,0.0010599413043847353,0.002315485094834002
2015-01-26,5.7,0.0,-0.06313303952883631,1.0,0.0010616650027274325,-0.008777508890486037,0.025795883487268887,-0.0036099618146844415,-0.004248928518878379
2015-01-27,5.7,0.0,-0.06313303952883631,1.0,-0.035640965817580486,-0.009441849857626305,-0.002763444831417415,-0.09709809404024387,-0.022443585208211943
2015-01-28,5.7,0.0,-0.06313303952883631,1.0,0.05499254117953063,-0.009301429174865683,-0.03261671754106088,-0.03506670083110012,0.006051787636077831
2015-01-29,5.7,0.0,-0.06313303952883631,1.0,0.030658657470590697,0.025566165189589755,0.028822750890941436,0.01971239886797155,0.022822617306187492
2015-01-30,5.7,0.0,-0.06313303952883631,1.0,-0.014741940438949677,0.12849514892877184,-0.007827891211321799,-0.0390777817705891,-0.02716045191845197
2015-02-02,5.5,0.0,0.013393057336438035,0.0,0.01246868616977627,0.027651261355507578,0.03541650455001054,0.021548258147499,-0.012193625661093908
2015-02-03,5.5,0.0,0.013393057336438035,0.0,0.00016877371694923657,-0.002527378513748023,0.03457130456060133,0.007721625595250269,0.005452597289621584
2015-02-04,5.5,0.0,0.013393057336438035,0.0,0.007639961992243819,0.0032953190647652506,0.0008697468597585222,0.005753630575473232,0.0030456705249581406
2015-02-05,5.5,0.0,0.013393057336438035,0.0,0.0071122723635936354,0.024749489304619617,0.01110267180298662,0.014473881873353125,-0.0002644774067468314
2015-02-06,5.5,0.0,0.013393057336438035,0.0,-0.008456725216391408,0.0010425830406616764,-0.016562460365371068,-0.0009431013560356009,-0.015192228999448863
2015-02-09,5.5,0.0,0.013393057336438035,0.0,0.006620788630880667,-0.00998884955846854,0.0005518871416418817,-0.0011794390828883889,-0.00040287191103052507
2015-02-10,5.5,0.0,0.013393057336438035,0.0,0.01902914162503032,0.006563030833522425,-0.005486790495772485,0.0056496344953417725,0.010024855796776358
2015-02-11,5.5,0.0,0.013393057336438035,0.0,0.023168474063114168,0.005720888815523967,-0.016267296304893594,-0.005177946482218559,0.017403219188326633
2015-02-12,5.5,0.0,0.013393057336438035,0.0,0.012572930562730983,0.005396701104405952,-0.047738135628800464,0.016614387193751752,-0.003666425691321938
2015-02-13,5.5,0.0,0.013393057336438035,0.0,0.004890484388040371,0.012279459098634262,0.004377269986898078,0.01794002400544822,-0.006448745005058993
2015-02-17,5.5,0.0,0.013393057336438035,0.0,0.005884483722571278,-0.01690343200013241,0.0028422373753069544,0.00045873369613333903,-0.0018501191717903529
2015-02-18,5.5,0.0,0.013393057336438035,0.0,0.006938538801582079,-0.005502082900133491,0.0005381783039690399,-0.0011477417291886106,0.014575887903749167
2015-02-19,5.5,0.0,0.013393057336438035,0.0,-0.002100005562552358,0.014966312035109902,0.034845074204363315,-0.000689585698960949,0.03471811206419471
2015-02-20,5.5,0.0,0.013393057336438035,0.0,0.008141141505761399,0.012220527796125482,0.02518669958065304,0.008241976701326186,0.006025561344527572
2015-02-23,5.5,0.0,0.013393057336438035,0.0,0.026668238358619777,-0.009217168822113446,-0.046044145136946664,0.006590067682430774,-0.01335532180814725
2015-02-24,5.5,0.0,0.013393057336438035,0.0,-0.006260008286820259,-0.004085748360366676,-0.015700937648674383,-0.0013596523893907842,-0.0049588997945320965
2015-02-25,5.5,0.0,0.013393057336438035,0.0,-0.025906170090571754,0.017750023321773792,-0.0017162494669841497,-0.0022710152310170123,0.014049869289222697
2015-02-26,5.5,0.0,0.013393057336438035,0.0,0.012577018097911391,-0.001480172383095798,0.01669345934649604,0.0015900899524566295,0.010627216193031926
2015-02-27,5.5,0.0,0.013393057336438035,0.0,-0.015142286170475324,-0.012131520665915154,-0.0187568262214745,-0.00477736623908547,-0.01807050639055112
2015-03-02,5.4,0.0,0.006629858538669582,0.0,0.004892213690368184,0.014364015123052923,-0.030002041037217854,0.0006837781040248012,0.009828503649080179
2015-03-03,5.4,0.0,0.006629858538669582,0.0,0.0020891403962736885,-0.0027264055823154843,0.011237539737762316,-0.013768082280741471,-0.0018825800750129258
2015-03-04,5.4,0.0,0.006629858538669582,0.0,-0.0063589736475283066,-0.004926161193133822,0.014328632289798915,-0.005096352690126698,0.016199840947499943
2015-03-05,5.4,0.0,0.006629858538669582,0.0,-0.016709436187959427,0.013263489096297565,-0.008981189592245054,0.001160572995166483,0.0038246681686008406
2015-03-06,5.4,0.0,0.006629858538669582,0.0,0.0015018631888678374,-0.020159086597809534,-0.034222991262336,-0.017550048974162295,-0.014886790780684103
2015-03-09,5.4,0.0,0.006629858538669582,0.0,0.004256385309770563,-0.004033482888479241,-0.015594438016240424,0.011500890534142454,-0.007149769463606532
2015-03-10,5.4,0.0,0.006629858538669582,0.0,-0.020902809485599715,-0.024196744784348488,-0.002938104609135431,-0.019322082866395897,-0.024079111429689905
2015-03-11,5.4,0.0,0.006629858538669582,0.0,-0.018399650200912502,-0.008534029363169621,0.017810238003898436,-0.0011904126392803715,0.0002577629285354144
2015-03-12,5.4,0.0,0.006629858538669582,0.0,0.01791760067345679,0.021253517088100537,-0.01387723588855585,-0.02313339907769394,0.01738073444792647
2015-03-13,5.4,0.0,0.006629858538669582,0.0,-0.006934431946181364,-0.009827987507792043,-0.012587386429474445,0.008737776889737389,-0.011211711708321472
2015-03-16,5.4,0.0,0.006629858538669582,0.0,0.010944108256012242,0.0074469833398575465,0.036530447505924324,0.004340477147584303,0.0002562103567030121
2015-03-17,5.4,0.0,0.006629858538669582,0.0,0.01658828876953342,-0.0038374794735981962,-0.0049688967921734046,0.0033633539900297877,0.016388569670405417
2015-03-18,5.4,0.0,0.006629858538669582,0.0,0.011193361203343103,0.008620474519045398,0.03024707436572859,0.019002598819381343,0.019342990685358566
2015-03-19,5.4,0.0,0.006629858538669582,0.0,-0.007578886310567657,-0.005077608480877715,-0.025533757903858405,-0.004953158827149991,0.022486530210661222
2015-03-20,5.4,0.0,0.006629858538669582,0.0,-0.012628410497591766,0.013967947123365439,0.012343618570630861,0.013854472595941754,0.012609177577194517
2015-03-23,5.4,0.0,0.006629858538669582,0.0,0.010351111618366047,-0.008970268052454936,0.007794746195763983,-0.00046643239002476045,0.007489561738661014
2015-03-24,5.4,0.0,0.006629858538669582,0.0,-0.004095920176224309,-0.0027229378138794243,0.010414901829068896,0.0009329594469866077,0.01036887010888512
2015-03-25,5.4,0.0,0.006629858538669582,0.0,-0.026474247521212902,-0.008402162599518113,-0.03747727079732416,-0.03414258040504166,-0.02841540486425252
2015-03-26,5.4,0.0,0.006629858538669582,0.0,0.006946193739838803,-0.009779169500559888,-0.020223661788001102,-0.006048341204050621,0.001084829451520181
2015-03-27,5.4,0.0,0.006629858538669582,0.0,-0.00800030438119624,0.008700279674878311,-0.028823861915902877,-0.005840758040806265,0.003487751892427718
2015-03-30,5.4,0.0,0.006629858538669582,0.0,0.024999260536209503,0.010816716379716264,0.02966381526583562,-0.00024417037896625344,-0.0012013727591196495
2015-03-31,5.4,0.0,0.006629858538669582,0.0,-0.01547074311761882,-0.00666947398762797,-0.009490228947205274,-0.007351545642417626,-0.011848822312439961
2015-04-01,5.4,0.0,-0.013303965626362702,0.0,-0.0014478461747164,-0.004957122812163059,-0.006270690148005495,0.0014749240942437734,-0.006711817487335644
2015-04-02,5.4,0.0,-0.013303965626362702,0.0,0.008574891728315692,0.005360142637337408,0.01801467764900878,-0.010616018355662263,-0.0013478240093834487
2015-04-06,5.4,0.0,-0.013303965626362702,0.0,0.016068641600454223,0.012785614000309035,0.06142509264600836,0.03079399261672776,0.010731880120629622
2015-04-07,5.4,0.0,-0.013303965626362702,0.0,-0.010577777360514285,-0.006999740390030553,0.0007382967353085246,-0.00048179619363157957,-0.0014566484527553986
2015-04-08,5.4,0.0,-0.013303965626362702,0.0,-0.0032590988284099506,0.017972639576541403,0.021513574325074822,-0.0026514501377052934,-0.0004862082876011971
2015-04-09,5.4,0.0,-0.013303965626362702,0.0,0.00761413470206524,0.006119776472180107,0.01158564245693915,0.001447126752387809,-0.0013377315408634447
2015-04-10,5.4,0.0,-0.013303965626362702,0.0,0.0042579309610056406,-0.002323202927133299,0.003848138043136459,0.005769260492465798,-0.001583274601119483
2015-04-13,5.4,0.0,-0.013303965626362702,0.0,-0.001968949343321512,-0.0007581425134450244,-0.005324746976747791,0.0009584404087473378,0.011754067437560791
2015-04-14,5.4,0.0,-0.013303965626362702,0.0,-0.004345057013168617,0.007166474179881308,-0.01112082935895186,-0.00263736209619214,0.006125021238076689
2015-04-15,5.4,0.0,-0.013303965626362702,0.0,0.0037931451615234382,-0.004319782926109481,0.0017818964701395738,0.01453904359836189,-0.009745643489754277
2015-04-16,5.4,0.0,-0.013303965626362702,0.0,-0.004823144595571599,0.006731727364913847,-0.005451990154159205,-0.002368734837453165,-0.004847854086008216
2015-04-17,5.4,0.0,-0.013303965626362702,0.0,-0.01131832373555699,-0.027522754520884297,0.000435356518677135,-0.012890710415970012,-0.018763038310981656
2015-04-20,5.4,0.0,-0.013303965626362702,0.0,0.02258836681095842,0.036471305516949735,-0.00737762051520866,0.030523393603103535,0.028194779379281214
2015-04-21,5.4,0.0,-0.013303965626362702,0.0,-0.005421920033734642,0.004278268482925638,0.019967868746211544,-0.006311572786638011,0.006358437264717107
2015-04-22,5.4,0.0,-0.013303965626362702,0.0,0.013383665972961678,-0.0035340375596052956,0.04678474050637763,0.008174347505763811,0.012006093447126508
2015-04-23,5.4,0.0,-0.013303965626362702,0.0,0.008130758205296415,0.0004873365248035342,-0.0038352543420964373,0.008108789863552304,-0.02658191658559563
2015-04-24,5.4,0.0,-0.013303965626362702,0.0,0.004693133490279863,0.13217782645721562,-0.0007779222876597997,0.09941277503609139,-0.010735996008212368
2015-04-27,5.4,0.0,-0.013303965626362702,0.0,0.018028095371553487,-0.014802328720787992,0.0583302672383117,0.0033366961449529885,0.0046503582530592145
2015-04-28,5.4,0.0,-0.013303965626362702,0.0,-0.01588114046761275,-0.021317346584747692,-0.004631839899719443,0.023254544275500326,-0.015130629725192126
2015-04-29,5.4,0.0,-0.013303965626362702,0.0,-0.014815125045226682,0.00013976146658735783,0.008511120452263243,-0.002036288617551111,-0.0026060016882132
2015-04-30,5.4,0.0,-0.013303965626362702,0.0,-0.027504829128725494,-0.017835140106403087,-0.02791897023681704,-0.008597615587696724,-0.021352478275379602
2015-05-01,5.6,0.0,0.08756925705988672,1.0,0.02991165563529054,0.0025808892506080355,-8.841021510166788e-05,0.00041129171083860823,0.0027892128362647078
2015-05-04,5.6,0.0,0.08756925705988672,1.0,-0.001940474396137079,0.0004019838049338454,0.019626467298796236,-0.008668872098858414,-0.002281344575975497
2015-05-05,5.6,0.0,0.08756925705988672,1.0,-0.02279073135910668,-0.0043827314519974065,0.010529570494660813,-0.013355788537998462,-0.01598823050700617
2015-05-06,5.6,0.0,0.08756925705988672,1.0,-0.006299378982482174,-0.004974474679941024,-0.010876662094637066,-0.028123160640751314,0.006938151069246647
2015-05-07,5.6,0.0,0.08756925705988672,1.0,0.006165943519062519,0.018393385562940696,0.027268756923558395,0.009034069132877584,0.004216551870907452
2015-05-08,5.6,0.0,0.08756925705988672,1.0,0.018665485497060083,0.01582704434698185,-0.0008026891786145386,0.022235509032157562,0.0010194868466826049
2015-05-11,5.6,0.0,0.08756925705988672,1.0,-0.01023887353710878,-0.0019387370635095265,0.012098410758755259,-0.007990115331663359,-0.006388911616959518
2015-05-12,5.6,0.0,0.08756925705988672,1.0,-0.003568565254807917,-0.004236723783933855,0.02168478414483605,-0.0004223060792232974,-0.007075321111461265
2015-05-13,5.6,0.0,0.08756925705988672,1.0,0.001111553902419676,-0.009674996692712878,-0.006394518342469454,0.005895836240694529,0.012572287605382248
2015-05-14,5.6,0.0,0.08756925705988672,1.0,0.02306354326295503,0.012594017600344542,0.003776028799023596,0.02262677329393948,0.0366727777788986
2015-05-15,5.6,0.0,0.08756925705988672,1.0,-0.0013969551918021365,-0.014634230809673496,0.019232142191383122,-0.00865778312448769,-0.011743956722909125
2015-05-18,5.6,0.0,0.08756925705988672,1.0,0.010966992846822706,-0.0017856359365701227,-0.0003617749088878535,-0.006022409634460639,0.005703801390238229
2015-05-19,5.6,0.0,0.08756925705988672,1.0,-0.000922083005621923,-0.008335766490117151,-0.0064933318726669185,-0.002519063948890074,-0.0030957995040779744
2015-05-20,5.6,0.0,0.08756925705988672,1.0,-7.697725128822682e-05,0.0050853414440791295,-0.011353287570736796,0.0,-0.0009926681345190876
2015-05-21,5.6,0.0,0.08756925705988672,1.0,0.010174012597909735,0.01816544858996659,0.005183918619289489,-0.003368310594487165,-0.0008694414529963987
2015-05-22,5.6,0.0,0.08756925705988672,1.0,0.008714941474489705,-0.009310350922674376,0.008553835328295118,-0.011026337789183134,0.0007452408865833752
2015-05-26,5.6,0.0,0.08756925705988672,1.0,-0.02227741333862631,-0.005063886094626784,-0.001090469364007163,-0.006631708729464227,-0.015137662965324221
2015-05-27,5.6,0.0,0.08756925705988672,1.0,0.018497741209412236,0.013887592912888979,-0.00012128808890102426,0.021656671686121128,0.015261863531737297
2015-05-28,5.6,0.0,0.08756925705988672,1.0,-0.0019711469478603714,-0.011305538821696852,0.016116428556298173,-0.003365997676777605,-0.004978271478651151
2015-05-29,5.6,0.0,0.08756925705988672,1.0,-0.011447971582098723,0.006216398486480132,-0.0025883372774883786,-0.012512013137664242,-0.012049814767917548
2015-06-01,5.3,0.0,0.04791335569589745,0.0,0.0019936886372904955,0.003929522453572549,-0.005397323849431632,0.007864988942699117,0.0137949967552159
2015-06-02,5.3,0.0,0.04791335569589745,0.0,-0.004452832220372022,0.00016242924792519466,-0.004419362352227391,-0.006585500858379997,0.0018665120550261363
2015-06-03,5.3,0.0,0.04791335569589745,0.0,0.0012301634433663849,0.012909683360482354,0.0025736219652755413,-0.0014931950896114635,0.024559204243470002
2015-06-04,5.3,0.0,0.04791335569589745,0.0,-0.00585756145081492,-0.01339705027547289,-0.012406423354541639,-0.010513639219549498,-0.0047420267441094345
2015-06-05,5.3,0.0,0.04791335569589745,0.0,-0.0055039432107947175,-0.00893059519904854,0.013008689596127656,-0.004756927389794017,0.0010962322240055417
2015-06-08,5.3,0.0,0.04791335569589745,0.0,-0.006628780011375674,-0.00811342514389438,0.028294672033666528,-0.008925659065182424,-0.01805829467968578
2015-06-09,5.3,0.0,0.04791335569589745,0.0,-0.002978062124403665,0.0046644732113107,-0.00113214509669344,-0.001750919582807393,0.0
2015-06-10,5.3,0.0,0.04791335569589745,0.0,0.011393334547320786,0.012356345908307004,-0.02092050364232466,0.020811373292148487,0.018301936306056577
2015-06-11,5.3,0.0,0.04791335569589745,0.0,-0.002252747057772703,0.005094164796486129,0.0028281472936911066,-0.0036542173872397346,-0.004024643528529056
2015-06-12,5.3,0.0,0.04791335569589745,0.0,-0.011104477976750527,-0.007069303623812147,-0.0028679764483065502,-0.010171990014674353,-0.003673116173867131
2015-06-15,5.3,0.0,0.04791335569589745,0.0,-0.0019676875784244,-0.01464429435721301,-0.0012374338282701012,-0.010716275458243945,-0.01010836235488648
2015-06-16,5.3,0.0,0.04791335569589745,0.0,0.005343122486489652,0.008437903938059568,0.010883927745015778,0.007666279487272651,0.004327232640545116
2015-06-17,5.3,0.0,0.04791335569589745,0.0,-0.0023533463516518514,0.0012863624751618726,0.028393631742213578,0.003049995970971164,0.008965219483208933
2015-06-18,5.3,0.0,0.04791335569589745,0.0,0.004545396882839168,0.02670825222184991,0.005667283729091548,0.016183231141044398,0.0136007329135939
2015-06-19,5.3,0.0,0.04791335569589745,0.0,-0.010059702985640228,-0.010225263170542422,0.002364655052021524,-0.013359500483410426,-0.004836223925581046
2015-06-22,5.3,0.0,0.04791335569589745,0.0,0.007946247702134259,0.003145077468608174,-0.010415685822857295,0.0028156837250803415,0.026668185771679957
2015-06-23,5.3,0.0,0.04791335569589745,0.0,-0.00455550661809578,0.021989311417397437,0.029881379086844274,-0.006945264812123758,0.03638463824140305
2015-06-24,5.3,0.0,0.04791335569589745,0.0,0.00846620166418228,-0.011614518831298546,-0.009383820283772002,-0.005898590452312649,0.01108972840491221
2015-06-25,5.3,0.0,0.04791335569589745,0.0,-0.0047729003494607096,-0.0016800538374842117,0.01355925805276423,0.00021927499148752732,-0.009952385133745722
2015-06-26,5.3,0.0,0.04791335569589745,0.0,-0.0058996983193370985,-0.0045547095123684034,-0.006344692767190736,-0.008580108385695954,0.0003408809976038064
2015-06-29,5.3,0.0,0.04791335569589745,0.0,-0.017670109082671706,-0.018987650467357453,-0.019164806231762376,-0.019860250833610774,-0.025431377263648795
2015-06-30,5.3,0.0,0.04791335569589745,0.0,0.007201032406732029,0.009792319313729854,0.023535842676817006,-0.004970407573005457,-0.00034984207940531994
2015-07-01,5.2,0.0,0.013552966404703668,0.0,0.009284732596516472,0.007573314318589781,0.0033121051692337686,0.006771992879766463,0.013203838342367
2015-07-02,5.2,0.0,0.013552966404703668,0.0,-0.001264523740727676,0.0007313792115561281,0.03959218179886062,-0.0011253856786223248,0.004362760346237514
2015-07-06,5.2,0.0,0.013552966404703668,0.0,-0.003485843608386477,-0.0038226041830913536,-0.0010718486621204945,-0.00022554887483999393,0.002974205242550336
2015-07-07,5.2,0.0,0.013552966404703668,0.0,-0.0024636663974726566,0.0015582933786275465,-0.04324998266363249,-0.002029329411429273,-0.00377639869366829
2015-07-08,5.2,0.0,0.013552966404703668,0.0,-0.02513616423482982,-0.01620495854921257,-0.04943247714978346,-0.0013554116584246513,-0.018164460083202556
2015-07-09,5.2,0.0,0.013552966404703668,0.0,-0.020607261626775477,0.010855409939170349,0.011542844689962467,0.006309429561830382,0.002681763554960647
2015-07-10,5.2,0.0,0.013552966404703668,0.0,0.02638322849577933,0.02077765950262371,0.004757516993591066,0.002019112242049377,0.023817457543745004
2015-07-13,5.2,0.0,0.013552966404703668,0.0,0.019121811173897545,0.02682897612278171,0.011547946093778832,0.020633279201168996,0.024151730303670634
2015-07-14,5.2,0.0,0.013552966404703668,0.0,-0.0003984576644838722,0.021713079555152615,0.01322461194395776,0.0017550480853087596,-0.004672420032650478
2015-07-15,5.2,0.0,0.013552966404703668,0.0,0.009587260639396808,-0.009452349965458655,-0.009493350092744896,0.003064014570093214,0.0008917388936845776
2015-07-16,5.2,0.0,0.013552966404703668,0.0,0.013237835542566618,0.03051473282903452,0.013363230698704974,0.0194768986694487,0.012070178164653436
2015-07-17,5.2,0.0,0.013552966404703668,0.0,0.008600593712276634,0.01571250303118269,0.02948450757237186,-0.0008578180913498912,0.04435119042142576
2015-07-20,5.2,0.0,0.013552966404703668,0.0,0.018724804433769497,0.01048300082484486,0.027294636659552916,0.006414825644256659,0.030487783751521006
2015-07-21,5.2,0.0,0.013552966404703668,0.0,-0.010045175761346468,-0.00020494080940346978,-0.05644179613123731,0.007642926641505776,0.004890586366592376
2015-07-22,5.2,0.0,0.013552966404703668,0.0,-0.04321478909233888,0.0005531344451505448,0.004114947181273161,-0.037495895519263314,-0.013815952495702872
2015-07-23,5.2,0.0,0.013552966404703668,0.0,-0.00047909754375821125,-0.012551067355651577,-0.0025043254332856916,0.0124386123692558,-0.01662538276725584
2015-07-24,5.2,0.0,0.013552966404703668,0.0,-0.005287269694043518,0.09346463575117221,-0.00672163769474665,-0.0036936265367034753,0.015697470388825872
2015-07-27,5.2,0.0,0.013552966404703668,0.0,-0.013993079479749813,0.003751736482401084,-0.0478468521890086,-0.01292603936713329,-0.029093724499632673
2015-07-28,5.2,0.0,0.013552966404703668,0.0,0.004956333265023085,-0.01017557202723197,0.045621401391761185,-0.00022053014460165658,0.011823246142870218
2015-07-29,5.2,0.0,0.013552966404703668,0.0,-0.0031661076637748134,0.0056302031879088225,-0.0037833480487480878,0.02073676031049883,0.017682893264369105
2015-07-30,5.2,0.0,0.013552966404703668,0.0,-0.005053694427641762,0.014562582082145127,0.011194777500451487,0.012665013646239962,-0.018523021355206518
2015-07-31,5.2,0.0,0.013552966404703668,0.0,-0.008782196691863187,-0.0011370388129638095,-0.0024017057645460025,-0.0038475259167056546,-0.012683517500208042
2015-08-03,5.1,0.0,-0.0019249284095843938,0.0,-0.02386030204011006,-0.002091214682903946,-0.02341693366667038,0.002353150702151507,0.0013816568804040892
2015-08-04,5.1,0.0,-0.0019249284095843938,0.0,-0.03261003692940692,-0.005867313359490785,0.023905279104246856,0.015474790451282382,-0.0008501502166174429
2015-08-05,5.1,0.0,-0.0019249284095843938,0.0,0.006607798666755118,0.009561244357738303,0.014354910391804768,0.0008405715206090065,0.02498830713257838
2015-08-06,5.1,0.0,-0.0019249284095843938,0.0,0.0021736614623856444,-0.014159117203467297,-0.09304349445674888,-0.020383033801392808,-0.013781729078591655
2015-08-07,5.1,0.0,-0.0019249284095843938,0.0,0.003381859125653882,-0.013002960688429046,-0.014816884909300457,0.0025712498695513518,-0.008658211062405108
2015-08-10,5.1,0.0,-0.0019249284095843938,0.0,0.03571194649364286,0.002637071045348761,-0.005665272337093259,0.012543841871481979,-0.0015918762930598792
2015-08-11,5.1,0.0,-0.0019249284095843938,0.0,-0.05344076429998767,0.006581288985736997,-0.015757566178395816,-0.019629650288404757,-0.005645280244120767
2015-08-12,5.1,0.0,-0.0019249284095843938,0.0,0.015302185148519788,-0.0029429145338807517,0.003364595943075023,0.007085808416922742,0.0060700393107884975
2015-08-13,5.1,0.0,-0.0019249284095843938,0.0,-0.0007814340080400403,0.007105195874011613,0.018058242572414077,-0.00021435062825175775,-0.00810151901354334
2015-08-14,5.1,0.0,-0.0019249284095843938,0.0,0.007009478526188392,0.0035055506963879903,0.0026355170560445813,0.00576168241483726,0.010540510705750667
2015-08-17,5.1,0.0,-0.0019249284095843938,0.0,0.010295347515179893,0.006937030886517252,0.04754579507431742,0.006785019155049698,-0.005203156127662126
2015-08-18,5.1,0.0,-0.0019249284095843938,0.0,-0.005649290684431267,-0.000373756509223592,0.022222705240830896,0.005515874408370661,0.0131148794149929
2015-08-19,5.1,0.0,-0.0019249284095843938,0.0,-0.012872125282852934,-0.003932793184296871,-0.021203538585942035,-0.014061075583168096,0.0014699547842589424
2015-08-20,5.1,0.0,-0.0019249284095843938,0.0,-0.020733343642652093,-0.032691014838186455,-0.05256225251947507,-0.020592278879598254,-0.051122101015999885
2015-08-21,5.1,0.0,-0.0019249284095843938,0.0,-0.06311320718093306,-0.04219384732642084,-0.048259598621907714,-0.05839583464077069,-0.050967850401587994
2015-08-24,5.1,0.0,-0.0019249284095843938,0.0,-0.025279036390335744,-0.06496054361794366,-0.05294364086806093,-0.032805200119013694,-0.04722869208333614
2015-08-25,5.1,0.0,-0.0019249284095843938,0.0,0.005993926274005981,0.006453422872329922,0.005285962390938471,-0.02946054031197951,0.011024514425747929
2015-08-26,5.1,0.0,-0.0019249284095843938,0.0,0.05577070667120567,0.07116757438876509,0.021625113606494616,0.053872110316052116,0.049248997352087015
2015-08-27,5.1,0.0,-0.0019249284095843938,0.0,0.029021328110816872,0.03454240059306778,0.07763125535114371,0.02748110839393915,0.028715550338261852
2015-08-28,5.1,0.0,-0.0019249284095843938,0.0,0.0032713933992160444,-0.0006947859679200845,0.022342022386702107,0.0006831727206902629,0.014164329077561875
2015-08-31,5.1,0.0,-0.0019249284095843938,0.0,-0.00468924280925424,-0.00993309597204411,0.0023315329812339173,-0.009376626780569743,-0.017513171396798182
2015-09-01,5.0,0.0,0.028491955794306027,0.0,-0.04572646447982702,-0.032397395121310214,-0.042779605118654994,-0.039846073971102576,-0.024907961858644488
2015-09-02,5.0,0.0,0.028491955794306027,0.0,0.04199457169572752,0.027824551312481318,0.03726373473123927,0.036162641410871194,0.030038324005621717
2015-09-03,5.0,0.0,0.028491955794306027,0.0,-0.01769137148280863,-0.011484759497810694,-0.008595998590490855,0.003223542237282278,-0.01954666368732849
2015-09-04,5.0,0.0,0.028491955794306027,0.0,-0.010016366518398058,-0.011397696150875184,-0.01493346749689931,-0.0206720006970709,0.0012468634434544812
2015-09-08,5.0,0.0,0.028491955794306027,0.0,0.02744093286606897,0.03648072176048199,0.025465472117565627,0.02959761745981552,0.014286822274676933
2015-09-09,5.0,0.0,0.028491955794306027,0.0,-0.01941981406509769,-0.0012567781186459805,0.002977404618816599,-0.01885975065891414,0.010113071018927755
2015-09-10,5.0,0.0,0.028491955794306027,0.0,0.021732158076744286,0.010297163664101251,-0.0017290732428101338,0.00509491543829764,0.01688449684379515
2015-09-11,5.0,0.0,0.028491955794306027,0.0,0.014463668927298487,0.013692615148410357,0.0070581602387096015,0.004379217861210821,0.000760695409020875
2015-09-14,5.0,0.0,0.028491955794306027,0.0,0.009585118119328214,-0.015340696921933065,0.011719740597531185,-0.010171054305053108,0.00282045608530245
2015-09-15,5.0,0.0,0.028491955794306027,0.0,0.00837707837792699,0.0018969878443180286,0.001499728214054951,0.02160525723292422,0.006371305703767976
2015-09-16,5.0,0.0,0.028491955794306027,0.0,0.0011173293007842484,0.009564143002022603,0.03365832894647959,0.007249561544193568,0.005902699869125378
2015-09-17,5.0,0.0,0.028491955794306027,0.0,-0.021621811959776187,0.021534090980653404,-0.0006866630064168644,-0.0011294626900176792,0.009478845642857905
2015-09-18,5.0,0.0,0.028491955794306027,0.0,-0.004134414988516733,0.002576149550911345,-0.005548217153139337,-0.01755430178204682,0.000635788353523639
2015-09-21,5.0,0.0,0.028491955794306027,0.0,0.015394500098601696,0.014936202215630164,0.013642977216394011,0.014385482092966898,0.012108586878875609
2015-09-22,5.0,0.0,0.028491955794306027,0.0,-0.01583528800999026,-0.018384944291586505,-0.012415868304537009,-0.00477213711347741,-0.027480363281623822
2015-09-23,5.0,0.0,0.028491955794306027,0.0,0.008080331940207252,-0.004337060639394074,0.0004597368093267585,-0.0006834389208607376,0.010806294678422245
2015-09-24,5.0,0.0,0.028491955794306027,0.0,0.005930504465751444,-0.004337155982388765,0.007859912445560249,0.0009112150233560956,0.004671610774825958
2015-09-25,5.0,0.0,0.028491955794306027,0.0,-0.0025250962976809854,-0.01795890931377515,-0.02388434853425441,0.0006827163951770637,-0.017523823087134162
2015-09-28,5.0,0.0,0.028491955794306027,0.0,-0.01998738576411609,-0.03927338173950382,-0.03356465899801779,-0.01490305533837272,-0.039130249638902596
2015-09-29,5.0,0.0,0.028491955794306027,0.0,-0.03052161491370752,-0.015978259064668845,-0.007190844829297469,0.00345888562719395,-0.028885284394952224
2015-09-30,5.0,0.0,0.028491955794306027,0.0,0.011305908359077925,0.03139272768568419,0.007070030341408839,0.01870060872458224,0.036590044026790405
2015-10-01,5.0,0.0,0.0,0.0,-0.0065492244816082335,0.017102700194569404,-0.03490154288586749,0.007876621361622881,0.01161188035329627
2015-10-02,5.0,0.0,0.0,0.0,0.0072739413174120774,0.022445600200184785,0.03155463266830967,0.021291763725047194,0.0122393717549026
2015-10-05,5.0,0.0,0.0,0.0,0.0036174939758404764,0.020702796539557356,-0.00575231068616969,0.02299452996733154,0.020852186342688962
2015-10-06,5.0,0.0,0.0,0.0,0.004772701779417045,-0.01146926859723264,-0.019237233296969004,0.002570181392080618,-0.012954748154869748
2015-10-07,5.0,0.0,0.0,0.0,-0.004772701779417098,0.008263728262103982,-0.040138936881572086,0.0010687191510044692,-0.0043195309383446704
2015-10-08,5.0,0.0,0.0,0.0,-0.01162167801834193,-0.01633369648571856,-0.022849132781449556,0.013793465268895957,0.0007572390494076314
2015-10-09,5.0,0.0,0.0,0.0,0.023645179189193174,0.012377089879623358,-0.02695673780977736,-0.007191319671024559,0.008292579977018617
2015-10-12,5.0,0.0,0.0,0.0,-0.004648825810016292,0.019064999316853213,-0.02342700383143294,-0.0023374355655582865,0.010880151790114
2015-10-13,5.0,0.0,0.0,0.0,0.0017009989714300458,-0.0023474269842082953,0.016880587647177092,-0.0023430998821039263,-0.001486259559140479
2015-10-14,5.0,0.0,0.0,0.0,-0.014234408748164245,-0.007442413670491155,-0.010868425439148318,-0.004488759549690354,-0.0005314945794833076
2015-10-15,5.0,0.0,0.0,0.0,0.014860448036610066,0.03181060173272864,0.020220199401692323,0.007044238707487072,0.019892235777661263
2015-10-16,5.0,0.0,0.0,0.0,-0.007357470947909774,0.014684357306616063,0.025429643865455483,0.010579666835564255,0.016331170982524262
2015-10-19,5.0,0.0,0.0,0.0,0.006194666795656911,0.004178628795449432,0.004790089906799497,0.002312929553173407,0.009489161612755412
2015-10-20,5.0,0.0,0.0,0.0,0.018093575638937386,-0.021640437393723278,-0.06835117046145145,0.003144870027801179,-0.01504075122192157
2015-10-21,5.0,0.0,0.0,0.0,-8.775944640122921e-05,-0.009152467645848823,-0.013896997938755871,-0.012004086236505947,0.0011331676691843672
2015-10-22,5.0,0.0,0.0,0.0,0.015179486172347956,0.014540110170808777,0.007728686982366763,0.017431892963934065,0.026020480503187886
2015-10-23,5.0,0.0,0.0,0.0,0.030524868182698176,0.06041703456412543,-0.012499911621996889,0.0960103738450229,0.024969203672494382
2015-10-26,5.0,0.0,0.0,0.0,-0.03243148512771377,0.015865991188240783,0.029081868404439975,0.025767088858430764,0.015342992250683292
2015-10-27,5.0,0.0,0.0,0.0,-0.006352199344239647,0.003935684634853103,-0.02307386560608883,-0.010376104321878635,-0.000674826078520048
2015-10-28,5.0,0.0,0.0,0.0,0.04037799195543125,0.009917716371994578,0.012331597380900512,0.005387035295041386,0.00481003557422818
2015-10-29,5.0,0.0,0.0,0.0,0.010508816797632265,0.015197489637304624,-0.006264837843194175,-0.011552217881945727,0.006504639326087894
2015-10-30,5.0,0.0,0.0,0.0,-0.008582087845152346,-0.0010379437598100534,-0.022458975944985506,-0.013585390633612493,-0.02813799053758837
2015-11-02,5.1,0.0,0.022223136784710256,0.0,0.01396076066307715,0.003906705122261544,0.03261373712572758,0.011333537115075999,0.013055604483490886
2015-11-03,5.1,0.0,0.022223136784710256,0.0,0.011405246357912893,-0.004849823028025014,-0.025774895577753698,0.016948108481532272,-0.0070913780705791915
2015-11-04,5.1,0.0,0.022223136784710256,0.0,-0.004661496836177318,0.024703971340571496,0.1059219136005671,0.004606253247849977,0.01317083237891539
2015-11-05,5.1,0.0,0.022223136784710256,0.0,-0.004620035629971171,0.022675677410498654,0.0006041858295331785,-0.0003678144351648484,0.04532981985633679
2015-11-06,5.1,0.0,0.022223136784710256,0.0,0.001156783989668369,0.005657632795229069,0.002542454778221519,0.009881163025644266,-0.015380616050792707
2015-11-09,5.1,0.0,0.022223136784710256,0.0,-0.004055666335986066,-0.005901677514696447,-0.030721921604877106,-0.01393453053511581,-0.005711938813328621
2015-11-10,5.1,0.0,0.022223136784710256,0.0,-0.03202448776816985,0.006371801622698443,-0.039975463341660966,-0.012074362537723248,0.013246603422275299
2015-11-11,5.1,0.0,0.022223136784710256,0.0,-0.005668218049977209,0.020361782245871995,0.011846407719766909,0.002612885509296537,0.010141821880301645
2015-11-12,5.1,0.0,0.022223136784710256,0.0,-0.003364489346410901,-0.011427833535744648,-0.02842651669418848,-0.006170041497850409,-0.009123162333961333
2015-11-13,5.1,0.0,0.022223136784710256,0.0,-0.02964363978110554,-0.03555551684774463,-0.02737417981437927,-0.00904339612711956,-0.03840643524660079
2015-11-16,5.1,0.0,0.022223136784710256,0.0,0.01624637046546372,0.008464080178710955,0.033787245996180895,0.01744744544427563,0.0008655277623436474
2015-11-17,5.1,0.0,0.022223136784710256,0.0,-0.00430056967213515,-0.006986209277764125,-0.0014474450123940017,-0.008272107505699244,0.010422162168932887
2015-11-18,5.1,0.0,0.022223136784710256,0.0,0.03117374706050663,0.030977875324577683,0.032503323710174184,0.016476673318280018,0.024801666349599016
2015-11-19,5.1,0.0,0.022223136784710256,0.0,0.012623740396943259,-0.003426870357171514,0.003296700922651906,0.0016700232583899792,-0.01411028714791785
2015-11-20,5.1,0.0,0.022223136784710256,0.0,0.0043682472934883166,0.010799405843003132,-0.00810313545175424,0.004624184732256945,0.009926067544126156
2015-11-23,5.1,0.0,0.022223136784710256,0.0,-0.013077543326296681,0.015644812781888586,-0.010325289314524337,0.0,-0.0034536599486398845
2015-11-24,5.1,0.0,0.022223136784710256,0.0,0.00955075281109116,-0.011613803368476512,0.00229354391959643,0.001106594283453819,-0.011378096438878231
2015-11-25,5.1,0.0,0.022223136784710256,0.0,-0.007175771545555536,0.006223590044783705,0.05087162574256423,-0.010376283199297504,-0.003125671691131443
2015-11-27,5.1,0.0,0.022223136784710256,0.0,-0.0018654480508967326,-0.0030846857313211024,0.008542120546783584,0.004460029616437644,0.00037924862842016616
2015-11-30,5.1,0.0,0.022223136784710256,0.0,0.00415069856380913,-0.012645237381074675,-0.005845827169811036,0.0077578068293826285,-0.011541031979989718
2015-12-01,5.0,0.0,0.0,0.0,-0.008148297748060323,0.021223168795362995,0.02965239508444062,0.015880908070650433,0.027253907722754846
2015-12-02,5.0,0.0,0.0,0.0,-0.009074778660195034,-0.0045016246967343925,-0.02216728039521691,-0.00018157111850178377,-0.00985044788584038
2015-12-03,5.0,0.0,0.0,0.0,-0.009331346561477582,-0.014542862655202382,0.0030987975992940553,-0.01846298049875842,-0.016061247315968842
2015-12-04,5.0,0.0,0.0,0.0,0.03270608787318788,0.00954529186108015,-0.010062873706305039,0.031062227759949785,0.01709771336776779
2015-12-07,5.0,0.0,0.0,0.0,-0.006320968087278602,-0.004186292980946955,0.0032501536272098092,-0.001790124338618719,-0.005382753590728212
2015-12-08,5.0,0.0,0.0,0.0,-0.00042277409160029766,0.01113464962931569,-0.01926452521184706,-0.0003584724844490545,0.008298074733135366
2015-12-09,5.0,0.0,0.0,0.0,-0.022322878261424383,-0.018687478684151916,-0.009750976347211632,-0.014625007039363635,-0.017907445003184145
2015-12-10,5.0,0.0,0.0,0.0,0.004745807885824059,-0.003722288377978472,0.011293491647282305,0.005260676341045254,0.007808588147554579
2015-12-11,5.0,0.0,0.0,0.0,-0.026075276621265762,-0.034046342569693445,-0.045268765577998055,-0.02213570179791321,-0.03180350550979078
2015-12-14,5.0,0.0,0.0,0.0,-0.006204192897555357,0.027365635063433754,0.007162505690348391,0.019780714127097046,0.02456828688504841
2015-12-15,5.0,0.0,0.0,0.0,-0.017850411808271963,0.001108929475256666,0.01141779682858444,0.0010875394924194912,-0.0010514532324480065
2015-12-16,5.0,0.0,0.0,0.0,0.007663584759771559,0.0256757540486396,0.05892837348959033,0.01670762375676133,0.021198703137791576
2015-12-17,5.0,0.0,0.0,0.0,-0.021424141394140624,-0.00760540519332874,-0.004787376861655864,-0.007690288207452195,-0.005351851846523015
2015-12-18,5.0,0.0,0.0,0.0,-0.02744232448029326,-0.009754435069844242,-0.012633510372626498,-0.028591511783912508,-0.020736967094090272
2015-12-21,5.0,0.0,0.0,0.0,0.012186216029796509,0.0005568800757596681,0.009070905109061408,0.012848616869490844,0.006992064658677909
2015-12-22,5.0,0.0,0.0,0.0,-0.0009321287514939113,-0.002048627001940745,-0.011286348541965068,0.009439363418190938,0.0070382597129606825
2015-12-23,5.0,0.0,0.0,0.0,0.012787563621702025,0.0008290357791071377,-0.0010878299663785369,0.008455517780713582,-0.00837547249376942
2015-12-24,5.0,0.0,0.0,0.0,-0.005354670555110444,-0.0013720937334212534,0.003780431193691777,-0.0026907661905271915,0.0037204868980332245
2015-12-28,5.0,0.0,0.0,0.0,-0.011263659564428248,0.0185507057627864,-0.007050851966452754,0.005016785770890235,0.008627705563276735
2015-12-29,5.0,0.0,0.0,0.0,0.017814254231882598,0.027419884076997837,0.035357883762594786,0.01066668938375324,0.012477410393115573
2015-12-30,5.0,0.0,0.0,0.0,-0.013144619636869446,-0.007085948930284084,0.003787272114281592,-0.0042525658503677405,-0.00974348763820432
2015-12-31,5.0,0.0,0.0,0.0,-0.019381515111660197,-0.019312533856740727,0.00803185157604771,-0.014849597874356942,-0.014795398058820545
2016-01-04,4.8,0.0,-0.0018331810816609605,0.0,0.0008548026790404751,-0.059276317391402614,-0.07167199374655636,-0.01233243833962528,-0.023589687191806187
2016-01-05,4.8,0.0,-0.0018331810816609605,0.0,-0.02537886569980705,-0.0050362826582582305,8.951101253942103e-05,0.004551700402131114,0.004977041711556955
2016-01-06,4.8,0.0,-0.0018331810816609605,0.0,-0.019763868757164613,-0.0018003578167065514,-0.019843788561297093,-0.018332283639468486,0.0023334705336428116
2016-01-07,4.8,0.0,-0.0018331810816609605,0.0,-0.043121013339351484,-0.039841165185002386,-0.015597626568759423,-0.03540195403836224,-0.05028703900098137
2016-01-08,4.8,0.0,-0.0018331810816609605,0.0,0.00527390297673346,-0.0014649816495862417,-0.021798618902587004,0.003062541995025248,-0.006043525660819666
2016-01-11,4.8,0.0,-0.0018331810816609605,0.0,0.016062671839302697,0.017456438647195635,-0.015041470598887025,-0.0005740722039005863,0.0018478079228399981
2016-01-12,4.8,0.0,-0.0018331810816609605,0.0,0.014408884733742643,0.00024284299430716287,0.010148015367819617,0.009136057848187256,0.01889519039505217
2016-01-13,4.8,0.0,-0.0018331810816609605,0.0,-0.026046831759800285,-0.06016654204035878,-0.04709850033150001,-0.021835852149536004,-0.04035231056965235
2016-01-14,4.8,0.0,-0.0018331810816609605,0.0,0.021635289388416197,0.0190504563776785,0.02888335550021133,0.02806866725918729,0.030237965991495228
2016-01-15,4.8,0.0,-0.0018331810816609605,0.0,-0.024308296642158042,-0.03924225838410732,-0.005788304635901255,-0.04073570287377129,-0.03517500084664989
2016-01-19,4.8,0.0,-0.0018331810816609605,0.0,-0.004850272550429708,0.007513188458676298,-0.0013180497358616836,-0.008468620630614198,0.0030489505718212123
2016-01-20,4.8,0.0,-0.0018331810816609605,0.0,0.0013440262195949376,-0.004728536149936751,-0.02984700672603167,0.004538628553882114,-0.009598578486871793
2016-01-21,4.8,0.0,-0.0018331810816609605,0.0,-0.005075819937373661,0.005668023638552371,0.006371174528862555,-0.0061222058353742614,-0.0020158275750555123
2016-01-22,4.8,0.0,-0.0018331810816609605,0.0,0.0518022352471502,0.03647325227997746,0.012819409432011437,0.035228155084225526,0.039359632049022555
2016-01-25,4.8,0.0,-0.0018331810816609605,0.0,-0.019715942107722945,0.0002514756298703957,-0.030935193433109923,-0.009608302037279958,-0.009540914561735277
2016-01-26,4.8,0.0,-0.0018331810816609605,0.0,0.0055156241781164845,0.007881289814971014,-0.014463994522802691,0.007310704989969058,0.0033958614495098348
2016-01-27,4.8,0.0,-0.0018331810816609605,0.0,-0.06796475408560394,-0.030223487844411107,-0.028773321328083013,-0.018377406594624852,-0.030139440834267558
2016-01-28,4.8,0.0,-0.0018331810816609605,0.0,0.007146292948590021,0.08538869217334837,0.00862962340794968,0.016266439339904668,0.1442860329069677
2016-01-29,4.8,0.0,-0.0018331810816609605,0.0,0.03395830956297267,-0.07915119292354683,0.007876153690118506,0.05657141523114427,0.02801546889216335
2016-02-01,4.9,0.0,-0.020389955703049294,0.0,-0.009392542133822731,-0.020985298936447353,0.029579034008357437,-0.006921783844639275,0.025342242229016758
2016-02-02,4.9,0.0,-0.020389955703049294,0.0,-0.020429335611990944,-0.04031036118155143,-0.07461581641391855,-0.03175447536007782,-0.004179392093085021
2016-02-03,4.9,0.0,-0.020389955703049294,0.0,0.01959913782038481,-0.03883536271861415,-0.05222091533974821,-0.01597620830141284,-0.016894326403830276
2016-02-04,4.9,0.0,-0.020389955703049294,0.0,0.008002831882402287,0.009725297854782525,0.01060764461422636,-0.0030720358915118802,-0.019715589323509163
2016-02-05,4.9,0.0,-0.020389955703049294,0.0,-0.027070796634107514,-0.06576003261553948,-0.07537675524991229,-0.03602609592551858,-0.05986125828114797
2016-02-08,4.9,0.0,-0.020389955703049294,0.0,0.010474677835204338,-0.028338744199446216,-0.09414848949038832,-0.015064819382492066,-0.04239668121370639
2016-02-09,4.9,0.0,-0.020389955703049294,0.0,-0.0002105587734501277,-0.01243098411350577,0.0017553033123812,-0.0026345676558381767,-0.002107497789164575
2016-02-10,4.9,0.0,-0.020389955703049294,0.0,-0.007608900932398904,0.017295163383573304,-0.03138101482046277,0.008688161329160428,0.014560937108638235
2016-02-11,4.9,0.0,-0.020389955703049294,0.0,-0.006064721277350453,0.02683455051919019,0.0462446823259849,-0.0004026461646529101,0.008969644735412565
2016-02-12,4.9,0.0,-0.020389955703049294,0.0,0.003090008067658275,0.0064497248637008404,0.0037809843708239777,0.016169724645169064,0.000980690640409602
2016-02-16,4.9,0.0,-0.020389955703049294,0.0,0.02780452313439378,0.02727318794641811,0.026976687450607925,0.018769587235253436,-0.003928924696306754
2016-02-17,4.9,0.0,-0.020389955703049294,0.0,0.015198580287514817,0.02464111086088663,0.08348200981104029,0.025699193234456394,0.03472144674313188
2016-02-18,4.9,0.0,-0.020389955703049294,0.0,-0.01913844708322327,-0.01718482189718473,-0.01138775377170307,-0.004397326130749284,-0.016581511623132955
2016-02-19,4.9,0.0,-0.020389955703049294,0.0,-0.0022880073229881613,0.018681582324656512,-0.0011399463291754239,-0.007114574238736516,0.01057479759298343
2016-02-22,4.9,0.0,-0.020389955703049294,0.0,0.008708273606164734,0.04496369647179335,0.06484609004893599,0.01588989212620838,0.024466400044034955
2016-02-23,4.9,0.0,-0.020389955703049294,0.0,-0.022864220691200424,-0.01179406802845524,-0.002986283132399764,-0.02831758953376804,-0.015991352337046665
2016-02-24,4.9,0.0,-0.020389955703049294,0.0,0.014780324899160655,0.0019874008292603204,0.01005033020281575,0.0035113676606995164,0.013374974267071939
2016-02-25,4.9,0.0,-0.020389955703049294,0.0,0.0068446393300058295,0.002001462317041723,0.04601958194893397,0.014305307205972288,0.011072584141374317
2016-02-26,4.9,0.0,-0.020389955703049294,0.0,0.0015489612375646589,0.0001440843730898221,0.015406524266142536,-0.015474337197955811,-0.0013889736624287394
2016-02-29,4.9,0.0,-0.020389955703049294,0.0,-0.002272730526988704,-0.004892808931288433,0.00831877164214484,-0.00822076143431917,-0.009309505003669363
2016-03-01,5.0,0.0,-0.04011999378942529,0.0,0.038946228972193644,0.046881936272885824,-0.029504076406392032,0.032865853171912124,0.02676183390439586
2016-03-02,5.0,0.0,-0.04011999378942529,0.0,0.002186179882350011,0.0020185571762998634,0.010622208018402699,0.007012180147633794,0.0011830772026899436
2016-03-03,5.0,0.0,-0.04011999378942529,0.0,0.007416365819169954,-0.0046989696560619815,0.03853837259694783,-0.011396260987650434,-0.003370839020567842
2016-03-04,5.0,0.0,-0.04011999378942529,0.0,0.014767447629645825,-0.0040776473798696386,0.026716728273089435,-0.006131385798103814,-0.010919028512676916
2016-03-07,5.0,0.0,-0.04011999378942529,0.0,-0.011128732919137881,-0.021689184810563263,0.02091968264788571,-0.019406514604116853,-0.024847101514750378
2016-03-08,5.0,0.0,-0.04011999378942529,0.0,-0.008280186262411168,-0.004523324423672128,-0.013189977507998208,0.012076358146092144,0.001889730473540087
2016-03-09,5.0,0.0,-0.04011999378942529,0.0,0.0008906904924187128,-0.0014110972070344532,0.029760047444229165,0.022778170102435737,0.01480542190281912
2016-03-10,5.0,0.0,-0.04011999378942529,0.0,0.0004944576961263157,-0.0009656123733343161,-0.017106002057076044,-0.015063709110861414,-0.0017688573272577426
2016-03-11,5.0,0.0,-0.04011999378942529,0.0,0.010716272152230527,0.018927620860452448,0.011243644655794076,0.019407304814311195,0.01928730450509905
2016-03-14,5.0,0.0,-0.04011999378942529,0.0,0.002539373884764049,0.006579373578707948,0.03620413638831722,0.0018822104657600792,0.004377593900059702
2016-03-15,5.0,0.0,-0.04011999378942529,0.0,0.019894399494960916,0.006345658149205671,0.01471801100064954,0.00786800785327268,0.007072857144526485
2016-03-16,5.0,0.0,-0.04011999378942529,0.0,0.013203381314997958,-0.004777285551767826,0.016308524049824493,0.014082457866836266,0.013552084953423233
2016-03-17,5.0,0.0,-0.04011999378942529,0.0,-0.0016056444039460366,-0.026163348823340673,0.019853015580359887,0.005687301631076852,-0.0103945890968692
2016-03-18,5.0,0.0,-0.04011999378942529,0.0,0.0011335887112274882,-0.013243321130635607,0.02770693369392232,-0.021637286268767642,0.003865756105476008
2016-03-21,5.0,0.0,-0.04011999378942529,0.0,-9.399217691168629e-05,0.003435596899328257,0.023692341709192745,0.006893134591422699,0.0035825889969367686
2016-03-22,5.0,0.0,-0.04011999378942529,0.0,0.007618613879436544,0.011665001910245174,-0.017268037103027073,0.003891704759032027,0.003569868358875954
2016-03-23,5.0,0.0,-0.04011999378942529,0.0,-0.005543928297490933,0.01619348377708438,-0.051059637668835235,-0.0018512541463929766,0.0025801933904768645
2016-03-24,5.0,0.0,-0.04011999378942529,0.0,-0.004343362956183029,0.023114338753498484,0.022961935986388595,0.004437121553064409,0.004521537426500729
2016-03-28,5.0,0.0,-0.04011999378942529,0.0,-0.004553014339891149,-0.0052974559029092295,0.010960586620732325,-0.012436466839270844,0.005645117946963466
2016-03-29,5.0,0.0,-0.04011999378942529,0.0,0.023395713494783303,0.02383969600342797,-0.0005647598115707201,0.021617456945388806,0.02132091653408965
2016-03-30,5.0,0.0,-0.04011999378942529,0.0,0.017308433255281305,0.008100298200387797,-0.014179021867915434,0.006195663060475029,-0.012476199492840925
2016-03-31,5.0,0.0,-0.04011999378942529,0.0,-0.00521620458039603,-0.008470877974365666,0.012613452861511764,0.0032642120498144397,-0.005244776844161108
2016-04-01,5.1,0.0,-0.0685752477598543,1.0,0.009133417988853903,0.008153451207283656,0.03346765340533194,0.006137273297757396,0.017032055144933177
2016-04-04,5.1,0.0,-0.0685752477598543,1.0,0.0102211833497842,-0.008911742986402993,0.0388013743491128,-0.0025224234435311486,-0.030709695861176497
2016-04-05,5.1,0.0,-0.0685752477598543,1.0,-0.01185898207401339,-0.01195611469764253,0.03375719467788817,-0.015819672679608238,-0.002936407363682035
2016-04-06,5.1,0.0,-0.0685752477598543,1.0,0.010418141017461469,0.026831688067412804,0.03820852140938891,0.010211205408271064,0.013190142712624966
2016-04-07,5.1,0.0,-0.0685752477598543,1.0,-0.022050717972063698,-0.017846970350456674,-0.03145950214721641,-0.01204589734078022,-0.0006158177136137767
2016-04-08,5.1,0.0,-0.0685752477598543,1.0,0.0011045994439577887,0.005345535630746494,-0.02811316237550365,-0.0007351237050334875,-0.026844271471227827
2016-04-11,5.1,0.0,-0.0685752477598543,1.0,0.0033075787905462914,0.0022342902436338235,-0.000600025756279789,-0.002023321102352222,-0.014935070974513277
2016-04-12,5.1,0.0,-0.0685752477598543,1.0,0.012940882633652676,0.012075917560596302,-0.008438153646491461,0.006240754963306381,0.014754065270462623
2016-04-13,5.1,0.0,-0.0685752477598543,1.0,0.014383587609330896,0.01913041375415018,0.026715974419241527,0.012727650793728826,-0.0009042678550797795
2016-04-14,5.1,0.0,-0.0685752477598543,1.0,0.0005353871628350517,0.00959891995387111,-0.010545300037645535,0.00018060573139086757,0.002981776825767789
2016-04-15,5.1,0.0,-0.0685752477598543,1.0,-0.02027558700261529,0.008246211345508382,0.010466726443964266,0.0052246765762289996,-0.010885538230874528
2016-04-18,5.1,0.0,-0.0685752477598543,1.0,-0.021810853600703985,0.015001377724516572,-0.0024784027649427595,0.01445035381555766,0.007360682623727286
2016-04-19,5.1,0.0,-0.0685752477598543,1.0,-0.005317498594379701,-0.011795093048061929,-0.025976524355888778,-0.0012405743345037343,0.016521906478513527
2016-04-20,5.1,0.0,-0.0685752477598543,1.0,0.0020560083635355717,0.008073688155408782,0.010455766684840656,-0.014288485471364997,0.0011570000814356937
2016-04-21,5.1,0.0,-0.0685752477598543,1.0,-0.010887349702091731,-0.003148782496958384,-0.006743463134253233,0.0034120349624647568,0.009032106809850166
2016-04-22,5.1,0.0,-0.0685752477598543,1.0,-0.0027402803052364697,-0.016780246010194188,0.021752130220696962,-0.07441144978544043,-0.025715628899980428
2016-04-25,5.1,0.0,-0.0685752477598543,1.0,-0.005693694273295266,0.009144199486108597,-0.007635052586515022,0.0063527688546351265,-0.004169270670542122
2016-04-26,5.1,0.0,-0.0685752477598543,1.0,-0.006971562827153281,-0.01499528076288244,0.007595589425314437,-0.01294065486426395,-0.012245430270159405
2016-04-27,5.1,0.0,-0.0685752477598543,1.0,-0.06462116846430065,-0.016854348372268575,-0.008986393867576518,-0.009767477431237551,0.001194530203343412
2016-04-28,5.1,0.0,-0.0685752477598543,1.0,-0.03104334538979424,-0.007562704717826353,-0.015065045092183262,-0.020627422044985255,0.0695255008903906
2016-04-29,5.1,0.0,-0.0685752477598543,1.0,-0.011560682864267053,0.09136096633272921,-0.028458107849049553,-0.0006014028239210158,0.007255264848300323
2016-05-02,4.8,0.0,-0.023232301493268537,0.0,-0.00106760448928744,0.036120202250886815,0.004310394689883249,0.01472949923694844,0.008384621434878845
2016-05-03,4.8,0.0,-0.023232301493268537,0.0,0.01631212264713756,-0.018492646756634798,-0.03999526402448902,-0.016535793590467546,-0.009661181821594991
2016-05-04,4.8,0.0,-0.023232301493268537,0.0,-0.010455247670866035,-0.0006259398253998102,-0.04291903900749786,0.0018062943535190267,0.005350532822756732
2016-05-05,4.8,0.0,-0.023232301493268537,0.0,-0.004067982788230926,-0.017759996103670374,-0.05082983803980337,0.0014028270484154007,-0.002119822107602172
2016-05-06,4.8,0.0,-0.023232301493268537,0.0,-0.0055922494593401975,0.02229583049430125,0.015945545968543053,0.00897005811029207,0.014159504515132084
2016-05-09,4.8,0.0,-0.023232301493268537,0.0,0.0007544254426475265,0.008569186690485535,-0.028360959252312884,-0.006370637238924552,-0.002094362075214346
2016-05-10,4.8,0.0,-0.023232301493268537,0.0,0.006766580752742737,0.033731387760508734,-0.0011014949326037086,0.01879575778848751,0.01051162541125133
2016-05-11,4.8,0.0,-0.023232301493268537,0.0,-0.009788337468284725,0.014347472831843011,0.0012929235721038251,0.00058785113080011,-0.00816606969845972
2016-05-12,4.8,0.0,-0.023232301493268537,0.0,-0.02373667926791377,0.0065681394001179914,-0.008072274349868633,0.00897048614865113,0.006338503295639085
2016-05-13,4.8,0.0,-0.023232301493268537,0.0,0.0019907021930109965,-0.011219818993391717,0.0015907370455505534,-0.008383065442911859,-0.003915192925006779
2016-05-16,4.8,0.0,-0.023232301493268537,0.0,0.03644651452687223,0.0010419002709790468,0.0032699891352643744,0.014576240007107145,-0.009560583267924192
2016-05-17,4.8,0.0,-0.023232301493268537,0.0,-0.004162887468376737,-0.021893876858918856,-0.01758124678436267,-0.018828100648050215,-0.011185552093954578
2016-05-18,4.8,0.0,-0.023232301493268537,0.0,0.011380095928109783,0.003130600442517069,0.03131343159274645,0.005922301804343193,0.002553164890010772
2016-05-19,4.8,0.0,-0.023232301493268537,0.0,-0.0038145112465693466,0.0015329075805936736,0.018950768032964343,-0.009690760901994163,-0.007165419108910384
2016-05-20,4.8,0.0,-0.023232301493268537,0.0,0.01076999379320897,0.006108565444622202,0.02328518965413239,0.005944084116635266,0.004612254218899693
2016-05-23,4.8,0.0,-0.023232301493268537,0.0,0.012627411072429106,-0.008645628781849027,-0.018603018878406003,-0.011723871180092037,-0.011829387334206071
2016-05-24,4.8,0.0,-0.023232301493268537,0.0,0.015129160780185284,0.010635670557085685,0.007785688457859806,0.030705316162405776,0.014807479331239862
2016-05-25,4.8,0.0,-0.023232301493268537,0.0,0.017416409087720106,0.0058759281815327965,0.007634532429218333,0.010220517585456616,0.0016129217371324556
2016-05-26,4.8,0.0,-0.023232301493268537,0.0,0.00789863460738438,0.009218314179923586,0.024916957414126993,-0.0044225045904548975,0.013313291763657807
2016-05-27,4.8,0.0,-0.023232301493268537,0.0,-0.0005972078146377679,-0.003741703526223667,-0.009282495150154764,0.008252559480378814,-0.0007536350691848096
2016-05-31,4.8,0.0,-0.023232301493268537,0.0,-0.004895585421602624,0.014703794693496877,0.0008515049013149798,0.012913377933258504,-0.004786149125825285
2016-06-01,4.9,0.0,-0.0325761704346126,0.0,-0.014118615985676375,-0.00464557924802742,-0.01657711283877643,-0.002834335940849933,-0.0002524360414916192
2016-06-02,4.9,0.0,-0.0325761704346126,0.0,-0.007543961721682491,0.012157494834424692,-0.0027364764140605756,-0.007025442841232968,0.0012620606799158905
2016-06-03,4.9,0.0,-0.0325761704346126,0.0,0.0020444185131685048,-0.003714412862365348,0.00013699201551336878,-0.013235180132812356,-0.003875278221208833
2016-06-06,4.9,0.0,-0.0325761704346126,0.0,0.007224459073850416,0.001638754436637447,0.007687650354747568,0.0065435638588475665,0.0026973699690948792
2016-06-07,4.9,0.0,-0.0325761704346126,0.0,0.004047479736878343,-0.004122751952452871,0.05148812328405689,-0.0005756442698993713,-0.008708510569806616
2016-06-08,4.9,0.0,-0.0325761704346126,0.0,-0.0009093255497614589,0.003998969897112789,0.013594012809874581,-0.0011524494137336002,0.005335578542955429
2016-06-09,4.9,0.0,-0.0325761704346126,0.0,0.0071504992231354115,0.0013889656182546066,-0.026503001317736564,-0.008103546472091026,0.001434918859893652
2016-06-10,4.9,0.0,-0.0325761704346126,0.0,-0.008262823393541285,-0.013475936868213923,-0.047180419918366065,-0.0027157571058446595,-0.016498391225208492
2016-06-13,4.9,0.0,-0.0325761704346126,0.0,-0.015191163345916737,-0.003726038382165039,-0.004213833134398357,-0.026374171350476327,-0.0231610773007949
2016-06-14,4.9,0.0,-0.0325761704346126,0.0,0.0012320780694973785,0.005660341395014478,-0.013446607255840357,-0.0062017609692641504,0.00865070456354495
2016-06-15,4.9,0.0,-0.0325761704346126,0.0,-0.0032886046493771906,-0.007031444367638922,0.012666011752708678,-0.0028136230987305076,-0.0029625500450548826
2016-06-16,4.9,0.0,-0.0325761704346126,0.0,0.004211904218762642,0.0045398004146631095,0.0010559968563871652,0.013988927707857366,-0.0018342223715504045
2016-06-17,4.9,0.0,-0.0325761704346126,0.0,-0.02302069628781608,-0.015619385122896904,-0.011352256561249705,-0.005172945735450168,-0.012048906013912702
2016-06-20,4.9,0.0,-0.0325761704346126,0.0,-0.0024158146425153054,0.010729489480786948,0.01944126218129586,-0.001197937658286805,0.0030920121338665675
2016-06-21,4.9,0.0,-0.0325761704346126,0.0,0.008481482889869446,0.0025317674181925638,-0.0004097037520193879,0.022122581067789807,0.008869504397435765
2016-06-22,4.9,0.0,-0.0325761704346126,0.0,-0.0037605431758912116,-0.00731909970913789,-0.11037687386846473,-0.00391485159707744,-0.004117496611368189
2016-06-23,4.9,0.0,-0.0325761704346126,0.0,0.005739585113894812,0.016026289384540253,-0.001323003098034977,0.01788196145753955,0.010218796971111237
2016-06-24,4.9,0.0,-0.0325761704346126,0.0,-0.0284980844361345,-0.03254236935774068,-0.0166862723601002,-0.0408941121436417,-0.02641461776850464
2016-06-27,4.9,0.0,-0.0325761704346126,0.0,-0.014667862725215317,-0.010932874119620612,0.02757384177571996,-0.028497703099844892,-0.028140291295906658
2016-06-28,4.9,0.0,-0.0325761704346126,0.0,0.016700214084869856,0.02371274872966297,0.01618663648550845,0.02063994683617815,0.033656749925737126
2016-06-29,4.9,0.0,-0.0325761704346126,0.0,0.00861729122328984,0.010747873650852587,0.04078429108931338,0.02200547637089449,0.012871749287612472
2016-06-30,4.9,0.0,-0.0325761704346126,0.0,0.012631769558765398,2.793283283991869e-05,0.009894302036775618,0.01238819928234427,0.0010504579552538212
2016-07-01,4.8,0.0,-0.07088681144702236,1.0,0.0030290867332012673,0.013959906890177258,0.019684363698009858,-0.0001953036395930872,-0.0007878746737135343
2016-07-05,4.8,0.0,-0.07088681144702236,1.0,-0.00943002704685576,0.0033292106288024307,-0.011708010190005998,0.0001953036395931212,8.746755280893123e-05
2016-07-06,4.8,0.0,-0.07088681144702236,1.0,0.005668347255778322,0.012976883279012188,0.002147404214086661,0.004095780927767637,0.021655273399691765
2016-07-07,4.8,0.0,-0.07088681144702236,1.0,0.004283000992205888,-0.0014110071229049223,0.0069706390878116345,0.0,-0.007310241833863863
2016-07-08,4.8,0.0,-0.07088681144702236,1.0,0.00768373772735183,0.012466649235593598,0.003882406200045303,0.017747259094381594,0.011926833895314567
2016-07-11,4.8,0.0,-0.07088681144702236,1.0,0.00309819848817057,0.010629633120740091,0.03623916222812251,0.0055296169382375235,0.005359376527961541
2016-07-12,4.8,0.0,-0.07088681144702236,1.0,0.004526261291097516,-0.007416850567350355,-0.0005784686275882068,0.011720381436828863,0.0005087046318278068
2016-07-13,4.8,0.0,-0.07088681144702236,1.0,-0.005661510677947794,-0.007485729713040711,-0.009481791981114011,0.005622470933919955,-0.009799331261977878
2016-07-14,4.8,0.0,-0.07088681144702236,1.0,0.019626291015924356,-0.0019274146344338784,-0.004503834745166498,0.004289061021955868,0.004357662930620226
2016-07-15,4.8,0.0,-0.07088681144702236,1.0,-0.00010084492192661739,-0.007801589339770667,-0.005114025755905355,-0.0007449422881727976,-0.0036727903432974005
2016-07-18,4.8,0.0,-0.07088681144702236,1.0,0.01057361130526397,0.0008563114551830428,0.02619652922656733,0.0048300358999099685,0.02125127038027593
2016-07-19,4.8,0.0,-0.07088681144702236,1.0,0.0004008392252483229,0.005257399883838424,-0.004385291037032523,-0.016254609092001084,0.010334173572992393
2016-07-20,4.8,0.0,-0.07088681144702236,1.0,0.0009003582796228146,0.0077675223360477675,0.013668059125303526,0.051755030896152715,0.010802996287158233
2016-07-21,4.8,0.0,-0.07088681144702236,1.0,-0.0053161764462931445,-0.0017313402742775172,-0.035025647680890844,-0.001969572120684379,-0.010802996287158162
2016-07-22,4.8,0.0,-0.07088681144702236,1.0,-0.007774151126713518,0.0005774465487074925,0.007995166372593208,0.013705238503886566,0.003228469835477433
2016-07-25,4.8,0.0,-0.07088681144702236,1.0,-0.013469741336128063,-0.007073281638809294,0.03422991407229569,0.002824130629889072,0.005193015480683031
2016-07-26,4.8,0.0,-0.07088681144702236,1.0,-0.006906787662024491,-0.005450127867068349,-0.0021761515127662386,0.0005286757275494279,-0.0033766313712816427
2016-07-27,4.8,0.0,-0.07088681144702236,1.0,0.06294015598963382,0.0014671556638082637,-0.004454145276064341,-0.010093100496306106,0.017337880652589885
2016-07-28,4.8,0.0,-0.07088681144702236,1.0,0.013411363964451199,0.0214071581925869,0.009235480159939757,0.00035584280630066977,0.013368882714402976
2016-07-29,4.8,0.0,-0.07088681144702236,1.0,-0.0012465416195228537,0.008204186814807538,0.01796357608986491,0.008326859542721346,-0.008516128162565662
2016-08-01,4.9,0.0,0.004728141195946116,0.0,0.017502640833503547,0.011699787950620771,-0.020568759460974036,-0.0017657805757528536,0.002980742801766208
2016-08-02,4.9,0.0,0.004728141195946116,0.0,-0.014915115334777988,-0.00936987872916021,-0.012292084744154984,0.0,-0.009862605554839955
2016-08-03,4.9,0.0,0.004728141195946116,0.0,0.012460354961854811,-0.007840509370718434,-0.006225314026186318,0.006869254967538199,-0.004723146972880801
2016-08-04,4.9,0.0,0.004728141195946116,0.0,0.0061584236238831,0.00809035091420748,0.021122582141450387,0.007345035103835293,0.014987980296098703
2016-08-05,4.9,0.0,0.004728141195946116,0.0,0.015093023964068536,0.006824930154292793,-0.0025182407097393686,0.009883098099053512,0.006332455764433852
2016-08-08,4.9,0.0,0.004728141195946116,0.0,0.008246476619268472,0.0007568958830049434,-0.01696698387372854,0.0017240719312480559,0.0008785188952355703
2016-08-09,4.9,0.0,0.004728141195946116,0.0,0.004051925681923694,0.0022803641761202646,0.012828586863653185,0.002408273102285964,-0.0015979374836430063
2016-08-10,4.9,0.0,0.004728141195946116,0.0,-0.007471980949506279,0.0003253564118527587,-0.015086200330822553,-0.0030976939543986177,-0.0014402685838584123
2016-08-11,4.9,0.0,0.004728141195946116,0.0,-0.0006482781242071003,0.0034809456613437103,-0.0032847564907199237,0.00481436619552568,0.00016001603272883523
2016-08-12,4.9,0.0,0.004728141195946116,0.0,0.00231370393198079,0.0017100167029187637,0.003107487947433554,-0.0061941141715772694,-0.00016001603272882672
2016-08-15,4.9,0.0,0.004728141195946116,0.0,0.011945321932544713,-0.005282095171927685,-8.864605708714757e-05,0.003102112788121003,-0.007878648636541875
2016-08-16,4.9,0.0,0.004728141195946116,0.0,-0.0009138981955312466,-0.005807402795085379,-0.008815727347136438,-0.005556067168998643,-0.0048542008909191695
2016-08-17,4.9,0.0,0.004728141195946116,0.0,-0.0014640070946360074,0.0007718881392052844,-0.0016560451065990524,0.0020872841014954067,0.008640581269023343
2016-08-18,4.9,0.0,0.004728141195946116,0.0,-0.0012826330669177181,-0.00022233212519353119,0.0012087703175120027,0.0006947198778241811,-0.003705581178406581
2016-08-19,4.9,0.0,0.004728141195946116,0.0,0.0025636230934440105,-0.009396973130926274,0.006644211263916558,0.0003469929914246969,-0.0028286898994532078
2016-08-22,4.9,0.0,0.004728141195946116,0.0,-0.007802669567928015,0.0028612449459098515,-0.00924255005263713,0.0008674021916786871,0.004763623116674261
2016-08-23,4.9,0.0,0.004728141195946116,0.0,0.0031285152131261327,0.003903005725525535,0.00853117393603597,0.0038076269097627475,0.0017706479611855428
2016-08-24,4.9,0.0,0.004728141195946116,0.0,-0.007562017320137642,-0.006843538827050335,-0.009922740252936879,0.0010359257163943749,-0.007181807895914715
2016-08-25,4.9,0.0,0.004728141195946116,0.0,-0.004267303689869446,0.0025981221230235232,-0.0074845657889114426,0.0037890427323436964,0.0033149321154230605
2016-08-26,4.9,0.0,0.004728141195946116,0.0,-0.005873453741274561,0.012799437467918376,-0.004399604302090485,-0.0024095741871253784,0.00859948533322374
2016-08-29,4.9,0.0,0.004728141195946116,0.0,-0.0011229052940207192,0.00297341989587572,-0.02201424402684505,0.001205549750533234,0.01256482316258188
2016-08-30,4.9,0.0,0.004728141195946116,0.0,-0.007705966577491872,-0.004821658543237256,-0.018099714132295525,-0.0036209440121460113,-0.00554726599496693
2016-08-31,4.9,0.0,0.004728141195946116,0.0,0.0009429470621031844,0.002056264342905858,0.003165273370958645,-0.0074556934470595155,0.0022226126122006184
2016-09-01,5.0,0.0,0.016374634871789886,0.0,0.00592020748917132,0.0018963246763828443,-0.054473402159251165,0.0022598318728145207,0.0003962734982652833
2016-09-02,5.0,0.0,0.016374634871789886,0.0,0.009325695141170737,0.002359038801240371,-0.015004733126627411,0.001388234664482466,0.002691184030627724
2016-09-06,5.0,0.0,0.016374634871789886,0.0,-0.000278666222645339,0.021047176376332754,0.025212917233931806,-0.0010408836368739776,0.02513397744698838
2016-09-07,5.0,0.0,0.016374634871789886,0.0,0.006109252384141641,-0.005580501891665515,-0.0055371904013921695,0.0008673295210531976,0.010123569983803241
2016-09-08,5.0,0.0,0.016374634871789886,0.0,-0.026558237020788474,-0.0005355275465747367,-0.02180154718867815,-0.003996870212154972,-0.0059695858651970125
2016-09-09,5.0,0.0,0.016374634871789886,0.0,-0.022910075760564107,-0.030982899420211922,-0.014751515384118504,-0.021472258311866395,-0.024635039196693975
2016-09-12,5.0,0.0,0.016374634871789886,0.0,0.02215172055463168,0.014821110815878372,0.019503095795038304,0.014833678689674381,0.012432246647032895
2016-09-13,5.0,0.0,0.016374634871789886,0.0,0.02352605681888578,-0.013677265744095248,-0.011411350335593517,-0.009156452520743099,-0.011567139972587771
2016-09-14,5.0,0.0,0.016374634871789886,0.0,0.03477472665900251,0.00010516043517248254,0.001834595244160918,-0.004787846442712252,0.0043923397252630435
2016-09-15,5.0,0.0,0.016374634871789886,0.0,0.03343351149124143,0.011236227831538258,0.02021083106903116,0.01639536383890869,0.004529265352788347
2016-09-16,5.0,0.0,0.016374634871789886,0.0,-0.005640074668486895,0.011406788285257588,0.024544117504949954,0.001048523766191938,0.005594102928840767
2016-09-19,5.0,0.0,0.016374634871789886,0.0,-0.011729038386858195,-0.004402566814648825,0.004566012851566515,-0.005605250635723546,-0.003259556922304455
2016-09-20,5.0,0.0,0.016374634871789886,0.0,-8.775365470990403e-05,0.006583891027160265,-0.008272913229984902,-0.002109878729385897,-7.770256240059214e-05
2016-09-21,5.0,0.0,0.016374634871789886,0.0,-0.00017641107995384169,0.012127793126189479,0.0028301711415208205,0.016584064206671724,0.010054890585664611
2016-09-22,5.0,0.0,0.016374634871789886,0.0,0.009379144873477425,0.018765787320231292,0.005878858010439563,0.0010380335192197475,0.001077006027637966
2016-09-23,5.0,0.0,0.016374634871789886,0.0,-0.016804158418411,0.0013039304990443952,0.004928963281630946,-0.006767977380235384,-0.016431928833404878
2016-09-26,5.0,0.0,0.016374634871789886,0.0,0.00150707867390222,-0.008212302206602198,0.0073960706991632015,-0.009271312948695414,-0.005092692459529332
2016-09-27,5.0,0.0,0.016374634871789886,0.0,0.0018586461134825472,0.02098796993412601,-0.01533298293697985,0.018285289902828496,0.010781416130032456
2016-09-28,5.0,0.0,0.016374634871789886,0.0,0.007575760440624313,0.01533321108700042,0.002232554158387619,0.0013794685452181536,0.004187304966974624
2016-09-29,5.0,0.0,0.016374634871789886,0.0,-0.01565496237875206,0.0003980905879389607,-0.027374718827468385,-0.010915478671290587,-0.008860643051500392
2016-09-30,5.0,0.0,0.016374634871789886,0.0,0.007725440343218819,0.00991395359780236,0.016455794888206192,0.003478062316812013,0.0014043200409015622
2016-10-03,4.9,0.0,0.01611082027269849,0.0,-0.004699120209138097,-0.000680973764983831,0.04630612003964714,-0.0031298605713888468,0.0038905266881599405
2016-10-04,4.9,0.0,0.01611082027269849,0.0,0.00425666840850279,-0.003244060584881268,-0.010773813020036825,-0.003139687363120368,-0.0045143388276682435
2016-10-05,4.9,0.0,0.01611082027269849,0.0,0.0004424518006352099,0.012309537046675428,-0.014052203493637089,0.006963636729012459,0.00218179174652196
2016-10-06,4.9,0.0,0.01611082027269849,0.0,0.0074030584508013334,-0.0032027719489173745,-0.03644228317841945,0.0017333028671313272,0.0020994594104911785
2016-10-07,4.9,0.0,0.01611082027269849,0.0,0.0014913293897487348,-0.0026530370416345253,-0.02208281991917614,0.001038689839043958,0.0019399642472238737
2016-10-10,4.9,0.0,0.01611082027269849,0.0,0.017296790861408715,0.0027124090570468744,0.021834050782377223,0.00414378245609011,0.009644062889402786
2016-10-11,4.9,0.0,0.01611082027269849,0.0,0.002152060077699748,-0.012805732090881757,-0.004238857426326262,-0.014753407848380022,-0.010497166830380891
2016-10-12,4.9,0.0,0.01611082027269849,0.0,0.008902388368063088,0.003711492733645314,0.007021756054656237,-0.0013999693091351435,0.001318381377221357
2016-10-13,4.9,0.0,0.01611082027269849,0.0,-0.0030727807322136996,-0.0057833978576955014,-0.006322401203487133,-0.003332643136247872,-0.009577065142472564
2016-10-14,4.9,0.0,0.01611082027269849,0.0,0.005541029314788038,-0.0076503034711685606,-0.018803261849532977,0.008746295765605528,0.0004692948043214244
2016-10-17,4.9,0.0,0.01611082027269849,0.0,-0.0006801143225522318,-0.012237983380288042,-0.013061373928427513,-0.00348935894924379,-0.0026623142599357585
2016-10-18,4.9,0.0,0.01611082027269849,0.0,-0.000681002831492962,0.005764780195714339,0.0261551834057357,0.007660060587915055,0.00804358362649835
2016-10-19,4.9,0.0,0.01611082027269849,0.0,-0.0029838473272874766,4.8892619500871804e-05,0.022153690439827626,-0.002257010933602892,0.011906553010618715
2016-10-20,4.9,0.0,0.01611082027269849,0.0,-0.0005124240523551941,-0.009054054577124018,-0.022153690439827765,-0.004878850259098828,-0.0008455798149767406
2016-10-21,4.9,0.0,0.01611082027269849,0.0,-0.003937332253412483,0.01064269634871374,0.004960053389270265,0.041234097822243965,0.01579737298120579
2016-10-24,4.9,0.0,0.01611082027269849,0.0,0.008964871903945008,0.023053571602289605,0.013255782319386055,0.022212290288720255,0.009120312093980064
2016-10-25,4.9,0.0,0.01611082027269849,0.0,0.005087030140917181,-0.003478227265262898,-0.0020735538234807234,-0.00016393834492734388,-0.0074557583598472725
2016-10-26,4.9,0.0,0.01611082027269849,0.0,-0.022751689312764414,-0.015189311648635701,-0.0004943039876348087,-0.005920387916657132,-0.00949396267655872
2016-10-27,4.9,0.0,0.01611082027269849,0.0,-0.009649340812281186,-0.0051556121052989895,0.008713903341231828,-0.008779754383337182,-0.010355785949030393
2016-10-28,4.9,0.0,0.01611082027269849,0.0,-0.006661038140936125,-0.05273746462714735,-0.02000169442078207,-0.0038344318724046205,0.012261849858126683
2016-10-31,4.9,0.0,0.01611082027269849,0.0,-0.0015841555812941698,0.01724024493034881,-0.011264866438009788,0.0008347459828789303,-0.0022876660876504805
2016-11-01,4.7,0.0,0.0726391836399717,1.0,-0.018219844965841506,-0.005599220899880221,-0.03572917933325974,-0.0020046339278293884,-0.01143994761895587
2016-11-02,4.7,0.0,0.0726391836399717,1.0,0.0008963858427061068,-0.025598290110372974,-0.014624928607686303,-0.006206439921990916,-0.018156357154340986
2016-11-03,4.7,0.0,0.0726391836399717,1.0,-0.010776663121752936,0.0019183632456770188,-0.003196249312682956,-0.0037087772399179647,-0.058032991495220426
2016-11-04,4.7,0.0,0.0726391836399717,1.0,-0.009055069522603107,-0.01574201638086665,0.016615024207768756,-0.008480467968630433,0.006230641289518754
2016-11-07,4.7,0.0,0.0726391836399717,1.0,0.014322163888715257,0.038810557775781754,0.013810542565551824,0.028710032157867618,0.011527505171067414
2016-11-08,4.7,0.0,0.0726391836399717,1.0,0.005869898877477879,0.0035863063860561476,0.00891415581055783,0.0008275760780315151,0.016804361130088354
2016-11-09,4.7,0.0,0.0726391836399717,1.0,-0.0016222099160387562,-0.020351656616763452,-0.025352027226253862,-0.004973765604455786,-0.008407456791426128
2016-11-10,4.7,0.0,0.0726391836399717,1.0,-0.028263688392803646,-0.038967915913410055,-0.025093892626658953,-0.024733956887789888,-0.01951038926189924
2016-11-11,4.7,0.0,0.0726391836399717,1.0,0.0059200932358764325,-0.004549761606454742,0.017170385007960295,0.0054364008624695264,-0.014844768409658367
2016-11-14,4.7,0.0,0.0726391836399717,1.0,-0.025405517175411084,-0.027352787702499593,-0.038436121205856384,-0.015366300406612734,-0.03366403241418695
2016-11-15,4.7,0.0,0.0726391836399717,1.0,0.013157057310809519,0.03306029552684798,0.012704782652867827,0.01955440217073351,0.01825427146042677
2016-11-16,4.7,0.0,0.0726391836399717,1.0,0.026532882998925016,0.004363275146409244,0.0008702894675928638,0.013162783422660777,-0.007364858153089097
2016-11-17,4.7,0.0,0.0726391836399717,1.0,-0.0003636099808517047,0.013188079873534401,0.025391205236001236,0.016460513487085607,0.01238646762770417
2016-11-18,4.7,0.0,0.0726391836399717,1.0,0.0010000426279227425,0.004958593467895289,-0.01948249147007289,-0.004794018908287857,-0.006558543796016932
2016-11-21,4.7,0.0,0.0726391836399717,1.0,0.015059439263653312,0.02576499750060365,-0.0027061047139539498,0.00841545142554806,0.03978901526492585
2016-11-22,4.7,0.0,0.0726391836399717,1.0,0.0006261535893495726,0.006810055400562269,0.03540524853286966,0.004262851126727176,-0.0024666107588307154
2016-11-23,4.7,0.0,0.0726391836399717,1.0,-0.005111246421763193,-0.006656207779334262,0.01025223107104114,-0.011850106187418776,-0.005199937080443383
2016-11-25,4.7,0.0,0.0726391836399717,1.0,0.005022031805116373,0.00032043172998065663,0.01801012674719332,0.002150317069875725,-0.0038139724516668147
2016-11-28,4.7,0.0,0.0726391836399717,1.0,-0.001970236856343395,-0.017581286787268918,-0.002698732176917293,0.0013205666431945243,0.0002491451336292934
2016-11-29,4.7,0.0,0.0726391836399717,1.0,-0.0009862041151752412,-0.00555818900972278,-0.03396842788447338,0.007888450370422568,0.0038131513784569805
2016-11-30,4.7,0.0,0.0726391836399717,1.0,-0.008469233762796867,-0.015795815932649296,-0.000897103679257112,-0.01367987323550606,-0.020478089541517596
2016-12-01,4.7,0.0,0.02515855963615493,0.0,-0.009363192239705588,-0.00926244199288748,-0.04051412131070505,-0.017747042004160763,-0.028436330748255217
2016-12-02,4.7,0.0,0.02515855963615493,0.0,0.003737502455098265,-0.004460971341376137,-0.0022567721671120783,0.000844493484473663,0.002603076669361922
2016-12-05,4.7,0.0,0.02515855963615493,0.0,-0.007214378520006691,0.02536643989167638,0.028948175607045757,0.016238365198215178,0.017438032098461526
2016-12-06,4.7,0.0,0.02515855963615493,0.0,0.007669322174650795,0.0070338214891637295,-0.00509856662561987,-0.0044934277727788925,-0.0010224622535701497
2016-12-07,4.7,0.0,0.02515855963615493,0.0,0.00977456982345016,0.007426062958447493,0.03852719230925342,0.02341034990519829,0.005440939047440144
2016-12-08,4.7,0.0,0.02515855963615493,0.0,0.009769725117796817,-0.00401883948276949,-0.004462487636317286,-0.00588332841615563,0.00810620390669313
2016-12-09,4.7,0.0,0.02515855963615493,0.0,0.016189699215006105,0.0017317253309034146,-0.0005721748391663005,0.01561258145048295,0.00645450630146262
2016-12-12,4.7,0.0,0.02515855963615493,0.0,-0.005720454407928654,-0.011172374954761082,0.0012999985316770307,0.003222116573778232,-0.01608806000045673
2016-12-13,4.7,0.0,0.02515855963615493,0.0,0.016543591368708147,0.018534699983371306,0.029291869705805433,0.01294470992777058,0.02133826524526664
2016-12-14,4.7,0.0,0.02515855963615493,0.0,0.0,-0.007154108080486952,0.0027215205279540696,-0.004774886592046579,-0.000831522611121366
2016-12-15,4.7,0.0,0.02515855963615493,0.0,0.00545428817704322,-0.010223583295772014,-0.005602282648722401,-0.0015966862180470777,0.002990251058505307
2016-12-16,4.7,0.0,0.02515855963615493,0.0,0.0012945971858964182,-0.00425342265351657,0.024546945787166506,-0.004484250046999285,-0.00582261104015783
2016-12-19,4.7,0.0,0.02515855963615493,0.0,0.005760505727135848,0.010802234663303009,0.0011845266232092116,0.02096642938613202,-0.005269656498989461
2016-12-20,4.7,0.0,0.02515855963615493,0.0,0.002654213331457224,0.006791548117604901,0.02945393828004214,-0.0012581154735822723,-0.0012587130198578886
2016-12-21,4.7,0.0,0.02515855963615493,0.0,0.0009401427813232711,-0.0008042974279366171,-0.0052341952141298845,0.0,-0.0004199018013306208
2016-12-22,4.7,0.0,0.02515855963615493,0.0,-0.006599565378297971,-0.005543429974597146,0.003604418381943262,0.00015744317676031082,-0.013872772279081982
2016-12-23,4.7,0.0,0.02515855963615493,0.0,0.0019759441028395558,-0.007531547519569064,0.023187948121137215,-0.004890348978172337,-0.0011078940839499426
2016-12-27,4.7,0.0,0.02515855963615493,0.0,0.006330736325926721,0.014112614845866555,0.02860173646003059,0.0006325427949021357,0.006290394864291482
2016-12-28,4.7,0.0,0.02515855963615493,0.0,-0.004273335304767874,0.0009458585685835312,0.0009561276882604774,-0.00459342026403064,-0.009279291765731688
2016-12-29,4.7,0.0,0.02515855963615493,0.0,-0.00025693488191425186,-0.00908101137029574,-0.023296440031678762,-0.0014297516447708423,-0.004887095498818782
2016-12-30,4.7,0.0,0.02515855963615493,0.0,-0.007826303889599203,-0.020172033398638423,-0.004622179490254591,-0.012156284499102178,-0.01123614943542433
2017-01-03,4.7,0.0,-0.03583101952692684,0.0,0.002845305165961506,0.005054711838838558,0.015324855095268295,0.007055755548863121,0.015609881691248648
2017-01-04,4.7,0.0,-0.03583101952692684,0.0,-0.0011200717936881441,0.00464647301631583,0.04505471633347787,-0.004484250046999285,0.015538407480214369
2017-01-05,4.7,0.0,-0.03583101952692684,0.0,0.005072599227114925,0.030269616426223996,-0.001057861030955868,0.0,0.01654450600151377
2017-01-06,4.7,0.0,-0.03583101952692684,0.0,0.011086824396180665,0.019715957739975132,0.009917553493924881,0.008630383938592587,0.02245254125179787
2017-01-09,4.7,0.0,-0.03583101952692684,0.0,0.009117764170810318,0.001167703507288725,0.009863458023055665,-0.0031879114561286755,0.012001233564089499
2017-01-10,4.7,0.0,-0.03583101952692684,0.0,0.0010079799374469573,-0.0012808103905381707,-0.006115156941657509,-0.00031894271780388985,-0.004413229603774734
2017-01-11,4.7,0.0,-0.03583101952692684,0.0,0.0053588235380954965,0.003912478289611972,-0.0006092435195030356,0.009060889540309005,0.01389579977329311
2017-01-12,4.7,0.0,-0.03583101952692684,0.0,-0.0041842223474084644,0.018132006141166754,-0.000609614923456095,-0.00922073918675251,0.004194521975751203
2017-01-13,4.7,0.0,-0.03583101952692684,0.0,-0.001762732984110066,0.004292412484765232,0.03492463195369908,0.0014363012751944311,0.013492490538321588
2017-01-17,4.7,0.0,-0.03583101952692684,0.0,0.00803245028360018,-0.009121890314228257,-0.009169203719983601,-0.00271492933137969,-0.0036687993529544707
2017-01-18,4.7,0.0,-0.03583101952692684,0.0,-8.325619473211303e-05,-0.0027702098070148586,0.011731632670332903,-0.0004798391843929252,0.0003909714680614796
2017-01-19,4.7,0.0,-0.03583101952692684,0.0,-0.0017519212557064216,0.0019300507014308483,0.022402035945969845,-0.0032052128776383733,-0.0028966221706315503
2017-01-20,4.7,0.0,-0.03583101952692684,0.0,0.0018351774504386349,-0.0008779580464918789,0.003971315219317114,0.0070377664430404,-0.004006433185258092
2017-01-23,4.7,0.0,-0.03583101952692684,0.0,0.0006662834419444726,0.011745257952587861,0.016976100373868687,0.003500497611347772,0.014767611539799563
2017-01-24,4.7,0.0,-0.03583101952692684,0.0,-0.0009164874638645657,0.005559920523586129,0.022601411503190925,0.008855156172067353,0.0034066787746700436
2017-01-25,4.7,0.0,-0.03583101952692684,0.0,0.01579525663540996,0.01697486266869307,-0.0005500843249134191,0.002515507941748335,0.016178439880447676
2017-01-26,4.7,0.0,-0.03583101952692684,0.0,0.0004924384011717966,0.0031390512706332713,-0.0077321030234220765,0.009222452480402094,0.009838824759849566
2017-01-27,4.7,0.0,-0.03583101952692684,0.0,8.178888823996876e-05,-0.004035988422900606,0.0017409759146729197,0.023222925483537927,-0.004529059912034696
2017-01-30,4.7,0.0,-0.03583101952692684,0.0,-0.0026275889057531723,-0.0064700456424170135,-0.009213992922049127,-0.00993057957555789,-0.009119773177406854
2017-01-31,4.7,0.0,-0.03583101952692684,0.0,-0.0023046040877782756,-0.008344194046237697,0.0051734895114166285,-0.00739685763454932,-0.005051678307069403
2017-02-01,4.6,0.0,-0.004301081899390697,0.0,0.05919352740273074,0.010713775220083516,-0.010735061799641487,-0.016689198932803434,0.022083780252626486
2017-02-02,4.6,0.0,-0.004301081899390697,0.0,-0.0017099632185858,0.009089366182682778,0.009225563392159148,-0.0064694843580332334,-0.01810170349852291
2017-02-03,4.6,0.0,-0.004301081899390697,0.0,0.0042697592102482335,-0.036061309620379046,-0.0008750106521047401,0.008040742537003714,0.0010696015529656348
2017-02-06,4.6,0.0,-0.004301081899390697,0.0,0.00933067757834945,-0.003164675408744075,0.025300974445146132,-0.0006281668850310457,0.008211634237489223
2017-02-07,4.6,0.0,-0.004301081899390697,0.0,0.009471995245056944,0.005999500277441461,-0.0011257522514144802,-0.003305221704959389,-0.001667455210090011
2017-02-08,4.6,0.0,-0.004301081899390697,0.0,0.003869976426571483,0.008834713156431634,0.017707791875794108,-0.001420095616330379,0.017742425982907317
2017-02-09,4.6,0.0,-0.004301081899390697,0.0,0.007200024572529554,0.0020108949509514123,0.026804792953342108,0.011303299675759238,-0.00044736086210238265
2017-02-10,4.6,0.0,-0.004301081899390697,0.0,-0.002267971486781402,0.007399271957367783,0.00011148015529282554,-0.0009370382158337293,0.0003725281084016023
2017-02-13,4.6,0.0,-0.004301081899390697,0.0,0.008816521476478127,0.010901587773773527,0.04136410186266171,0.011187052508322389,-0.001043772788978579
2017-02-14,4.6,0.0,-0.004301081899390697,0.0,0.012895800648469005,-0.00016737129107008493,0.0013533285363129279,0.0037241510236744857,-0.0014930784736281741
2017-02-15,4.6,0.0,-0.004301081899390697,0.0,0.003622253951817196,0.007515972191507316,-0.00435139031446982,-0.0006199044344208666,-0.0030676538491760776
2017-02-16,4.6,0.0,-0.004301081899390697,0.0,-0.0011812799607951493,0.0017073920274126317,-0.03940661510481738,-0.00015497055623260998,0.002993085002707205
2017-02-17,4.6,0.0,-0.004301081899390697,0.0,0.0027298841756462546,0.0011011339720115034,0.012121775789011094,0.0015488879612758754,-0.002318888166539972
2017-02-21,4.6,0.0,-0.004301081899390697,0.0,0.007194876018745327,0.013364721046281957,0.018777153847110366,-0.002014140713840629,0.001421672927770406
2017-02-22,4.6,0.0,-0.004301081899390697,0.0,0.00299446427361528,-0.0009696000983505087,-0.014086292115606103,-0.0020178109967334203,0.017788936408477556
2017-02-23,4.6,0.0,-0.004301081899390697,0.0,-0.0042388534596662164,-0.004005102457664227,-0.06619976293766883,0.004031951710574045,-0.0055988922446513064
2017-02-24,4.6,0.0,-0.004301081899390697,0.0,0.0009514680725643971,-0.008188892182268277,0.0039376971511312624,0.0,0.00059083545759181
2017-02-27,4.6,0.0,-0.004301081899390697,0.0,0.001973956862050424,0.004014414167614488,-0.042810051837845475,-0.006053776590938414,0.007136324914676089
2017-02-28,4.6,0.0,-0.004301081899390697,0.0,0.0004379409540439919,-0.004251111904897895,0.015154913399975685,-0.003899784079091838,-0.006398214426902937
2017-03-01,4.4,0.0,0.008583743691391435,0.0,0.020233376490457467,0.009469376476098914,0.00011993168485901984,0.014893302968376659,0.013774978552810265
2017-03-02,4.4,0.0,0.008583743691391435,0.0,-0.005955302148676572,-0.0049001540247000505,0.0018382577734033126,-0.014424607096938921,-0.004814480848623675
2017-03-03,4.4,0.0,0.008583743691391435,0.0,0.005883846146380371,0.001141990874290171,0.004342173871295661,0.0037424043816594735,0.002993631650382272
2017-03-06,4.4,0.0,0.008583743691391435,0.0,-0.0031524473524472255,-0.0038549741001917565,-0.0014320481056087722,0.0003111534161970514,0.0018208491982414493
2017-03-07,4.4,0.0,0.008583743691391435,0.0,0.0012904301688616657,-0.0006972077716298652,-0.01048433133048071,0.002020765229425728,-0.0008736072926962887
2017-03-08,4.4,0.0,0.008583743691391435,0.0,-0.0037337554249540976,0.00528147875098045,-0.006943029517876438,0.00911969340530625,0.0030543482246296848
2017-03-09,4.4,0.0,0.008583743691391435,0.0,-0.002305129518399704,0.0029351355505987326,-0.008011860916409338,-0.004008625189619333,0.003768514176620848
2017-03-10,4.4,0.0,0.008583743691391435,0.0,0.003311725304211855,-0.0006332702571133847,-0.004953088918532334,0.0030848325981440994,0.003970790055477664
2017-03-13,4.4,0.0,0.008583743691391435,0.0,0.0004311051567106471,0.0024955044641490533,0.01012539541037759,-0.003393839895045765,0.005819430737574464
2017-03-14,4.4,0.0,0.008583743691391435,0.0,-0.001509325497327533,-0.002413437651246342,0.046937290291773334,-0.0046465387066329765,-0.002007832852047548
2017-03-15,4.4,0.0,0.008583743691391435,0.0,0.010519983049644938,0.0005159627137938516,-0.008837356078796606,0.005264653990126957,0.002866942839687182
2017-03-16,4.4,0.0,0.008583743691391435,0.0,0.00163671885754759,0.0005274972239583946,0.024413012744144803,-0.001700589870742677,0.0019305777830452367
2017-03-17,4.4,0.0,0.008583743691391435,0.0,-0.004987794985608635,-0.0013014964034150063,-0.0021010534960668706,0.0035519940137658684,-0.001072095259541316
2017-03-20,4.4,0.0,0.008583743691391435,0.0,0.010445927313532409,0.005452552411117806,0.0016048232088261534,0.0009243204685284382,0.0007147846051135134
2017-03-21,4.4,0.0,0.008583743691391435,0.0,-0.011518423439315086,-0.01619872160184447,-0.04386183669150123,-0.011150350960158208,-0.010271371055628732
2017-03-22,4.4,0.0,0.008583743691391435,0.0,0.011235477017370711,0.005747210959233595,0.01712559436469392,0.012689531512589381,0.007767166136583279
2017-03-23,4.4,0.0,0.008583743691391435,0.0,-0.003541961624702697,-0.0008021610628207483,-0.0009024353569705339,-0.002463501020959566,-0.00043008324365873793
2017-03-24,4.4,0.0,0.008583743691391435,0.0,-0.0019890907412151815,-0.002090999023365736,0.032361869904410125,0.0016944349059889302,0.00578865708409121
2017-03-27,4.4,0.0,0.008583743691391435,0.0,0.0017052942310151326,0.0014299228988936064,0.026474241022969476,0.0018449870888678573,-0.00014257442866843126
2017-03-28,4.4,0.0,0.008583743691391435,0.0,0.02051534766739613,0.010782210376272581,0.02640431249256799,0.0029143775978838207,0.010209955387851036
2017-03-29,4.4,0.0,0.008583743691391435,0.0,0.002222343172553821,0.021176073977231178,-0.0002523628087131931,0.002752992676645295,0.006258603297470661
2017-03-30,4.4,0.0,0.008583743691391435,0.0,-0.0013191857902230062,0.0023077418398893506,0.0019448573202456316,0.0036590357718720317,-0.0016838379419462381
2017-03-31,4.4,0.0,0.008583743691391435,0.0,-0.0018775766861021611,0.011572064053437572,0.0013663698860456703,0.0022802938622684846,-0.0025310850846754405
2017-04-03,4.4,0.0,-0.023784905023441952,0.0,0.00027807567675443116,0.005590427057615806,0.070137242448815,-0.004717753791763276,0.0016176318218078976
2017-04-04,4.4,0.0,-0.023784905023441952,0.0,0.007418749742784595,0.0170383214046624,0.017203522847955472,0.0027416365434030144,-0.003872876072020654
2017-04-05,4.4,0.0,-0.023784905023441952,0.0,-0.005194172420464546,0.002698106338604271,-0.02906501009148396,-0.002589359232046983,0.0008462043221666801
2017-04-06,4.4,0.0,-0.023784905023441952,0.0,-0.002502652999074588,-0.012171236662741317,0.012464332322556943,0.002589359232047104,-0.004805270745263853
2017-04-07,4.4,0.0,-0.023784905023441952,0.0,-0.0022302730401027224,-0.003792236846299923,0.012773705710770768,-0.0007606150865585203,-0.002766555858951725
2017-04-10,4.4,0.0,-0.023784905023441952,0.0,-0.0011861344912546634,0.013496957340826888,0.032038958438399955,-0.0022864855095922447,0.0018450753544990998
2017-04-11,4.4,0.0,-0.023784905023441952,0.0,-0.010814885759969046,-0.005173022622662573,-0.011850052290564796,-0.0007632604425037565,-0.007972730882316698
2017-04-12,4.4,0.0,-0.023784905023441952,0.0,0.0011989078572461917,-0.006816465475626657,-0.039209091560892646,-0.003825454647519629,-0.002432725618377224
2017-04-13,4.4,0.0,-0.023784905023441952,0.0,-0.005302553924925196,-0.012982362180291775,0.02383441524190169,-0.004301712444331032,-0.0013621664860889071
2017-04-17,4.4,0.0,-0.023784905023441952,0.0,0.005514784766984156,0.019388679242407184,-0.00845666406090481,0.00812716709185074,0.014458296439597083
2017-04-18,4.4,0.0,-0.023784905023441952,0.0,-0.00445195207476707,0.0019825439257081605,-0.0039555765419476896,-0.001375727036346553,-0.0032578250310919344
2017-04-19,4.4,0.0,-0.023784905023441952,0.0,-0.00368948304395398,-0.005080490932540684,0.01739979616054783,-0.005366790448956959,0.009250532131880847
2017-04-20,4.4,0.0,-0.023784905023441952,0.0,0.012433069094588004,0.0031755921300895573,-0.009900896273072043,0.007047633040813071,0.010696747234478022
2017-04-21,4.4,0.0,-0.023784905023441952,0.0,-0.0011942133398904803,-0.003920991580964202,0.01016269167415908,0.013647225229410484,-0.0008348315332624754
2017-04-24,4.4,0.0,-0.023784905023441952,0.0,0.00958355217573795,0.00983429874612701,0.007920155624319988,0.016874759221758517,0.012381377437996633
2017-04-25,4.4,0.0,-0.023784905023441952,0.0,0.006176800986083043,0.0002314421627079044,0.018526737287367458,0.005758671102787779,0.006987261972395033
2017-04-26,4.4,0.0,-0.023784905023441952,0.0,-0.005898456794341839,0.0018382843639346154,-0.011603422813120651,-0.0013261469788816477,0.0004775452543881268
2017-04-27,4.4,0.0,-0.023784905023441952,0.0,0.0007652195141630619,0.009947135813499207,-0.004977395109534086,0.006466015069221027,0.00774836056347329
2017-04-28,4.4,0.0,-0.023784905023441952,0.0,-0.0009742577225462858,0.00717171217012917,0.01747276307599213,0.0027791177407701416,0.01711732539057795
2017-05-01,4.4,0.0,-0.0043859719432544405,0.0,0.02019174281014695,0.024814135682882283,0.027509961221330346,0.013781391425225161,0.014601711284499884
2017-05-02,4.4,0.0,-0.0043859719432544405,0.0,0.006324738055288533,-0.001361332480141284,-0.012279655191125689,-0.0015862041560476678,0.002096789288063935
2017-05-03,4.4,0.0,-0.0043859719432544405,0.0,-0.0030554818950846094,-0.006260749456835918,-0.024988957514322178,-0.003179363619405606,-0.0064351939565970235
2017-05-04,4.4,0.0,-0.0043859719432544405,0.0,-0.0036105951925943787,-0.0037262465726880887,-0.05132381079141148,-0.003916640268017832,-0.0062778559388086495
2017-05-05,4.4,0.0,-0.0043859719432544405,0.0,0.016447564962010584,-0.0036117050485217394,0.042702117996785756,0.0027576458480496504,-0.004051982315330701
2017-05-08,4.4,0.0,-0.0043859719432544405,0.0,0.026825508652085564,0.01581390557197806,-0.003769058367984145,-0.0008700207226270499,0.00544318667803741
2017-05-09,4.4,0.0,-0.0043859719432544405,0.0,0.006385095817222244,0.00397504396457471,0.044784301481289424,0.0014495325430863096,-0.0038471368098356427
2017-05-10,4.4,0.0,-0.0043859719432544405,0.0,-0.004751950591653678,-0.0040699094353591,0.012251109299595213,0.0039033727207820564,-0.00126312895594874
2017-05-11,4.4,0.0,-0.0043859719432544405,0.0,0.008610416685307657,-0.0014024858443927135,-0.006539970681797775,-0.012339713771044813,-0.0016650990553036759
2017-05-12,4.4,0.0,-0.0043859719432544405,0.0,0.013869319154746812,0.014384979876204108,0.005278449651668287,-0.001169249451574285,0.0019311104896343565
2017-05-15,4.4,0.0,-0.0043859719432544405,0.0,-0.00256554586876902,-0.0035221371813001783,-0.027877991127760626,0.0007309024376963113,-0.0009317593443722522
2017-05-16,4.4,0.0,-0.0043859719432544405,0.0,-0.0014784444683335323,0.00841988707322527,0.0035709820851973894,0.01993518969409826,-0.002733758015167002
2017-05-17,4.4,0.0,-0.0043859719432544405,0.0,-0.03415217203898121,-0.02230541371236398,-0.03498883946910877,-0.02819975293856414,-0.033468749896190315
2017-05-18,4.4,0.0,-0.0043859719432544405,0.0,0.015125921367574971,0.014428214255485494,0.02245034118751303,0.003402543944772948,0.01921358407782871
2017-05-19,4.4,0.0,-0.0043859719432544405,0.0,0.0034033285321481816,0.001407496712127195,-0.007148712838925957,-0.00029508977913344223,0.0027053378479011706
2017-05-22,4.4,0.0,-0.0043859719432544405,0.0,0.006057833582400052,0.011219952555303286,-0.001545426150609792,0.011165004300654143,0.001214919786095893
2017-05-23,4.4,0.0,-0.0043859719432544405,0.0,-0.0012345265754155953,0.0008958659605052509,-0.021133628816543706,0.0033542231011148994,-0.0011474085854426192
2017-05-24,4.4,0.0,-0.0043859719432544405,0.0,-0.002995581247677148,0.009027253614072204,0.020714643424466116,0.0013095081520681832,0.013216723639712248
2017-05-25,4.4,0.0,-0.0043859719432544405,0.0,0.0034502523436230783,0.013203555671441804,0.02108360686554812,0.012284802828156022,0.012715468234950242
2017-05-26,4.4,0.0,-0.0043859719432544405,0.0,-0.0016911517607825462,0.0024131352851384795,0.025890546114584936,0.004871432202421736,0.0011180526699948842
2017-05-30,4.4,0.0,-0.0043859719432544405,0.0,0.00039061024839361633,0.0009234245291062594,0.030173115313448014,0.0064115380427899726,0.001642040391316754
2017-05-31,4.4,0.0,-0.0043859719432544405,0.0,-0.005939274564044886,-0.002089069187958688,0.017482767904994544,-0.00812845995705337,-0.006055770846190618
2017-06-01,4.3,0.0,-0.04036422385536023,0.0,0.00274571143934452,0.001336333363673719,-0.0018784889960818875,0.0037162288158039086,0.0004618787685893615
2017-06-02,4.3,0.0,-0.04036422385536023,0.0,0.014710017029284842,0.010765631293672095,-0.0015288906687213877,0.0234045315550195,0.013633451256108316
2017-06-05,4.3,0.0,-0.04036422385536023,0.0,-0.009825855223202833,0.004568790659168998,0.02174216548331012,0.007219984642224198,0.0001301399005764915
2017-06-06,4.3,0.0,-0.04036422385536023,0.0,0.003372434164962676,-0.008280671342560294,0.015796450797622784,0.003315041004631598,-0.0053519874367070576
2017-06-07,4.3,0.0,-0.04036422385536023,0.0,0.005939138600255785,0.007024133440677958,0.0190883609781319,-0.0017942393270495166,0.0020268123150708655
2017-06-08,4.3,0.0,-0.04036422385536023,0.0,-0.002449138709832404,0.00019795324267072854,0.02837169011545627,-0.006096782152962354,0.010330480769984262
2017-06-09,4.3,0.0,-0.04036422385536023,0.0,-0.039548206801589186,-0.03214629874553708,-0.03487133522244789,-0.022915351724114404,-0.03358729094462432
2017-06-12,4.3,0.0,-0.04036422385536023,0.0,-0.024186016184501037,-0.013791801417242575,0.004718521925286707,-0.007708709015992548,-0.007784246993389845
2017-06-13,4.3,0.0,-0.04036422385536023,0.0,0.00801344784366666,0.01632358873253813,0.04610591903573957,0.012390869940895713,0.014977281317154664
2017-06-14,4.3,0.0,-0.04036422385536023,0.0,-0.009802842550296457,-0.0044143332596648256,0.01245039987879716,-0.00539325053002698,-0.002857599621610988
2017-06-15,4.3,0.0,-0.04036422385536023,0.0,-0.006011619933884092,-0.012676434670089953,-0.01407427037263746,-0.005279343224704583,-0.002999649165662757
2017-06-16,4.3,0.0,-0.04036422385536023,0.0,-0.014098271876380766,0.02412154437769515,-0.01055263427034893,0.0014298553670493521,0.005591855245884779
2017-06-19,4.3,0.0,-0.04036422385536023,0.0,0.028205948350890953,0.007524389573950505,-0.004317325799357807,0.01235204394789189,0.014695071154550099
2017-06-20,4.3,0.0,-0.04036422385536023,0.0,-0.009129823127254199,-0.002595844056369956,0.00657647455825241,-0.01363888797335613,-0.004063885572677811
2017-06-21,4.3,0.0,-0.04036422385536023,0.0,0.005912878075409214,0.009665076352671014,0.011113559237479175,0.005136331883119436,0.010844140804966576
2017-06-22,4.3,0.0,-0.04036422385536023,0.0,-0.0016465705570684178,-0.0009283846759377528,0.016363844013778845,-0.00014245835214040303,-0.003319315999403867
2017-06-23,4.3,0.0,-0.04036422385536023,0.0,0.004453448633241378,0.002433900760344868,0.0021930310019436993,0.01343090699293128,0.010827845477978116
2017-06-26,4.3,0.0,-0.04036422385536023,0.0,-0.0031490323606527793,-0.009771195910067677,-0.01566514835091811,-0.009594979104914414,-0.009590008345607099
2017-06-27,4.3,0.0,-0.04036422385536023,0.0,-0.01443764837235642,-0.017455650195669983,-0.04087826437777337,-0.018892750035260097,-0.019791865684613493
2017-06-28,4.3,0.0,-0.04036422385536023,0.0,0.014505524856574397,0.01377673001392202,0.02418288870018716,0.008488396328726321,0.017510671468014022
2017-06-29,4.3,0.0,-0.04036422385536023,0.0,-0.014852888988748513,-0.014647305657211855,-0.028663551215287825,-0.018946141760610543,-0.014460762095464524
2017-06-30,4.3,0.0,-0.04036422385536023,0.0,0.00236394705037003,-0.008158767491912727,0.002381071288422065,0.006403551584934429,-0.000397371285245106
2017-07-03,4.3,0.0,0.004566217979581184,0.0,-0.003617566197738132,-0.01492493316859719,-0.02517527203212367,-0.011086762066759983,-0.01703395782809962
2017-07-05,4.3,0.0,0.004566217979581184,0.0,0.00410321921283373,0.018431137994025817,-0.07515561399685367,0.01326052140909242,0.012786022045582678
2017-07-06,4.3,0.0,0.004566217979581184,0.0,-0.009483376803172692,-0.00646515572438725,-0.05744437539441036,-0.0074098965533462655,-0.010161762511707677
2017-07-07,4.3,0.0,0.004566217979581184,0.0,0.01010781615132278,0.014013290850071603,0.014114798423713906,0.012895556633292848,0.0174520484049895
2017-07-10,4.3,0.0,0.004566217979581184,0.0,0.006084994699402444,0.01793260692748366,0.00899464021473339,0.007458651233765641,0.013511061859458167
2017-07-11,4.3,0.0,0.004566217979581184,0.0,0.003234087507202593,-0.002351062607816789,0.0347323168510505,0.00014284785047147982,0.01146481900629357
2017-07-12,4.3,0.0,0.004566217979581184,0.0,0.0014422825129538994,0.012376187078943819,0.0070043375963415155,0.01643795168559143,0.023109408073118218
2017-07-13,4.3,0.0,0.004566217979581184,0.0,0.013833111900772894,-0.005859074159175191,-0.01871618353631403,0.008676170119498,0.0022630854562648048
2017-07-14,4.3,0.0,0.004566217979581184,0.0,0.008557366270477429,0.0011785244754943048,0.013421733471090394,0.013974746399187343,0.00444828277670842
2017-07-17,4.3,0.0,0.004566217979581184,0.0,0.003483111526862504,0.008181550788198502,-0.025366283587879835,0.0078010353568250205,-0.0015014876993738157
2017-07-18,4.3,0.0,0.004566217979581184,0.0,0.0034706928945199295,0.014165967957043887,0.026768752883781957,-0.0006816479058366221,0.01940619171276428
2017-07-19,4.3,0.0,0.004566217979581184,0.0,0.006244162377581001,0.0023594259495064423,-0.009120224908487122,0.007610620431120501,0.007828794067049862
2017-07-20,4.3,0.0,0.004566217979581184,0.0,-0.004513158596090592,0.0017805896727357716,0.014225355199591715,0.004862480253266416,0.002373292938790946
2017-07-21,4.3,0.0,0.004566217979581184,0.0,-0.00046556804681356846,-0.0029498251774531066,-0.004617836178905769,-0.005810803118089056,-0.0006082037379165976
2017-07-24,4.3,0.0,0.004566217979581184,0.0,0.012038336360580777,0.012864484775985055,0.042097691544076436,-0.0025778754183792734,0.00950289992384188
2017-07-25,4.3,0.0,0.004566217979581184,0.0,0.004265231901299365,0.0008851451916088891,-0.008561646290552455,0.00798410891371995,-0.004346735363942681
2017-07-26,4.3,0.0,0.004566217979581184,0.0,0.004702788473038862,0.012357569349559824,0.012437039473718759,-0.0018886429015119131,0.0019944832773437175
2017-07-27,4.3,0.0,0.004566217979581184,0.0,-0.01907854752042452,-0.00647991893911254,-0.027688201547354872,-0.01209159930598507,0.028747868501507894
2017-07-28,4.3,0.0,0.004566217979581184,0.0,-0.00706506443419617,-0.025131530382414686,0.0018221704435549752,-0.0016415892525555493,0.011723860154171949
2017-07-31,4.3,0.0,0.004566217979581184,0.0,-0.005163672399875319,-0.03213710000252025,-0.03523305813685584,-0.004666050498035356,-0.01873022231268123
2017-08-01,4.4,0.0,-0.018391322971423544,0.0,0.008835972319898544,0.008478035876706792,-0.012130042482567917,-0.0016517531318397548,0.0035975941976128236
2017-08-02,4.4,0.0,-0.018391322971423544,0.0,0.04616829174434182,-0.00030125706689251955,0.019583558159459852,-0.004418720208526636,-0.0033023336630249233
2017-08-03,4.4,0.0,-0.018391322971423544,0.0,-0.010041221207437084,-0.009047782405920024,0.0630242358487855,-0.0015237729970110701,-0.004202625237668111
2017-08-04,4.4,0.0,-0.018391322971423544,0.0,0.005257070587484152,0.0006685428515366974,0.02789954621238053,0.007319297986904731,0.006090865717613194
2017-08-07,4.4,0.0,-0.018391322971423544,0.0,0.01535584506846561,0.004737682313489134,-0.004887148623823236,-0.0038600264349137716,0.013817669634977131
2017-08-08,4.4,0.0,-0.018391322971423544,0.0,0.00796494780892369,-0.0024518955996691676,0.027903367360907375,0.005372001655860702,-0.004370573267684629
2017-08-09,4.4,0.0,-0.018391322971423544,0.0,0.006103029791591926,-0.007941870689870222,-0.004638104507594121,-0.004405481123998541,-0.00029202190704162394
2017-08-10,4.4,0.0,-0.018391322971423544,0.0,-0.03236982600838453,-0.02588164750693739,-0.02261790186544433,-0.014734745793911111,-0.022329459589619113
2017-08-11,4.4,0.0,-0.018391322971423544,0.0,0.013811097377071821,0.01150198642164356,0.006925895834225835,0.015148450842053709,0.004054037243787652
2017-08-14,4.4,0.0,-0.018391322971423544,0.0,0.01493720169341788,0.01569248656136944,0.016434433153642434,0.014922738610645707,0.015760201250672127
2017-08-15,4.4,0.0,-0.018391322971423544,0.0,0.01088861158548988,-0.0005696705688712181,-0.00404884981775345,0.000272806901590306,0.0014631996006787826
2017-08-16,4.4,0.0,-0.018391322971423544,0.0,-0.004030679852862364,-0.004650899547582916,0.0015995127473417625,0.005856344447613964,-0.00586514537424414
2017-08-17,4.4,0.0,-0.018391322971423544,0.0,-0.01938496169897301,-0.01816686028936246,-0.03075104583225396,-0.01711829125408932,-0.0183435585213859
2017-08-18,4.4,0.0,-0.018391322971423544,0.0,-0.0022833015354901945,-0.0021885856368846377,-0.01275430253594583,0.0012425016161672468,0.0029911612773906157
2017-08-21,4.4,0.0,-0.018391322971423544,0.0,-0.0018431744112585504,-0.005419079827628361,-0.0280179154161383,-0.004701862539972179,0.0022075649553783814
2017-08-22,4.4,0.0,-0.018391322971423544,0.0,0.016215305262862224,0.014175918202026435,0.010276706684685338,0.013901747952627124,0.011024963073480502
2017-08-23,4.4,0.0,-0.018391322971423544,0.0,0.0012512733965160045,-0.009247292912963967,0.03290794894955897,-0.006032597667758633,-0.005497196733699265
2017-08-24,4.4,0.0,-0.018391322971423544,0.0,-0.004448276975437844,-0.005810168804642285,0.00045349869582472275,-0.0004124558498345769,-0.005766291270479961
2017-08-25,4.4,0.0,-0.018391322971423544,0.0,0.0036975983851470886,-0.007577608763643556,-0.013923641294217942,0.0017868096478803636,-0.008501379019078043
2017-08-28,4.4,0.0,-0.018391322971423544,0.0,0.010020893263797891,0.0008036504766950673,-0.0068904688614768155,0.0001375270183538258,0.005516202409393875
2017-08-29,4.4,0.0,-0.018391322971423544,0.0,0.008878691392554164,0.008462861265084663,0.004906047766236771,0.0030158897985821977,0.004831755084717893
2017-08-30,4.4,0.0,-0.018391322971423544,0.0,0.0026971563401609108,0.01408192758850086,0.016616156563961468,0.013056151643059668,0.01106617540556932
2017-08-31,4.4,0.0,-0.018391322971423544,0.0,0.0039713779949128985,0.013356132731702762,0.007671959148600524,0.010216495766607414,0.011992150963240772
2017-09-01,4.3,0.0,-0.0023228814161396385,0.0,0.0003048383399402464,-0.0023993744256387843,-0.0014059357862915352,-0.011162634424642775,0.00029077001235881263
2017-09-05,4.3,0.0,-0.0023228814161396385,0.0,-0.012081265983981623,-0.013357370517836828,-0.016482859035526678,-0.004472920318527889,-0.0075859232168438715
2017-09-06,4.3,0.0,-0.0023228814161396385,0.0,-0.0010492159848066115,0.0026175823694511687,-0.014579885074467756,-0.0028570220866431665,0.007992877119803603
2017-09-07,4.3,0.0,-0.0023228814161396385,0.0,-0.004023049444898389,0.011986152965818224,0.017493374410974535,0.012724994257946045,0.0064871526836840915
2017-09-08,4.3,0.0,-0.0023228814161396385,0.0,-0.01644298573521028,-0.013951323440571211,-0.02077856520752768,-0.004854404776216692,-0.013133783526994288
2017-09-11,4.3,0.0,-0.0023228814161396385,0.0,0.01793035469123141,0.012408473791438593,0.057405915477094,0.010488476896661022,0.014864134859986855
2017-09-12,4.3,0.0,-0.0023228814161396385,0.0,-0.00397076882157374,0.004713053224380537,-0.002588013425793526,-0.0010707441887477295,-0.003174779300168805
2017-09-13,4.3,0.0,-0.0023228814161396385,0.0,-0.00755040427712254,0.0171733915147514,0.009547674291395884,0.007071714912180428,0.0005202771070681043
2017-09-14,4.3,0.0,-0.0023228814161396385,0.0,-0.00861847374174036,-0.007420404605939005,0.030679855252103608,-0.005867460272009352,-0.012151070913838005
2017-09-15,4.3,0.0,-0.0023228814161396385,0.0,0.010057628600844401,-0.005477525698462624,0.005729766880258297,0.0071964541721443375,0.0039697848295142234
2017-09-18,4.3,0.0,-0.0023228814161396385,0.0,-0.007596657775226429,-0.012850916167347484,0.013572232447427742,-0.0019940423550642073,-0.009542279194358622
2017-09-19,4.3,0.0,-0.0023228814161396385,0.0,0.0003783279045852481,-0.004454611516832462,-0.026050746064111292,0.003718631909394386,0.01465595589848246
2017-09-20,4.3,0.0,-0.0023228814161396385,0.0,-0.01690022910776185,0.003448145643344676,-0.0031774910244818664,-0.0066501779990626375,-0.0020307218921030374
2017-09-21,4.3,0.0,-0.0023228814161396385,0.0,-0.01732101689390449,-0.008834574170731167,-0.020071229638365835,-0.009788691851059447,-0.006175623385118804
2017-09-22,4.3,0.0,-0.0023228814161396385,0.0,-0.0098271282557107,-0.00994923387863721,-0.042901310380301975,0.002691631501313371,-0.0033368720138256622
2017-09-25,4.3,0.0,-0.0023228814161396385,0.0,-0.008861040112172449,-0.016159662973744406,-0.017527214982414382,-0.01557553225887276,-0.046017516480884056
2017-09-26,4.3,0.0,-0.0023228814161396385,0.0,0.0170568628476542,-0.0012669965704066126,0.000753389500683819,0.0,0.00819381082376736
2017-09-27,4.3,0.0,-0.0023228814161396385,0.0,0.007092363220094116,0.012987923943538475,-0.012474308755910057,0.008021084833845624,0.020911191066294226
2017-09-28,4.3,0.0,-0.0023228814161396385,0.0,-0.006178286325142836,0.0057988953957666236,-0.004026045006203791,0.00027063285111691765,0.006242494660689455
2017-09-29,4.3,0.0,-0.0023228814161396385,0.0,0.005465177776495421,0.005162339637088178,0.004407251881235175,0.008358329459859032,0.012603046414834179
2017-10-02,4.2,0.0,0.004640379556502301,0.0,-0.0020134262118398543,-0.002249403897714789,0.0012598678729923024,0.0016097789410120036,-0.008226842558621886
2017-10-03,4.2,0.0,0.004640379556502301,0.0,0.004346320733372069,-0.002181295305561371,0.01916915421763953,-0.004702366132565115,0.0028870501542062896
2017-10-04,4.2,0.0,0.004640379556502301,0.0,-0.006494305627002288,0.008686425286510317,0.019541268032736394,0.0057736657617343526,-0.00910229249995201
2017-10-05,4.2,0.0,0.004640379556502301,0.0,0.012367610771907435,0.015825238418642956,0.0009009922922392771,0.016992587109352995,0.016605356305247922
2017-10-06,4.2,0.0,0.004640379556502301,0.0,-0.0005791156392601622,0.00886107919707632,0.0043526213488720815,0.0003945413601602296,0.005764581107671233
2017-10-09,4.2,0.0,0.004640379556502301,0.0,0.003471355358169813,0.0014238210688546902,-0.039844060130650255,0.0038088962123338363,0.0015666271277223697
2017-10-10,4.2,0.0,0.004640379556502301,0.0,0.00038498670043868327,-0.003831768090875414,0.03622283237587314,0.0,-0.0052894689639244015
2017-10-11,4.2,0.0,0.004640379556502301,0.0,0.004160658690352449,0.007870071642162382,-0.0027879875476250426,0.0017023451766169427,0.006679612869532755
2017-10-12,4.2,0.0,0.004640379556502301,0.0,-0.003519518348083464,0.005942132813285726,0.0030410778898386976,0.00911818429875488,-0.001100445455599356
2017-10-13,4.2,0.0,0.004640379556502301,0.0,0.0063255738269311365,0.002006082882542097,-0.0003093323999989706,0.004786469173767878,0.00687273766434634
2017-10-16,4.2,0.0,0.004640379556502301,0.0,0.018241486466104174,0.0033843395588114174,-0.014076156056894799,0.0020627003438531636,0.004479591259285541
2017-10-17,4.2,0.0,0.004640379556502301,0.0,0.003683823886600596,0.0027685800366083657,0.014582301161447271,-0.0007730006223139866,0.009069461258637083
2017-10-18,4.2,0.0,0.004640379556502301,0.0,-0.004434562593992084,-0.01209313309740889,0.010903108656870027,0.000257697305510918,-0.00045444710192101185
2017-10-19,4.2,0.0,0.004640379556502301,0.0,-0.023944621772138585,-0.01047588323378402,-0.022040089763599495,0.0038579417278393692,-0.008385930950226923
2017-10-20,4.2,0.0,0.004640379556502301,0.0,0.0017294073619524783,-0.0037572928970633582,-0.019257068207608512,0.011485212527778262,0.002403177315834265
2017-10-23,4.2,0.0,0.004640379556502301,0.0,-0.0005122683987385276,-0.01704324664002074,-0.02369191499254562,0.00025423986004902903,-0.021430477833237458
2017-10-24,4.2,0.0,0.004640379556502301,0.0,0.005937750090673388,0.00988576804039396,0.0009489792864177772,0.0003801236483155594,0.003089873968896903
2017-10-25,4.2,0.0,0.004640379556502301,0.0,-0.004401731479686343,-0.0030685003806522762,-0.03468476275790779,-0.002920536641239259,-0.007009387190363357
2017-10-26,4.2,0.0,0.004640379556502301,0.0,0.006372929638422732,-0.000493529688470215,0.0010122249793839974,0.0016519385724896012,0.0001757649520558544
2017-10-27,4.2,0.0,0.004640379556502301,0.0,0.035203061310288206,0.12413067896568483,-0.01638271198924271,0.06214667405207599,0.04161166136038441
2017-10-30,4.2,0.0,0.004640379556502301,0.0,0.022258735929591798,0.008952025262933944,-0.002465047399103143,0.0009542564378043056,0.011125102953678969
2017-10-31,4.2,0.0,0.004640379556502301,0.0,0.013819901683099977,-0.005026784367623449,0.03514729459234801,-0.008499142778335788,0.0010558563102324723
2017-11-01,4.2,0.0,-0.011641575015485978,0.0,-0.012800646250187868,-0.0014486789522828955,-0.0320279934376527,0.0,0.014336470157406161
2017-11-02,4.2,0.0,-0.011641575015485978,0.0,0.00728346377481931,-0.008608262578960907,-0.07037752861026653,0.010404629278477746,-0.020687793865975593
2017-11-03,4.2,0.0,-0.011641575015485978,0.0,0.025779050817495174,0.015758697930250583,0.02256643431216386,0.0010701742820213736,0.0
2017-11-06,4.2,0.0,-0.011641575015485978,0.0,0.010093846406133975,0.008117362513653508,-0.010872717933080492,0.003914335134405612,0.006962059346353573
2017-11-07,4.2,0.0,-0.011641575015485978,0.0,0.0032082596710366965,0.00223724214185546,0.010742038348578922,-0.0023704917325056115,0.0004440070156586345
2017-11-08,4.2,0.0,-0.011641575015485978,0.0,0.008147418493062619,0.008608024225570467,-0.00543869397228035,0.003435743950256129,-0.0038353842744925123
2017-11-09,4.2,0.0,-0.011641575015485978,0.0,-0.002044561038966534,-0.0033156381878703687,-0.004610014914461036,-0.005573931897734777,-0.0014488887511492712
2017-11-10,4.2,0.0,-0.011641575015485978,0.0,-0.003315388641274119,-0.003353311599482213,0.0,-0.0026193207218563525,-0.004695928031764718
2017-11-13,4.2,0.0,-0.011641575015485978,0.0,-0.004015636729049919,0.0033887170168525244,0.040141878705538876,0.0007150408808172895,0.0017354932350092007
2017-11-14,4.2,0.0,-0.011641575015485978,0.0,-0.015233029444245542,0.006769619085419319,-0.021471745518534084,0.0014284501045964046,-0.0039233319944504755
2017-11-15,4.2,0.0,-0.011641575015485978,0.0,-0.013278045681205738,-0.008968347731299169,0.00838709205242743,-0.007802869600610962,-0.0006741120462203343
2017-11-16,4.2,0.0,-0.011641575015485978,0.0,0.01187641198546547,0.00936408738245071,0.0038473882879458926,0.0026479873091571015,0.009173933913377362
2017-11-17,4.2,0.0,-0.011641575015485978,0.0,-0.005568044669819384,-0.0065367834661770735,0.008126891338092797,-0.009661849656712683,-0.003290740101243576
2017-11-20,4.2,0.0,-0.011641575015485978,0.0,-0.000999398764715763,-0.003164649813234889,-0.020231813822732335,0.0015762197821612865,-0.0014535969103451286
2017-11-21,4.2,0.0,-0.011641575015485978,0.0,0.01841964444123034,0.011633998526740592,0.028954178587658665,0.014316160342204114,0.017304905268997587
2017-11-22,4.2,0.0,-0.011641575015485978,0.0,0.010456933975275222,0.014523373823799913,-0.01652923893506532,-0.007312905063673764,-0.005458665470096285
2017-11-24,4.2,0.0,-0.011641575015485978,0.0,5.7454475738053534e-05,0.025482141960796904,0.009392732392230188,0.001802973771653917,0.01050469389671228
2017-11-27,4.2,0.0,-0.011641575015485978,0.0,-0.005042519127128155,0.008254218778723024,0.003985059690953488,0.007300276665443957,0.0013670461656596791
2017-11-28,4.2,0.0,-0.011641575015485978,0.0,-0.005876203882533928,-0.0018665509076040718,0.0023330724604189385,0.011970224292313321,-0.0033386320582372026
2017-11-29,4.2,0.0,-0.011641575015485978,0.0,-0.020961449104981246,-0.027459731223672457,-0.032030139192276555,-0.018309842562854943,-0.04078313164134293
2017-11-30,4.2,0.0,-0.011641575015485978,0.0,0.013887062201864836,0.013242202875674286,0.00425057889210658,0.009909830669770104,0.011637722658637698
2017-12-01,4.1,0.0,-0.011778699192612763,0.0,-0.004666044072542588,-0.012312604085950968,-0.00754010366639291,0.0010688498880944272,-0.011808883092102868
2017-12-04,4.1,0.0,-0.011778699192612763,0.0,-0.007334766185887455,-0.024736740128106248,-0.00434834272470056,-0.03847081995638605,-0.020948973241001666
2017-12-05,4.1,0.0,-0.011778699192612763,0.0,-0.0009424888324005937,0.006697404592484736,-0.004926852074403848,0.006269970766412771,0.007900130925259421
2017-12-06,4.1,0.0,-0.011778699192612763,0.0,-0.0037206380421427403,0.0093988532596201,0.03099312282621998,0.014480111762825345,0.018516476303759286
2017-12-07,4.1,0.0,-0.011778699192612763,0.0,0.0018326058091954996,0.006435581273965053,-0.006469278797638505,-0.0035095567135169222,0.02290940080073505
2017-12-08,4.1,0.0,-0.011778699192612763,0.0,0.00029516785006723534,0.001903710021834071,0.01242099248059274,0.020042744608515135,-0.006348493606634648
2017-12-11,4.1,0.0,-0.011778699192612763,0.0,0.01929669612656199,0.005937598801784608,0.042798912246750316,0.012633749368066495,0.00022343626599277537
2017-12-12,4.1,0.0,-0.011778699192612763,0.0,-0.005633509626559887,-0.0032904490154512796,0.0361862329733906,0.004098173667546931,-0.01168548390374906
2017-12-13,4.1,0.0,-0.011778699192612763,0.0,0.0033144784942338973,-0.0008157377293610172,-0.005881845506406178,-0.0026915888063904214,0.007543852965154379
2017-12-14,4.1,0.0,-0.011778699192612763,0.0,-0.00029067195260125476,0.008664139049874836,-0.0033682099029070122,-0.007762685156529127,0.0005044403358805244
2017-12-15,4.1,0.0,-0.011778699192612763,0.0,0.010110354027131492,0.004147188353931223,0.016321218795082817,0.025185057895798217,0.009984185024763474
2017-12-18,4.1,0.0,-0.011778699192612763,0.0,0.013984603014105628,0.009655200437243666,-0.0134250207187917,-0.005426382730856549,0.0035458416666568045
2017-12-19,4.1,0.0,-0.011778699192612763,0.0,-0.010713489109405814,-0.0026913816143937534,-0.02319609249622529,-0.006387410709366941,-0.007271257007645567
2017-12-20,4.1,0.0,-0.011778699192612763,0.0,-0.0010891828244619108,-0.008253729095494208,-0.006423540521295798,-0.0036184374773389626,-0.00906539244422785
2017-12-21,4.1,0.0,-0.011778699192612763,0.0,0.0037784746890835333,-0.0024316076057076274,0.008113407607173046,-0.0002339575280805056,-0.0024765619244440655
2017-12-22,4.1,0.0,-0.011778699192612763,0.0,0.0,-0.005462810192431288,-0.019669938323103757,0.00011722921028179175,-0.0014098905136950308
2017-12-26,4.1,0.0,-0.011778699192612763,0.0,-0.02569753583095659,0.007163876953518443,-0.02462423674446112,-0.0012873507614399391,-0.006851853283199248
2017-12-27,4.1,0.0,-0.011778699192612763,0.0,0.00017583246865496285,0.004662922890910665,-0.01796752434393836,0.003623415203707747,0.009219182794971822
2017-12-28,4.1,0.0,-0.011778699192612763,0.0,0.0028095998353657343,0.0032427757977950182,0.011866220726355485,0.00011665037301000551,0.001687599127815923
2017-12-29,4.1,0.0,-0.011778699192612763,0.0,-0.010872589664203451,-0.014119976477714395,-0.012797193348550452,-0.0021020836927207616,-0.008239742734572437
2018-01-02,4.0,0.0,0.009434032233358714,0.0,0.017746534556514138,0.016570393594201663,0.029058261481362566,0.004781293503920869,0.027720518669611376
2018-01-03,4.0,0.0,0.009434032233358714,0.0,-0.00017451686254254503,0.012694394527191124,-0.01028583096269393,0.004643238021421978,0.017755700580281638
2018-01-04,4.0,0.0,0.009434032233358714,0.0,0.004634149193426451,0.0044660253429876385,-0.008324530558681901,0.008763078263926714,-0.0018429239332577113
2018-01-05,4.0,0.0,0.009434032233358714,0.0,0.011320991702420909,0.0160332935792393,0.006210416017176824,0.012321982413140213,0.01357879195065468
2018-01-08,4.0,0.0,0.009434032233358714,0.0,-0.00372094008776318,0.014321632906715799,0.060754702381703427,0.0010200582738825667,0.0076238334300858445
2018-01-09,4.0,0.0,0.009434032233358714,0.0,-0.00011447844899535668,0.004664812398839383,-0.008118245093933886,-0.000679891740145655,-0.002179938081740904
2018-01-10,4.0,0.0,0.009434032233358714,0.0,-0.00022983890453699533,0.001300359709972529,0.003320893638202626,-0.004544399989112127,-0.0001597163650329443
2018-01-11,4.0,0.0,0.009434032233358714,0.0,0.005664176480555461,0.01766139781681635,0.009364661080734738,0.0029559337044019517,-0.00037266155004270235
2018-01-12,4.0,0.0,0.009434032233358714,0.0,0.010273342104481399,0.02209336587396363,-0.005132257768969449,0.01710983356333235,-0.045767185204768905
2018-01-16,4.0,0.0,0.009434032233358714,0.0,-0.005094904191700523,-0.0002606211461983206,0.01135638767539583,-0.014048962331135843,-0.005478530202214503
2018-01-17,4.0,0.0,0.009434032233358714,0.0,0.016381402899874335,-0.0075850021734760985,0.02066361394773987,0.02005761304366173,-0.0044383074400477585
2018-01-18,4.0,0.0,0.009434032233358714,0.0,0.000893092943116621,-0.001298133852806076,-0.007488501129632502,-0.0004440718493011815,0.012311243512555763
2018-01-19,4.0,0.0,0.009434032233358714,0.0,-0.00447309652570352,0.0009736994050156305,0.015693090065018588,-0.0011103487857666153,0.008252981004670288
2018-01-22,4.0,0.0,0.009434032233358714,0.0,-0.008214929655962109,0.024968098162378945,0.004390024536005943,0.017731008481762546,0.022255792369006086
2018-01-23,4.0,0.0,0.009434032233358714,0.0,0.00022632031611811366,0.026196229930158944,0.00349261668007839,0.003160632219813676,0.021243299906724338
2018-01-24,4.0,0.0,0.009434032233358714,0.0,-0.016057070508649778,-0.003698397360036897,-0.01975213430064165,-0.0008706853316661955,-0.014897773463144507
2018-01-25,4.0,0.0,0.009434032233358714,0.0,-0.018012146241807858,0.014944682738458965,-0.02414061666578032,0.005538701375938138,0.004972798390686974
2018-01-26,4.0,0.0,0.009434032233358714,0.0,0.0023350198653083786,0.017338590199733116,0.015312820217281293,0.018563648891444042,0.013351997228243477
2018-01-29,4.0,0.0,0.009434032233358714,0.0,-0.02091596659441716,0.0110863061970509,0.019296367584641105,-0.0014894135926743367,-0.021385065275792814
2018-01-30,4.0,0.0,0.009434032233358714,0.0,-0.005911665434089377,0.014106290909006738,-0.01067099478570611,-0.012643603389474942,0.006111038258070749
2018-01-31,4.0,0.0,0.009434032233358714,0.0,0.0027512033364087405,0.009049130891396598,0.024253827172148544,0.024182556462400393,-0.001229838626768097
2018-02-01,4.1,0.0,0.05702799323330799,1.0,0.0020884045293015387,-0.04287344522925761,-0.014384252958894271,-0.00792559607373613,0.03263615815951944
2018-02-02,4.1,0.0,0.05702799323330799,1.0,-0.044359661792942054,0.028335697336222956,-0.015873271824704757,-0.026662329321727164,-0.014659870950655088
2018-02-05,4.1,0.0,0.05702799323330799,1.0,-0.025301792806959173,-0.028335697336222907,-0.031381851268344675,-0.04205744733439989,-0.048564134642160806
2018-02-06,4.1,0.0,0.05702799323330799,1.0,0.040941811089348266,0.037309622701425335,0.0025183533063415963,0.03714245849434409,0.02209770668324815
2018-02-07,4.1,0.0,0.05702799323330799,1.0,-0.02163938624847447,-0.018226722717437444,0.032493210526077794,-0.019012295736965956,-0.02807384008939298
2018-02-08,4.1,0.0,0.05702799323330799,1.0,-0.02790227837365186,-0.047911730278811245,-0.09024189341458241,-0.05269806487939715,-0.048906623778999854
2018-02-09,4.1,0.0,0.05702799323330799,1.0,0.012157030632060953,-0.008103804791418619,-0.015376248848248276,0.03661118828685458,0.026059214703115268
2018-02-12,4.1,0.0,0.05702799323330799,1.0,0.039488788422517566,0.034216728035250644,0.016961202165830976,0.010715987513370589,0.001701969165619186
2018-02-13,4.1,0.0,0.05702799323330799,1.0,0.009968115696076162,0.02019536975735599,0.024806110575996826,0.007822826935403728,-0.018652576107572143
2018-02-14,4.1,0.0,0.05702799323330799,1.0,0.01826930385775403,0.02550419300925882,-0.004179773833776486,0.015536938728320186,0.03612845563421794
2018-02-15,4.1,0.0,0.05702799323330799,1.0,0.03302702666944632,0.007353751233283212,0.035836754394223076,0.020167365498604244,0.002447954619693804
2018-02-16,4.1,0.0,0.05702799323330799,1.0,-0.003242557596290366,-0.0089814315393622,0.004241546843597516,-0.0071485293802708615,-0.01455322389511557
2018-02-20,4.1,0.0,0.05702799323330799,1.0,-0.003369521453989626,0.01347964456515462,-0.00214835049634627,0.007795868848937293,-0.00764069241393282
2018-02-21,4.1,0.0,0.05702799323330799,1.0,-0.004549001520665062,0.00987380009044426,-0.004400810006499264,-0.013354719803981455,0.010737006095816596
2018-02-22,4.1,0.0,0.05702799323330799,1.0,0.00832440635731402,0.0016305120580417068,0.03788699111449636,0.0026201571068898573,0.00605215398236845
2018-02-23,4.1,0.0,0.05702799323330799,1.0,0.017241998093551043,0.009821428842378839,0.016843236182783695,0.025083101765286425,0.023739696793054266
2018-02-26,4.1,0.0,0.05702799323330799,1.0,0.019578776933213603,0.014527347404448127,0.015138342018226577,0.014355398509201724,0.008907762984812101
2018-02-27,4.1,0.0,0.05702799323330799,1.0,-0.003245735894776236,-0.006572418273647388,-0.018153845689605118,-0.012867928971868756,-0.018942197278229864
2018-02-28,4.1,0.0,0.05702799323330799,1.0,-0.0015148161074291177,0.00031078300210627937,-0.022852326172335676,-0.0045751885373342275,-0.017455406020644274
2018-03-01,4.0,0.0,0.028417212723576904,0.0,-0.017671573061489525,-0.012641932360173476,-0.03599846676634224,-0.009859761568525199,-0.013436730446038124
2018-03-02,4.0,0.0,0.028417212723576904,0.0,0.006890598149284956,0.004542832323262843,0.012581794044277577,0.002151971118137397,0.0038573749107453444
2018-03-05,4.0,0.0,0.028417212723576904,0.0,0.0034557023612266985,0.015450749125216098,-0.0052956889346357445,0.006320399148796968,0.021176232055568157
2018-03-06,4.0,0.0,0.028417212723576904,0.0,-0.0008485703460668695,0.00916635335491773,-0.015569849908619472,-0.003423066702031707,-0.0034428168701590945
2018-03-07,4.0,0.0,0.028417212723576904,0.0,-0.00932620849144375,0.004775087665414082,0.012415049984329452,0.0057698673222757344,0.021624459354263773
2018-03-08,4.0,0.0,0.028417212723576904,0.0,0.01085326401129276,0.004430331047974139,-0.0096765099931042,0.00605439121657183,-0.007485164446598137
2018-03-09,4.0,0.0,0.028417212723576904,0.0,0.01703512771983543,0.017267875039310328,-0.005881795723518265,0.022098885175106865,0.015725027498281145
2018-03-12,4.0,0.0,0.028417212723576904,0.0,0.00962124586412256,0.012274784456525238,0.05454171900502194,0.002379230192582984,-0.002540520637061507
2018-03-13,4.0,0.0,0.028417212723576904,0.0,-0.009676874175985601,-0.0064082374088574355,-0.01067881179038873,-0.02468970733186686,-0.015710468501146057
2018-03-14,4.0,0.0,0.028417212723576904,0.0,-0.00853777786747009,0.0017741242337512898,-0.04551475671341543,-0.005949541397405249,0.012620671086204415
2018-03-15,4.0,0.0,0.028417212723576904,0.0,0.0011761855889372182,-0.005470697171817769,-0.003158388052850371,0.003510236608826899,-0.0017931945160864597
2018-03-16,4.0,0.0,0.028417212723576904,0.0,-0.003532623860491222,-0.006746984262292992,-0.013138827430316807,0.0044495079429184336,0.006667542511755117
2018-03-19,4.0,0.0,0.028417212723576904,0.0,-0.015397287240490828,-0.01716652889855416,-0.024540122382657712,-0.018241479856991514,-0.07009735436158414
2018-03-20,4.0,0.0,0.028417212723576904,0.0,-0.00034208059424042605,0.02655806397402168,-0.009645799079847998,0.002580272442958638,-0.025888349672918018
2018-03-21,4.0,0.0,0.028417212723576904,0.0,-0.0229151000700717,-0.002935242181331271,0.019073091713506164,-0.007003810672201851,0.007347229904387577
2018-03-22,4.0,0.0,0.028417212723576904,0.0,-0.014230729547069861,-0.023629241659590867,-0.02375314563501072,-0.029518892517147333,-0.026925098907832106
2018-03-23,4.0,0.0,0.028417212723576904,0.0,-0.023428936799216257,-0.0324714405071344,-0.02476215748924565,-0.029498611947013215,-0.033924611007391074
2018-03-26,4.0,0.0,0.028417212723576904,0.0,0.04637973324564925,0.03952772098848848,0.008716983357954528,0.07297641341924448,0.004194790168961369
2018-03-27,4.0,0.0,0.028417212723576904,0.0,-0.025975870116758077,-0.03853192075579568,-0.08576296122040042,-0.04704781171352842,-0.05022194166266476
2018-03-28,4.0,0.0,0.028417212723576904,0.0,-0.011110851641515233,-0.044829570623964574,-0.07975020560866929,-0.0008947062699914088,0.005307155113398084
2018-03-29,4.0,0.0,0.028417212723576904,0.0,0.007778963429992778,0.011060397628404146,0.0318784406408496,0.02081355345900602,0.04322648928994391
2018-04-02,4.0,0.0,0.0064447054426421835,0.0,-0.006578201577206262,-0.05346506623271679,-0.05265286271087222,-0.030593933330566515,-0.027922451870337935
2018-04-03,4.0,0.0,0.0064447054426421835,0.0,0.010207218186871293,0.01451521594489404,0.057899602458025494,0.01335385728675457,0.004622750846272909
2018-04-04,4.0,0.0,0.0064447054426421835,0.0,0.018941543511795954,0.013216432521270617,0.07004145954947365,0.028786836150804927,-0.006490721273087815
2018-04-05,4.0,0.0,0.0064447054426421835,0.0,0.006910651337378158,0.02877581980896398,0.0633964612779032,0.0005413015542742453,0.026970308279960706
2018-04-06,4.0,0.0,0.0064447054426421835,0.0,-0.025911845124837712,-0.03256879145160196,-0.021223211265089487,-0.02354845014778003,-0.013521595916720124
2018-04-09,4.0,0.0,0.0064447054426421835,0.0,0.009869114251929274,0.0006047480886455927,-0.032738552591198074,0.0059668734431821404,0.0046331371011553175
2018-04-10,4.0,0.0,0.0064447054426421835,0.0,0.018643269250491874,0.02120891765877724,0.05061985415504579,0.02297934125898686,0.04403589491393362
2018-04-11,4.0,0.0,0.0064447054426421835,0.0,-0.00468603779972584,-0.006405231332769564,-0.012450001501353107,-0.011042559053744953,0.007725875810884193
2018-04-12,4.0,0.0,0.0064447054426421835,0.0,0.009810262988833517,0.01491919110975978,-0.02302585434608351,0.018551114670136874,-0.014840306561069376
2018-04-13,4.0,0.0,0.0064447054426421835,0.0,0.003382304187000126,-0.012301877768966152,0.021063340553558362,-0.005357456763187898,0.003958833283046934
2018-04-16,4.0,0.0,0.0064447054426421835,0.0,0.006218772410430104,0.0074574931597974625,-0.030870545862284916,0.011642437331193911,0.0018824989613477915
2018-04-17,4.0,0.0,0.0064447054426421835,0.0,0.013669964361001688,0.04233096224700543,-0.012161153367676696,0.019975508838889672,0.022970260206536204
2018-04-18,4.0,0.0,0.0064447054426421835,0.0,-0.0022466699781449177,0.01583979284660221,0.019482988950550416,0.003843751746464265,-0.013730909651818326
2018-04-19,4.0,0.0,0.0064447054426421835,0.0,-0.028749134546978077,0.018848100013873853,0.022682617268948137,-0.0034276636033099815,0.010404949857251725
2018-04-20,4.0,0.0,0.0064447054426421835,0.0,-0.041835127193334036,-0.01907723181610307,-0.033340946599311215,-0.011616540870876026,-0.010885852613717217
2018-04-23,4.0,0.0,0.0064447054426421835,0.0,-0.0029010051675672365,-0.006324400696319432,-0.023954713067765032,0.0036772812316948835,-0.002649802519035184
2018-04-24,4.0,0.0,0.0064447054426421835,0.0,-0.014016794553539406,-0.038803322300977466,0.0003175829962110711,-0.023665145237752157,-0.037789023721114486
2018-04-25,4.0,0.0,0.0064447054426421835,0.0,0.004347780790732288,5.475954499941282e-05,-0.009820109595590503,-0.008736468961911121,0.0
2018-04-26,4.0,0.0,0.0064447054426421835,0.0,0.003476898115246523,0.03881450715060276,0.01692105227125317,0.020904260950847395,0.08674007232193541
2018-04-27,4.0,0.0,0.0064447054426421835,0.0,-0.011637083617707005,0.03537561362599702,0.02967988645210738,0.016414853958230273,-0.00327833912703476
2018-04-30,4.0,0.0,0.0064447054426421835,0.0,0.017950664725041282,-0.004135326109196778,-0.0006123186992793044,-0.024296295777246266,-0.009201642302539555
2018-05-01,3.8,0.0,0.033687395983675414,0.0,0.02296983082449288,0.010246541390296704,0.020276271552000992,0.015701513836136907,0.01075600527435062
2018-05-02,3.8,0.0,0.033687395983675414,0.0,0.04322723924750167,-0.007982399946119208,0.0040927434643586716,-0.015808555402022265,0.012631105525060441
2018-05-03,3.8,0.0,0.033687395983675414,0.0,0.0018106764753406163,0.00152774422597195,-0.05705105475694015,0.005971109831706355,-0.01171116979113887
2018-05-04,3.8,0.0,0.033687395983675414,0.0,0.03848350916874461,0.005626403963582918,0.033328408391726135,0.011520350737546639,0.014773622769489741
2018-05-07,3.8,0.0,0.033687395983675414,0.0,0.007208615693710522,0.012065232820824213,0.029087598107581533,0.01107752489597258,0.0076709143016242005
2018-05-08,3.8,0.0,0.033687395983675414,0.0,0.0047953226331392115,-0.004855150386433913,-0.002645858763480469,-0.004270206739412145,0.00532383154741039
2018-05-09,3.8,0.0,0.033687395983675414,0.0,0.0070166483846229215,0.009755167405861371,0.016031414306226816,0.011725178746364568,0.02068779386597573
2018-05-10,3.8,0.0,0.033687395983675414,0.0,0.01420233227808167,0.0006714269487795818,-0.005981667768512261,0.009956277877692809,0.01558994353651813
2018-05-11,3.8,0.0,0.033687395983675414,0.0,-0.003810281801802528,-0.003841887076876573,-0.013067764405920593,-0.00214690152344799,0.007838666435674815
2018-05-14,3.8,0.0,0.033687395983675414,0.0,-0.0023361987398857246,-0.000855019821921358,-0.030658568488625318,0.00337197452964408,-0.0018735942209327505
2018-05-15,3.8,0.0,0.033687395983675414,0.0,-0.009129912324224025,-0.015999582214342844,-0.027043193851452124,-0.007269082039570682,-0.012508113306856557
2018-05-16,3.8,0.0,0.033687395983675414,0.0,0.009289436622074593,0.007055711937681797,0.008060902728221242,0.002576781089496767,-0.00609494188140284
2018-05-17,3.8,0.0,0.033687395983675414,0.0,-0.006343671493164976,-0.0034837207851964812,-0.006794892876662789,-0.010034902518738531,0.0030519889408743926
2018-05-18,3.8,0.0,0.033687395983675414,0.0,-0.003642981166504704,-0.004682948952668358,-0.027506411041860752,0.0018698800877030974,-0.005894505744935071
2018-05-21,3.8,0.0,0.033687395983675414,0.0,0.007059974082907173,0.0070194493799519446,0.02733063584059411,0.012786257337120441,0.009859228303087449
2018-05-22,3.8,0.0,0.033687395983675414,0.0,-0.0025082742440396704,-0.002564092355650729,-0.033890641978487256,-0.001025012413551374,-0.0037469897151547753
2018-05-23,3.8,0.0,0.033687395983675414,0.0,0.006390962889538963,0.012854956228734496,0.0146552593259178,0.011826923001450601,0.016725363881333416
2018-05-24,3.8,0.0,0.033687395983675414,0.0,-0.0011155343665873467,0.0007551004151900502,-0.00438134008245393,-0.0035536975599623558,-0.005203378543031472
2018-05-25,3.8,0.0,0.033687395983675414,0.0,0.002283228270566567,0.004406755128694276,0.0035926511327837147,0.0005086248207293101,-0.005446879362442533
2018-05-29,3.8,0.0,0.033687395983675414,0.0,-0.003612812512253894,0.001687878056954978,0.017454813671737467,-0.0035647231618638224,0.00442437457046281
2018-05-30,3.8,0.0,0.033687395983675414,0.0,-0.0021307941512902434,0.007424894791795791,0.027665611046886498,0.009545070740231757,0.010337205296230164
2018-05-31,3.8,0.0,0.033687395983675414,0.0,-0.0033657352023910535,0.0029067818463926367,-0.024253054463057908,-0.001112271053216564,0.021663890730028352
2018-06-01,4.0,0.0,0.0,0.0,0.017873342741966045,0.007287974742940334,0.024595765346737457,0.019536663132805096,0.011457903114447464
2018-06-04,4.0,0.0,0.0,0.0,0.00832298353609085,0.014352361192745182,0.016719212816101784,0.00869313847808798,-0.003666835069186966
2018-06-05,4.0,0.0,0.0,0.0,0.007685592677982774,0.018491622422478978,-0.019086459534572997,0.005101703243330656,-0.0017606756481715407
2018-06-06,4.0,0.0,0.0,0.0,0.0034598838631035617,-0.0003537487735077804,0.09298733807137727,0.002931193573013172,-0.008327298886541485
2018-06-07,4.0,0.0,0.0,0.0,-0.0026842110976563415,-0.0038109042575301937,-0.010730278490089475,-0.0158334220108631,-0.016652979238078767
2018-06-08,4.0,0.0,0.0,0.0,-0.009139222412799283,-0.0031482087067048275,0.004954692435399038,0.007406862556686847,0.004877133656980084
2018-06-11,4.0,0.0,0.0,0.0,-0.0024546175100890115,0.0030417085523415876,0.044454448870734506,-0.005723058666939688,0.012820548053019354
2018-06-12,4.0,0.0,0.0,0.0,0.005475624408087953,0.005684988047565979,0.03162357995786879,0.002569470273676495,0.004479945404949032
2018-06-13,4.0,0.0,0.0,0.0,-0.008251039735684945,0.0035902650511343294,0.005846814961109414,-0.004550532353833396,5.2033076583187825e-05
2018-06-14,4.0,0.0,0.0,0.0,0.000524117100689095,0.011083020118790305,0.036844043828737995,0.005635863309302233,0.022610116400164127
2018-06-15,4.0,0.0,0.0,0.0,-0.010325761761462666,-0.004587452546296073,0.0012572053263429782,-0.01280106880045927,-0.004889447514258593
2018-06-18,4.0,0.0,0.0,0.0,-0.0005293869247748884,0.00454682322375441,0.034735996616622904,0.007264028470257346,0.012482225940181989
2018-06-19,4.0,0.0,0.0,0.0,-0.016291703511211824,0.006355243580262066,-0.05055133619592977,0.0,-0.004143506204073241
2018-06-20,4.0,0.0,0.0,0.0,0.004352635379244118,0.008780890154949957,0.027059386425411308,0.009964303918230031,0.022579749974902266
2018-06-21,4.0,0.0,0.0,0.0,-0.005592113292653332,-0.011412889667689054,-0.04145833852996418,-0.00719182893982003,-0.0024783269713357743
2018-06-22,4.0,0.0,0.0,0.0,-0.0029160811059247465,-0.008444903691629486,-0.0407608326368912,-0.007243926244398273,0.0011903452109553808
2018-06-25,4.0,0.0,0.0,0.0,-0.014983036074116194,-0.031090273447365042,-0.0018601117764972604,-0.02032251641243925,-0.02708083454296079
2018-06-26,4.0,0.0,0.0,0.0,0.012329545958228709,0.01665984392829657,0.02663819480865757,0.00698839000913316,0.013405877059520184
2018-06-27,4.0,0.0,0.0,0.0,-0.001464725341284071,-0.018248499964223154,0.007283408999648192,-0.01566502540806392,-0.016006806633210555
2018-06-28,4.0,0.0,0.0,0.0,0.007249987301298541,0.0243561005785281,0.015639022752901306,0.011112893783973843,0.001989439216360131
2018-06-29,4.0,0.0,0.0,0.0,-0.0021046000969614943,-0.0009702818544208091,-0.02014849699089947,-0.00020279498785746836,-0.00978114760699763
2018-07-02,3.8,0.0,-0.008316056241657505,0.0,0.011120212844287942,0.008190920166379114,-0.023245202513878526,0.014097418920896672,0.015523175144478473
2018-07-03,3.8,0.0,-0.008316056241657505,0.0,-0.017569870720884288,-0.011632531973367489,-0.0749967408799285,-0.009645401725346446,-0.02373922376897002
2018-07-05,3.8,0.0,-0.008316056241657505,0.0,0.008014812883497457,0.0034004971509542445,-0.005483771731441566,0.007142401254818396,0.029247006471843428
2018-07-06,3.8,0.0,-0.008316056241657505,0.0,0.013767097512479069,0.006392287119912709,-0.0008413739443247261,0.013936283424202531,0.02380116985919088
2018-07-09,3.8,0.0,-0.008316056241657505,0.0,0.013789311651970036,0.01645995034240514,0.0306362871896815,0.006797761913474637,0.007402476605506892
2018-07-10,3.8,0.0,-0.008316056241657505,0.0,-0.001207145518945691,0.00232627083824685,0.012356234552786241,0.0026473214666511698,-0.005878346850422746
2018-07-11,3.8,0.0,-0.008316056241657505,0.0,-0.013061263897989079,0.006820891325990276,-0.010944370832144498,-0.0013714474664511785,-0.004925169883873612
2018-07-12,3.8,0.0,-0.008316056241657505,0.0,0.016627063477486638,0.023438279239991148,-0.007079156356632034,0.021439053357348498,0.021394876718919688
2018-07-13,3.8,0.0,-0.008316056241657505,0.0,0.0015689843189824653,0.009092308299375183,0.006796925091447165,0.01183101707808277,0.0019312271072618901
2018-07-16,3.8,0.0,-0.008316056241657505,0.0,-0.0021977089672084106,0.005204214611598074,-0.027888696957791365,-0.004944533851787314,-0.0004341824839520503
2018-07-17,3.8,0.0,-0.008316056241657505,0.0,0.002824800111001291,0.01169553351913824,0.039797339718765146,0.009864817468327873,0.013230625831481503
2018-07-18,3.8,0.0,-0.008316056241657505,0.0,-0.0054998531048348195,-0.0005478819253286526,0.003588340997915393,-0.00786490203834279,-0.00300463778685008
2018-07-19,3.8,0.0,-0.008316056241657505,0.0,0.0077430942317922545,-0.016384942345801963,-0.011240942684509224,-0.00687283540643354,-0.006084679282111507
2018-07-20,3.8,0.0,-0.008316056241657505,0.0,-0.002295335705352848,0.00040256240260806996,-0.02098503581790621,0.01775334619977505,0.008851276308814061
2018-07-23,3.8,0.0,-0.008316056241657505,0.0,0.0008874358675017395,-0.0064717884686560055,-0.03366183049098457,0.01587033342135717,0.004609657658428196
2018-07-24,3.8,0.0,-0.008316056241657505,0.0,0.0072279918171211125,0.015003415773147583,-0.019213739494976383,-0.002875399714932906,0.017670342818097557
2018-07-25,3.8,0.0,-0.008316056241657505,0.0,0.00938597323313637,0.01861486826928323,0.037320581448582704,0.029019397429983194,0.01309697407412101
2018-07-26,3.8,0.0,-0.008316056241657505,0.0,-0.003136191484668549,-0.030294147444007914,-0.006792485928422633,-0.010977535765247456,-0.2102386471518245
2018-07-27,3.8,0.0,-0.008316056241657505,0.0,-0.01677128043338447,0.005114123653927564,-0.03136897003681015,-0.017855958820983484,-0.007802952984921374
2018-07-30,3.8,0.0,-0.008316056241657505,0.0,-0.005618111466910799,-0.02116035295109697,-0.023871031864305167,-0.02168590040870287,-0.022142879280973502
2018-07-31,3.8,0.0,-0.008316056241657505,0.0,0.0019987959716285153,-0.0010009041577796927,0.027096149377992502,0.0067157526056471845,0.00884633961332367
2018-08-01,3.8,0.0,-0.004184106522574096,0.0,0.057240132181458805,0.01103903355711626,0.009015402580142124,0.0018834827739423528,-0.005403207009059097
2018-08-02,3.8,0.0,-0.004184106522574096,0.0,0.028811678622543146,0.020466105945655327,0.1500394953693684,0.012064692611830843,0.02712659804182098
2018-08-03,3.8,0.0,-0.004184106522574096,0.0,0.0028889898829327315,-0.006036752198725051,-0.00392722251966948,0.004359652338227009,0.007962747645655202
2018-08-06,3.8,0.0,-0.004184106522574096,0.0,0.005179241922851736,0.013326116952434698,-0.01790931528077431,0.0008327395134333136,0.04353183727974563
2018-08-07,3.8,0.0,-0.004184106522574096,0.0,-0.009419236573863173,0.007940289206943445,0.10425751987100246,0.0069121036077174625,-0.0101762234208859
2018-08-08,3.8,0.0,-0.004184106522574096,0.0,0.0006757305357575668,0.012824884974734161,-0.02461753965428242,0.005586838243307229,0.007425941345366395
2018-08-09,3.8,0.0,-0.004184106522574096,0.0,0.007834104532491136,0.006340837796472893,-0.04951266848117085,0.0016426065503952507,-0.011350595171647097
2018-08-10,3.8,0.0,-0.004184106522574096,0.0,-0.0029830857940368483,-0.006457397373654605,0.008588294353453393,-0.006128016369126827,-0.01557760295272876
2018-08-13,3.8,0.0,-0.004184106522574096,0.0,0.006436243536556752,0.005234593496003321,0.002584687857127241,-0.0072739686737798665,-0.0011655435808797267
2018-08-14,3.8,0.0,-0.004184106522574096,0.0,0.004204140167413247,0.012291000927706849,-0.024914314053937747,0.0123983398428409,0.005869884562799222
2018-08-15,3.8,0.0,-0.004184106522574096,0.0,0.0023336889209407768,-0.019478470012663493,-0.026082295987135885,-0.013653355948011973,-0.008762374902934687
2018-08-16,3.8,0.0,-0.004184106522574096,0.0,0.014543488596417032,0.002069435166135004,-0.009612303405664288,-0.00018537739214567452,-0.02727200799568992
2018-08-17,3.8,0.0,-0.004184106522574096,0.0,0.019773309943135454,-0.0022818919343934856,-0.09352310299855487,-0.0005577912407050586,-0.005165080738303449
2018-08-20,3.8,0.0,-0.004184106522574096,0.0,-0.009791355804388325,-0.002931660125657338,0.009577607495927558,-0.006621658774879107,-0.007507672128546283
2018-08-21,3.8,0.0,-0.004184106522574096,0.0,-0.0019513416658368187,0.0035689760811241154,0.04271350329177862,-0.008362536407069026,0.00069522442635927
2018-08-22,3.8,0.0,-0.004184106522574096,0.0,4.6740581565598775e-05,0.011340294746076632,-0.0008079720701797333,0.01013866846768557,0.005891612380584109
2018-08-23,3.8,0.0,-0.004184106522574096,0.0,0.002043794253054076,-0.001050539556003232,-0.0047994694464031625,0.004659476154543818,-0.004270973101036331
2018-08-24,3.8,0.0,-0.004184106522574096,0.0,0.0031043811711053194,0.0013077166792931142,0.008461454998839912,0.007779464345995595,0.010070668399496255
2018-08-27,3.8,0.0,-0.004184106522574096,0.0,0.008200869240240197,0.01163051544939646,-0.011057797782740283,0.011009371639570071,0.01596132592400474
2018-08-28,3.8,0.0,-0.004184106522574096,0.0,0.008043252802482442,0.002662829214967849,-0.0234827463444085,0.006003612916125825,-0.006785066351549735
2018-08-29,3.8,0.0,-0.004184106522574096,0.0,0.014819138762058853,0.033216652418121086,-0.02220982005243565,0.015836065264624565,-0.002044503518020371
2018-08-30,3.8,0.0,-0.004184106522574096,0.0,0.009151372027436726,0.002139789185662643,-0.006116857728366764,-0.0006250269920354023,0.009843401063926489
2018-08-31,3.8,0.0,-0.004184106522574096,0.0,0.011487862850063368,0.0051455472939262855,-0.004927151351277396,0.0033887044838177057,-0.010810381620482612
2018-09-04,3.7,0.0,0.022798914964806027,0.0,0.0032020570324426713,0.01322754939250794,-0.043046923269294435,-0.005534940433328591,-0.026349890252663242
2018-09-05,3.7,0.0,0.022798914964806027,0.0,-0.0065462378267029196,-0.022155808895267127,-0.028824659687569285,-0.029248035226060388,-0.023527684288937832
2018-09-06,3.7,0.0,0.022798914964806027,0.0,-0.016757093509350576,-0.018471969798578087,0.0007477402091871391,0.0023017052785290985,-0.028208421861975103
2018-09-07,3.7,0.0,0.022798914964806027,0.0,-0.008100829578939863,-0.003191472227875324,-0.06511051590830808,-0.004885765396729236,0.0031327697376303558
2018-09-10,3.7,0.0,0.022798914964806027,0.0,-0.013511780505535758,-0.00671281317449781,0.08117582516337454,0.010754288950577843,0.006967788961307778
2018-09-11,3.7,0.0,0.022798914964806027,0.0,0.02496859302385188,0.02452389439974024,-0.021454393137783412,0.016861832883200194,0.010663053595627421
2018-09-12,3.7,0.0,0.022798914964806027,0.0,-0.012496678742384013,0.0014332057554714182,0.038953647795662634,0.004215973510482509,-0.024030007162469696
2018-09-13,3.7,0.0,0.022798914964806027,0.0,0.023868042184311822,-6.533122087816396e-05,-0.0037241683417791158,0.01068497380680127,-0.0039584935927658264
2018-09-14,3.7,0.0,0.022798914964806027,0.0,-0.011415978216957645,-0.00993933696629168,0.019636019543975154,0.004065883392741491,0.005931927098352019
2018-09-17,3.7,0.0,0.022798914964806027,0.0,-0.026987069913931756,-0.03205870700465009,-0.0012202649255036756,-0.010908723564143621,-0.010777459328585821
2018-09-18,3.7,0.0,0.022798914964806027,0.0,0.0016508876260373135,0.017157778216997852,-0.034084013592407654,0.009496266927646815,-0.0017451819872983199
2018-09-19,3.7,0.0,0.022798914964806027,0.0,0.0005955237015283523,-0.00756569249460357,0.04816167725201527,-0.013427650943855117,0.01707098568966498
2018-09-20,3.7,0.0,0.022798914964806027,0.0,0.0075730381211299635,0.009238628182457895,-0.0023102764367654155,0.016602569648556942,0.017990117151350578
2018-09-21,3.7,0.0,0.022798914964806027,0.0,-0.010829763261976518,-0.015179095926849621,0.0025777618885772795,0.006057234854189728,-0.018787655458218953
2018-09-24,3.7,0.0,0.022798914964806027,0.0,0.014277797828885259,0.010053664875920762,0.001937228201131435,0.0035820310864582796,0.01510678903914407
2018-09-25,3.7,0.0,0.022798914964806027,0.0,0.0063210234706106445,0.020563987165268808,0.004361820224937156,-0.0019204630292192757,-0.003027476120418198
2018-09-26,3.7,0.0,0.022798914964806027,0.0,-0.007998135790967895,0.00015191562854669196,0.028139474409747497,-0.004114903605234359,0.012294454358034883
2018-09-27,3.7,0.0,0.022798914964806027,0.0,0.02034328112684192,0.019123782614347835,-0.006676394186811727,0.003765325376106312,0.011257283072616985
2018-09-28,3.7,0.0,0.022798914964806027,0.0,0.0035061208251358847,-0.004970159887051252,-0.14967862356105288,-0.0003497723998217848,-0.026284175133239468
2018-10-01,3.8,0.0,0.038195597738036165,0.0,0.006710455274417452,0.0006787590310107474,0.15996630906971687,0.010783753580839139,-0.012358587429192646
2018-10-02,3.8,0.0,0.038195597738036165,0.0,0.00884927438782759,-0.016626551298427376,-0.03165105931416401,-0.0039867332974645115,-0.019331277198260756
2018-10-03,3.8,0.0,0.038195597738036165,0.0,0.012095408322779862,-0.009454518172878833,-0.020879570125520365,0.0001734311237783915,0.01926945442916139
2018-10-04,3.8,0.0,0.038195597738036165,0.0,-0.017737491618225135,-0.022444223425413613,-0.04499307098653701,-0.02088152145474107,-0.02228668045181036
2018-10-05,3.8,0.0,0.038195597738036165,0.0,-0.016362135549608366,-0.010407930696264011,-0.07315047194650469,-0.005868622698445714,-0.00961484275296553
2018-10-08,3.8,0.0,0.038195597738036165,0.0,-0.0023208621203221467,-0.01344158738489846,-0.0444551930837214,-0.011481324010900355,-0.000508609114656368
2018-10-09,3.8,0.0,0.038195597738036165,0.0,0.013758372914841555,0.003159506847789425,0.04769487161816516,0.012639884173982546,0.00412505373798666
2018-10-10,3.8,0.0,0.038195597738036165,0.0,-0.04743367891525163,-0.06349826467822699,-0.0227842365240576,-0.055870295981434726,-0.04216862382065439
2018-10-11,3.8,0.0,0.038195597738036165,0.0,-0.00886697642487255,-0.020659106604926675,-0.018267761294738935,-0.002357476483866744,0.012929592293675348
2018-10-12,3.8,0.0,0.038195597738036165,0.0,0.035096290377140814,0.039486584027737796,0.025637011844725322,0.033973736441094374,0.002540070604898331
2018-10-15,3.8,0.0,0.038195597738036165,0.0,-0.02161795011183233,-0.015585296480611561,0.0031251224150275823,-0.01814301700162105,-0.0014320464682126396
2018-10-16,3.8,0.0,0.038195597738036165,0.0,0.021798004913911515,0.03296109181385253,0.0634327959715364,0.031109639675065085,0.03368862170001577
2018-10-17,3.8,0.0,0.038195597738036165,0.0,-0.004330871942302723,0.006446363237738997,-0.017543278006273536,-0.0026161222752971672,0.004022588959785052
2018-10-18,3.8,0.0,0.038195597738036165,0.0,-0.023650827289484828,-0.03387461944326041,-0.029384839017495768,-0.02016394430510459,-0.02863320802306666
2018-10-19,3.8,0.0,0.038195597738036165,0.0,0.015114938472424773,-0.003785315142127887,-0.014926570471279743,0.0014737262878563699,-0.0056316921608069
2018-10-22,3.8,0.0,0.038195597738036165,0.0,0.006091505401292706,0.014223477431537703,0.0036473072126550357,0.00888708098022048,0.004727452287049687
2018-10-23,3.8,0.0,0.038195597738036165,0.0,0.009382666894645612,-0.011579655130424511,0.11972696455952758,-0.014054158398605543,-0.0025229822162054242
2018-10-24,3.8,0.0,0.038195597738036165,0.0,-0.03490385135380474,-0.060900269370242635,-0.019360730257469882,-0.0549516295175751,-0.05560103759559545
2018-10-25,3.8,0.0,0.038195597738036165,0.0,0.02166160608047368,0.06848717973245126,0.0874330286431297,0.056799934233030286,0.03306807081939422
2018-10-26,3.8,0.0,0.038195597738036165,0.0,-0.016051746542908994,-0.08142347029725895,0.049688062904440625,-0.012450192382488299,-0.03766670402218067
2018-10-29,3.8,0.0,0.038195597738036165,0.0,-0.01894875031581685,-0.06535334363664695,0.011866497865424982,-0.029507375939949232,-0.02282130831200914
2018-10-30,3.8,0.0,0.038195597738036165,0.0,0.004982085321917199,-0.0055126260875841115,-0.014893088379068697,-0.0011561663393324663,0.028651550220385003
2018-10-31,3.8,0.0,0.038195597738036165,0.0,0.02573247405826191,0.04321681687087765,0.022242473178064662,0.029260105214050907,0.03738563025485608
2018-11-01,3.8,0.0,0.029156584291455487,0.0,0.015235625774123266,0.04138428065577011,0.020423191772720273,-0.008367409638777452,-0.00026345249374379835
2018-11-02,3.8,0.0,0.029156584291455487,0.0,-0.06863251104701894,0.0,0.006167773529960309,0.002263269451300447,-0.009268316070136465
2018-11-05,3.8,0.0,0.029156584291455487,0.0,-0.028799239246031,-0.02291395130748333,-0.014568218268686943,0.012636395686987255,-0.011169774649853643
2018-11-06,3.8,0.0,0.029156584291455487,0.0,0.010756097498479042,0.00917882350506658,-0.0009964070977674596,0.0019514535459330994,0.008438827793873331
2018-11-07,3.8,0.0,0.029156584291455487,0.0,0.029877351475741727,0.06633977136357028,0.020603730470361386,0.03860638871014365,0.010548321829177096
2018-11-08,3.8,0.0,0.029156584291455487,0.0,-0.003495280085426203,-0.00033043903181154073,0.009263014594603545,-0.0018773340729663225,-0.024450107609013286
2018-11-09,3.8,0.0,0.029156584291455487,0.0,-0.019469935537296614,-0.02450416594044294,-0.0025359590842054585,-0.01970064391287016,-0.019875475964249167
2018-11-12,3.8,0.0,0.029156584291455487,0.0,-0.05168707264329562,-0.045139744065118316,-0.05642528101968433,-0.024950462382997602,-0.023804972357450035
2018-11-13,3.8,0.0,0.029156584291455487,0.0,-0.0100415463387597,-0.0034760725613268697,0.022239444014452457,0.0006547274745238077,0.0043003148643875454
2018-11-14,3.8,0.0,0.029156584291455487,0.0,-0.02865389324633535,-0.019912881833394288,0.015438256266650938,-0.014282423909252684,0.014386729982490597
2018-11-15,3.8,0.0,0.029156584291455487,0.0,0.02437916802150762,0.012695718130497883,0.012824453818193816,0.021767741066204594,-0.002568873283958297
2018-11-16,3.8,0.0,0.029156584291455487,0.0,0.011014729899329041,-0.016204016695618998,0.016706156871619814,0.009370398101943494,-0.030491669079655326
2018-11-19,3.8,0.0,0.029156584291455487,0.0,-0.04043870093283406,-0.05225131114502081,-0.0023736096914838216,-0.0344781774305454,-0.0588923800308695
2018-11-20,3.8,0.0,0.029156584291455487,0.0,-0.048956845534037216,-0.011191197215610942,-0.017062716138914934,-0.028209135751087026,0.006667239363037529
2018-11-21,3.8,0.0,0.029156584291455487,0.0,-0.0011309260172586494,0.014122842106230335,-0.02712805667626346,0.013670855451483088,0.017886412055779594
2018-11-23,3.8,0.0,0.029156584291455487,0.0,-0.025726678486917502,-0.009719272006622546,-0.037232068164504986,-0.000387872606271576,-0.023186359090223707
2018-11-26,3.8,0.0,0.029156584291455487,0.0,0.013432743956229572,0.05142878028709171,0.06006303506598468,0.0324549219985985,0.03469078354222694
2018-11-27,3.8,0.0,0.029156584291455487,0.0,-0.002178406715228151,5.69294805029396e-05,-0.006029763419470862,0.006272938191207778,-0.010170159310076908
2018-11-28,3.8,0.0,0.029156584291455487,0.0,0.037731698707062444,0.059130406887340066,0.011419815399028605,0.03647440932997408,0.012952417766343172
2018-11-29,3.8,0.0,0.029156584291455487,0.0,-0.007711729862688365,-0.002494536473075945,-0.0194479618485975,-0.008404486874044423,0.013941628373790073
2018-11-30,3.8,0.0,0.029156584291455487,0.0,-0.005417114949117445,0.009870068276671688,0.02692274930708435,0.006332616609320015,0.013821131388278837
2018-12-03,3.9,0.0,-0.017391742711869107,0.0,0.034345591855921585,0.047482843636724684,0.022597058720560136,0.01076339532188704,0.003407737536616211
2018-12-04,3.9,0.0,-0.017391742711869107,0.0,-0.044985447883158815,-0.06044688772653472,0.003369619807877731,-0.03236790157629353,-0.022651425445579996
2018-12-06,3.9,0.0,-0.017391742711869107,0.0,-0.011212065641588836,0.01828664289188351,0.009297797793253366,0.006155254667942298,0.01224956639140782
2018-12-07,3.9,0.0,-0.017391742711869107,0.0,-0.036308075209902514,-0.042105608754156164,-0.014118894034547644,-0.04084511380290731,-0.015954157395889304
2018-12-10,3.9,0.0,-0.017391742711869107,0.0,0.006566329636027753,0.007277978607481914,0.01985894986280649,0.026083217239422588,0.03172824324123592
2018-12-11,3.9,0.0,-0.017391742711869107,0.0,-0.005736121220731548,0.0013458597059741706,0.004399488170995928,0.00925166221446639,0.001620127366875562
2018-12-12,3.9,0.0,-0.017391742711869107,0.0,0.002783469834536813,0.012277951513649618,-0.00043631614730297,0.004501953414715779,0.01688920486318419
2018-12-13,3.9,0.0,-0.017391742711869107,0.0,0.010880905230801222,-0.0031066785633509105,0.02741664318222241,0.0033865248535195434,0.0035230801029590753
2018-12-14,3.9,0.0,-0.017391742711869107,0.0,-0.03252080084601881,-0.04090668967184727,-0.029847328127938662,-0.03174564465748113,-0.006572568125255342
2018-12-17,3.9,0.0,-0.017391742711869107,0.0,-0.009350020137848468,-0.04562565471846275,-0.04843199610928863,-0.030061674659451133,-0.027231285594408586
2018-12-18,3.9,0.0,-0.017391742711869107,0.0,0.012909268924912882,0.019900419411563477,-0.03323675529970304,0.010441871674261288,0.024450833543358492
2018-12-19,3.9,0.0,-0.017391742711869107,0.0,-0.03168865137964442,-0.03702959409021031,-0.012119527132867663,-0.002696705795724663,-0.0752977287610537
2018-12-20,3.9,0.0,-0.017391742711869107,0.0,-0.02555844664841693,-0.023174971356437677,-0.05427412940561634,-0.021248477558454756,0.0012001072816308297
2018-12-21,3.9,0.0,-0.017391742711869107,0.0,-0.03967241242185101,-0.05877078806961028,0.01382376022500745,-0.032845710314221,-0.0654382127003076
2018-12-24,3.9,0.0,-0.017391742711869107,0.0,-0.02621452098229153,-0.024613477609225835,-0.07930549016355178,-0.04263488072059444,-0.007148475863341379
2018-12-26,3.9,0.0,-0.017391742711869107,0.0,0.06805250225175041,0.09025398275801824,0.09887683028497694,0.06607805956195827,0.07841707603305427
2018-12-27,3.9,0.0,-0.017391742711869107,0.0,-0.00651092955453598,-0.006315330448245833,-0.031019876139175156,0.006146552180858114,0.002530848265433081
2018-12-28,3.9,0.0,-0.017391742711869107,0.0,0.0005121092326115351,0.01114426445080633,0.05459818103140067,-0.007838688927539486,-0.009861364103310429
2018-12-31,3.9,0.0,-0.017391742711869107,0.0,0.00961881139903872,0.016074253774444786,-0.003209968679503924,0.011685761729057775,-0.015967617995905018
2019-01-02,4.0,0.0,-0.0019512201312616936,0.0,0.0011406040284515817,0.024439664018391764,-0.07058234811465287,-0.004440445346590143,0.03441528483014443
2019-01-03,4.0,0.0,-0.0019512201312616936,0.0,-0.104924552051371,-0.025565528700364833,-0.03197758919474004,-0.03748143787264568,-0.029469078540907443
2019-01-04,4.0,0.0,-0.0019512201312616936,0.0,0.04180345405835862,0.04885111342984534,0.0560942725927254,0.04545967942804616,0.046061050385038396
2019-01-07,4.0,0.0,-0.0019512201312616936,0.0,-0.0022284762600326244,0.03377651087852466,0.05293512263076508,0.0012748022500837437,0.0007244626007576009
2019-01-08,4.0,0.0,-0.0019512201312616936,0.0,0.018883787332962053,0.016475884077589695,0.001163599158188828,0.007224468954164574,0.03193665480948292
2019-01-09,4.0,0.0,-0.0019512201312616936,0.0,0.01683936909365009,0.0017128868892680703,0.009437947481978803,0.014198078428456318,0.011856667640394303
2019-01-10,4.0,0.0,-0.0019512201312616936,0.0,0.0031907191607113278,-0.0019302905505940288,0.018844716086450743,-0.006446157611033822,-0.00020804713819621307
2019-01-11,4.0,0.0,-0.0019512201312616936,0.0,-0.009866337504247976,-0.00950021578853727,0.006616379981298151,-0.007751920817422526,-0.0027776423612626876
2019-01-14,4.0,0.0,-0.0019512201312616936,0.0,-0.015151550356885523,-0.014335246209543026,-0.03773593288316512,-0.007322781679156702,0.010996247636383625
2019-01-15,4.0,0.0,-0.0019512201312616936,0.0,0.020260019316856805,0.034848007027612496,0.029553003459965428,0.02859298263399421,0.024190837684822677
2019-01-16,4.0,0.0,-0.0019512201312616936,0.0,0.01214277219430997,0.005490895184266011,0.00469238793745434,0.003517471392477199,-0.009511328028023586
2019-01-17,4.0,0.0,-0.0019512201312616936,0.0,0.005920608373136516,0.005590776836741111,0.003634463829550445,0.006997346535914871,0.005137867867210888
2019-01-18,4.0,0.0,-0.0019512201312616936,0.0,0.006140255423882068,0.0017583478423892555,-0.13893012374879618,0.014872018810180304,0.011664704143951654
2019-01-22,4.0,0.0,-0.0019512201312616936,0.0,-0.022701927762973997,-0.038480037543253826,-0.011111646346251771,-0.019026959087227874,-0.01659902572981468
2019-01-23,4.0,0.0,-0.0019512201312616936,0.0,0.004036322705752293,0.004798041569364464,-0.03864010516794837,0.009699355793996755,-0.022408374536096703
2019-01-24,4.0,0.0,-0.0019512201312616936,0.0,-0.00795790975188118,0.009050258811113534,0.01353846267844261,-0.004790795047983616,0.010547269338905076
2019-01-25,4.0,0.0,-0.0019512201312616936,0.0,0.03259952680936464,0.009406237482289068,0.01879254659466642,0.00909243563954864,0.021571569594042744
2019-01-28,4.0,0.0,-0.0019512201312616936,0.0,-0.009297319927144145,-0.01975608942600138,-0.002224426662412959,-0.019694534771349286,-0.01038859177181819
2019-01-29,4.0,0.0,-0.0019512201312616936,0.0,-0.010419397089986264,-0.02723753876321456,0.0036373727345903615,-0.02057560489911022,-0.022492750297874814
2019-01-30,4.0,0.0,-0.0019512201312616936,0.0,0.06610151389925738,0.04690977564140571,0.03731688539222895,0.03287127640615259,0.042299383259071
2019-01-31,4.0,0.0,-0.0019512201312616936,0.0,0.007175138037813309,0.028504578463132847,-0.005683777190272844,-0.018500591346864555,0.10270457821470735
2019-02-01,3.8,0.0,-0.033766862470817484,0.0,0.00048084248313577383,-0.055321193100996084,0.016763086556941698,-0.015925963312633185,-0.00589669398615538
2019-02-04,3.8,0.0,-0.033766862470817484,0.0,0.02800913577735668,0.004344132475857494,0.002175678198907091,0.028392043003437537,0.021137820443139544
2019-02-05,3.8,0.0,-0.033766862470817484,0.0,0.016964444751086667,0.015491866188782571,0.02667914265629361,0.013899457881331517,0.011221778769827382
2019-02-06,3.8,0.0,-0.033766862470817484,0.0,0.00034460692356770204,-0.011245686147586902,-0.01293524619851883,-0.01116033253591698,-0.00392212704468114
2019-02-07,3.8,0.0,-0.033766862470817484,0.0,-0.019121341779555916,-0.015910006048540103,-0.031087922181826162,-0.007193907248952678,-0.024402344234543648
2019-02-08,3.8,0.0,-0.033766862470817484,0.0,0.0011745197980729911,-0.016330834290413307,-0.005576329018938797,0.0037928355673743776,0.005693542442626341
2019-02-11,3.8,0.0,-0.033766862470817484,0.0,-0.005767192597586435,0.0017488562477837048,0.022760598713060663,-0.003982695964528746,-0.009245928258210407
2019-02-12,3.8,0.0,-0.033766862470817484,0.0,0.00857986243377298,0.029119271400045343,-0.0032979313639255247,0.01546209154336424,-0.004534125118237626
2019-02-13,3.8,0.0,-0.033766862470817484,0.0,-0.004163274986445047,0.0012141827176494052,-0.011742429097439224,-0.0007489069528483784,-0.005894521117175722
2019-02-14,3.8,0.0,-0.033766862470817484,0.0,0.0036366539537185287,-0.010635630351720703,-0.01438072910139189,0.0008423851263375886,-0.0007317484237239869
2019-02-15,3.8,0.0,-0.033766862470817484,0.0,-0.0022273355251346823,-0.009100547125929937,0.013439268798795676,0.012272200515452787,-0.00888347436212002
2019-02-19,3.8,0.0,-0.033766862470817484,0.0,0.002988129489645811,0.012134157679584378,-0.007302188315000657,-0.00046230505727189864,-0.0012932002452642113
2019-02-20,3.8,0.0,-0.033766862470817484,0.0,0.006414637497576476,-0.0033725745741388113,-0.010128258243082899,-0.005212382504464338,0.0016621222907522166
2019-02-21,3.8,0.0,-0.033766862470817484,0.0,-0.005654515487568339,-0.0016412354851550698,-0.03816634835211206,0.020872533174683825,-0.015623210585289872
2019-02-22,3.8,0.0,-0.033766862470817484,0.0,0.011103991792767227,0.007456236282017583,0.011878507177307875,0.014157444705592428,0.011493444314787956
2019-02-25,3.8,0.0,-0.033766862470817484,0.0,0.007257935888274819,0.0008821844156088245,0.013682197437311697,0.005571459473501525,0.016722488015295345
2019-02-26,3.8,0.0,-0.033766862470817484,0.0,0.0005737446141485469,0.0020798706668898187,-0.0030504879645207013,0.006876460976569484,-0.0029809348850925433
2019-02-27,3.8,0.0,-0.033766862470817484,0.0,0.0030931496574675816,0.0028619124443764036,0.05512343917099909,-0.0016922930695991714,-0.008075020223869824
2019-02-28,3.8,0.0,-0.033766862470817484,0.0,-0.00988479106213506,-0.0007680274393184955,0.01619893198032066,-0.0012487342584402,-0.008388383488252096
2019-03-01,3.8,0.0,-0.02247285585205863,0.0,0.010456344772509917,0.01926645484769524,-0.08168268383461433,0.004453058093458009,0.0051278989393736445
2019-03-04,3.8,0.0,-0.02247285585205863,0.0,0.005016910731826519,0.014513750908028594,-0.03251165931845648,-0.0024020981427368185,0.030883702441238402
2019-03-05,3.8,0.0,-0.02247285585205863,0.0,-0.0018215944608321812,-0.002207450450986818,-0.03139602921927177,-0.005001173535978147,0.022975936089479863
2019-03-06,3.8,0.0,-0.02247285585205863,0.0,-0.005770572436954644,-0.013970631881135682,-0.001085447687041993,0.00044761941243213197,0.0072723233609595025
2019-03-07,3.8,0.0,-0.02247285585205863,0.0,-0.011641736136557898,-0.02610244391897686,0.0012661721837979227,-0.012244378396573302,-0.019787563562568163
2019-03-08,3.8,0.0,-0.02247285585205863,0.0,0.00237384252991791,-0.0031724020434359033,0.02693084728297493,0.0010859641634337865,0.002774974938772647
2019-03-11,3.8,0.0,-0.02247285585205863,0.0,0.03405543269990805,0.030274928015204303,0.023581223114604224,0.02077665982362922,0.014458781678596946
2019-03-12,3.8,0.0,-0.02247285585205863,0.0,0.011172733854951619,0.0014833846646547194,-0.026330125897717604,0.006977234740968052,-0.000872220634560937
2019-03-13,3.8,0.0,-0.02247285585205863,0.0,0.004412172443075346,0.010529488021602368,0.01957007740939458,0.007715272818590177,0.008398850621722033
2019-03-14,3.8,0.0,-0.02247285585205863,0.0,0.011055277191664539,-0.002718364558176218,0.003454758260783156,0.0007854089918364057,-0.018630256680146062
2019-03-15,3.8,0.0,-0.02247285585205863,0.0,0.012924594758793014,0.015383189836354888,-0.05140953908927527,0.011453662399408322,-0.024930388185725197
2019-03-18,3.8,0.0,-0.02247285585205863,0.0,0.01015677556434521,0.017247469835383878,-0.021802224404734522,0.014219763681098542,-0.03376022124449125
2019-03-19,3.8,0.0,-0.02247285585205863,0.0,-0.007956541610803988,0.011244417875099166,-0.007523861011181039,0.0006804095506796813,0.0068311622745293055
2019-03-20,3.8,0.0,-0.02247285585205863,0.0,0.008700944157047995,0.019904495279827,0.02265977238418918,-0.0011057272409540119,0.023670247826059646
2019-03-21,3.8,0.0,-0.02247285585205863,0.0,0.036168025350776185,0.012160922039608137,0.001533904013606828,0.02271493675944968,0.0038610589858805943
2019-03-22,3.8,0.0,-0.02247285585205863,0.0,-0.02092572744092575,-0.030409398179863066,-0.035246480304529995,-0.026722208159999438,-0.010532264750661834
2019-03-25,3.8,0.0,-0.02247285585205863,0.0,-0.012164779446727874,0.005363007055880073,-0.0156588550190791,0.0051978440049877525,0.011795787357250837
2019-03-26,3.8,0.0,-0.02247285585205863,0.0,-0.01038562960037226,0.005340129956768722,0.02783267714915969,0.002122532956815672,0.008324173404873271
2019-03-27,3.8,0.0,-0.02247285585205863,0.0,0.008954279709058413,-0.010176281844700066,0.0260243331388298,-0.009715302799903902,-0.010853095270479764
2019-03-28,3.8,0.0,-0.02247285585205863,0.0,0.001325318800353909,0.004362605019555914,0.01369611080354769,0.0013693209728643403,-0.0019309711184707806
2019-03-29,3.8,0.0,-0.02247285585205863,0.0,0.006496630931051617,0.004124747912130558,0.004440617326900639,0.008600557560943,0.006862599224555184
2019-04-01,3.7,0.0,-0.029352212012527336,0.0,0.006768162191433998,0.0186045153621656,0.03275989192109418,0.009115456656432723,0.01198603517505889
2019-04-02,3.7,0.0,-0.029352212012527336,0.0,0.01443211703544,-0.00011582341778240666,-0.011477252828966885,0.001427276823420503,0.03208212819086388
2019-04-03,3.7,0.0,-0.029352212012527336,0.0,0.006831715641871433,0.003697784072046203,0.0205308104637668,0.006522747630768902,-0.0037960353455007904
2019-04-04,3.7,0.0,-0.029352212012527336,0.0,0.001738784417590406,-0.0010111428220824263,-0.08593722216784855,-0.005097778335202954,0.014189701105673518
2019-04-05,3.7,0.0,-0.029352212012527336,0.0,0.006672036854677872,0.010076259837952736,0.026459970073128034,0.004430735019469033,-0.0017058307279482648
2019-04-08,3.7,0.0,-0.029352212012527336,0.0,0.015613343054316333,0.006823719866721972,-0.006421561243439884,0.00033354327461848426,-0.004505985296281122
2019-04-09,3.7,0.0,-0.029352212012527336,0.0,-0.003002931390501219,-0.007607779201279312,-0.0032630303024267517,-0.005434526752645838,0.015035305592875307
2019-04-10,3.7,0.0,-0.029352212012527336,0.0,0.00559836250860262,0.006239222182828933,0.01367711069116183,0.007600461210013933,0.001350749270501874
2019-04-11,3.7,0.0,-0.029352212012527336,0.0,-0.008359168206814213,-0.0017662898283274766,-0.0280652786610601,0.0011639359434253876,-0.0017450328566261967
2019-04-12,3.7,0.0,-0.029352212012527336,0.0,-0.0004021767174576817,-0.0005478403421246388,-0.0026859862524520168,0.005139256350605167,0.008917288075067562
2019-04-15,3.7,0.0,-0.029352212012527336,0.0,0.00180880408259162,0.0009815792097548634,-0.004943052898305119,0.0008264813101451193,0.0030661926394383253
2019-04-16,3.7,0.0,-0.029352212012527336,0.0,0.00010011650001409443,0.009800755062900292,0.025865779778642663,-0.0023156956141873962,-0.004351224228053382
2019-04-17,3.7,0.0,-0.029352212012527336,0.0,0.019286112988360363,0.0009549381687978624,-0.007822448958816279,0.00824598723140951,-0.0005032583763459778
2019-04-18,3.7,0.0,-0.029352212012527336,0.0,0.0035872086071905753,-0.001679793447630733,0.007456485905066215,0.013053971020334065,-0.0028006641937864184
2019-04-22,3.7,0.0,-0.029352212012527336,0.0,0.0032811438628301127,0.013667838256111457,-0.039220700589321714,0.0031561850734963554,0.017569822199927608
2019-04-23,3.7,0.0,-0.029352212012527336,0.0,0.014320411378146916,0.01913424706845826,0.004367189004715511,0.01348329385269225,0.012814187398633867
2019-04-24,3.7,0.0,-0.029352212012527336,0.0,-0.0015435263867251156,-0.011512265824974863,-0.020055756342084126,-0.003433733627097488,-0.0065508857137522
2019-04-25,3.7,0.0,-0.029352212012527336,0.0,-0.00911669903986014,0.00026289721788828917,-0.043578711545985846,0.03258057703584353,0.05684803324612116
2019-04-26,3.7,0.0,-0.029352212012527336,0.0,-0.0047851976463245145,0.0251149873085396,-0.051754657790314386,0.005713611127897529,-0.009200803732168998
2019-04-29,3.7,0.0,-0.029352212012527336,0.0,0.0015162957688589626,-0.0062740364215657365,0.026564156668391885,-0.0009243625580087469,0.017035081263729542
2019-04-30,3.7,0.0,-0.029352212012527336,0.0,-0.01944422806685799,-0.006163149880398053,-0.011579538159972131,0.00637567149086926,-0.0071101747622875165
2019-05-01,3.6,0.0,-0.015005640617870275,0.0,0.04791920091445546,-0.00781652975766392,-0.019801806231266733,-0.021047066163267795,-0.0019150046500390698
2019-05-02,3.6,0.0,-0.015005640617870275,0.0,-0.006529047168579936,-0.005613323539631774,0.04221406123668062,-0.013144963785089359,-0.002593483494289868
2019-05-03,3.6,0.0,-0.015005640617870275,0.0,0.012354432095242836,0.03191342362804333,0.0438033007844267,0.021089734096933835,0.015154960418937378
2019-05-06,3.6,0.0,-0.015005640617870275,0.0,-0.01556313403938409,-0.006087452958372692,0.0012147730661703946,-0.005835450296963684,-0.00816751264732156
2019-05-07,3.6,0.0,-0.015005640617870275,0.0,-0.027326980573918833,-0.015265430980200941,-0.03296477054208545,-0.020736412457878727,-0.021426541959069113
2019-05-08,3.6,0.0,-0.015005640617870275,0.0,0.0001971928316734119,-0.001682900422915642,-0.009026329942036213,-7.972711369041039e-05,-0.0012128976325025752
2019-05-09,3.6,0.0,-0.015005640617870275,0.0,-0.0108023896958668,-0.00937755492724011,-0.01174982922375762,-7.960350052964894e-05,-0.004706647287202493
2019-05-10,3.6,0.0,-0.015005640617870275,0.0,-0.013950558273005847,-0.005219207390946392,-0.010218129749463936,0.0129045462390921,-0.001644527142489917
2019-05-13,3.6,0.0,-0.015005640617870275,0.0,-0.05987650936092299,-0.036258277894010836,-0.053642888692410726,-0.030184605292610297,-0.03677300659555077
2019-05-14,3.6,0.0,-0.015005640617870275,0.0,0.015706292373054563,0.009522776139087656,0.023078626554257343,0.011125727752940918,-0.004471740571200206
2019-05-15,3.6,0.0,-0.015005640617870275,0.0,0.011907932105742498,0.01672249340412612,-0.0015508662931841915,0.013984058799504904,0.03019315997477469
2019-05-16,3.6,0.0,-0.015005640617870275,0.0,-0.004409493035209809,0.019276956121435686,-0.015729859074043964,0.02282881536163271,0.003857863084217443
2019-05-17,3.6,0.0,-0.015005640617870275,0.0,-0.005697779964034988,-0.020426704771710495,-0.07879160253819237,-0.0066923114522199215,-0.009079051486430416
2019-05-20,3.6,0.0,-0.015005640617870275,0.0,-0.03176934137554456,-0.005380907843147097,-0.027235784386159697,-0.01455075974468675,-0.014021094807255403
2019-05-21,3.6,0.0,-0.015005640617870275,0.0,0.018989533877497917,-0.0007803291762345315,-0.0013644301491681004,0.005372913516236626,0.011427534735905255
2019-05-22,3.6,0.0,-0.015005640617870275,0.0,-0.02068415291647763,0.001162183587495297,-0.06210985897149923,0.0060494427101857725,0.002701444658846814
2019-05-23,3.6,0.0,-0.015005640617870275,0.0,-0.017217162742875724,-0.024054523961227748,0.014218982156523499,-0.011739265318532128,-0.024305485739600806
2019-05-24,3.6,0.0,-0.015005640617870275,0.0,-0.003847826659287667,0.004287174525437958,-0.025174877946532528,0.0004753259843551342,0.0010498517328630496
2019-05-28,3.6,0.0,-0.015005640617870275,0.0,-0.00414316233863543,0.0071864058679742045,-0.010175940821913167,-0.0006336249801889828,0.017790693014220576
2019-05-29,3.6,0.0,-0.015005640617870275,0.0,-0.004780740520980912,-0.009432116847075527,0.006128515358594928,-0.009717526655580327,-0.011568897525392488
2019-05-30,3.6,0.0,-0.015005640617870275,0.0,0.005173201394775659,-0.0015788850263094745,-0.008675443485018194,0.00630324071346745,0.004490690333708084
2019-05-31,3.6,0.0,-0.015005640617870275,0.0,-0.018281946483802932,-0.022972616855778175,-0.016391213145480147,-0.016439504722946315,-0.030739262576655064
2019-06-03,3.6,0.0,-0.03740810206617,0.0,-0.01016118425045937,-0.04752091720062188,-0.034002173460743926,-0.031540020423539636,-0.07802098571967284
2019-06-04,3.6,0.0,-0.03740810206617,0.0,0.03593025212725827,0.021548041312531258,0.0785760501617263,0.027326937022139623,0.020202696075216818
2019-06-05,3.6,0.0,-0.03740810206617,0.0,0.016014591786012552,0.005155703373834923,0.0153261559057241,0.021447506348904074,0.003992000785554211
2019-06-06,3.6,0.0,-0.03740810206617,0.0,0.014574934598395522,0.009081436911120979,0.04651304989708485,0.015691317962266065,0.0009510469338901095
2019-06-07,3.6,0.0,-0.03740810206617,0.0,0.026268782087892444,0.027918906052417206,-0.0070654213857223955,0.02762290005822344,0.02938632738103715
2019-06-10,3.6,0.0,-0.03740810206617,0.0,0.012698736258149162,0.030892108542121512,0.04016068793025789,0.009091069075486465,0.008444307008939084
2019-06-11,3.6,0.0,-0.03740810206617,0.0,0.01151314545294001,0.0016485738255397314,0.01962942455513551,-0.003777660538903371,0.018588200172271748
2019-06-12,3.6,0.0,-0.03740810206617,0.0,-0.0031879614466383856,-0.004506557485555057,-0.03678052946367268,-0.004628537274599818,-0.0173307876097502
2019-06-13,3.6,0.0,-0.03740810206617,0.0,-0.0002059051078763476,0.008041663860675924,0.021977829297588538,0.006292488435962065,0.013787194972514018
2019-06-14,3.6,0.0,-0.03740810206617,0.0,-0.0072889549345813145,-0.00033692003755475005,0.004710492177676777,0.0009818659425749904,0.021516974259930096
2019-06-17,3.6,0.0,-0.03740810206617,0.0,0.005949084936005457,0.008712154694986924,0.045967846334089235,0.0030153050456628015,0.04148131118585292
2019-06-18,3.6,0.0,-0.03740810206617,0.0,0.023246047561979396,0.008100570364277153,-0.0012895183084361763,0.017238611823050518,-0.0028609271093131485
2019-06-19,3.6,0.0,-0.03740810206617,0.0,-0.0029269179210899615,0.003894877641195274,0.007491632206456829,0.003913706286078975,-0.005266796260040729
2019-06-20,3.6,0.0,-0.03740810206617,0.0,0.008003495135344136,0.004912512407217872,-0.030537099002804925,0.009242753926185532,0.010875174277844658
2019-06-21,3.6,0.0,-0.03740810206617,0.0,-0.00341505413032365,-0.0035983699946725073,0.010147814582238825,0.0001468957594499994,0.008458869203566638
2019-06-24,3.6,0.0,-0.03740810206617,0.0,-0.0010066370582474846,0.0013593775173540569,0.007991062700448779,0.0058954787435655165,0.007609312197903813
2019-06-25,3.6,0.0,-0.03740810206617,0.0,-0.01527356073884512,-0.018791923549513204,-0.017501531619481567,-0.032080929910364264,-0.019715267315187242
2019-06-26,3.6,0.0,-0.03740810206617,0.0,0.021398495271063935,0.010360034971862483,-0.002232228297383763,0.0037401978858261917,-0.006268252148823205
2019-06-27,3.6,0.0,-0.03740810206617,0.0,-0.0003005588861186273,0.0033927983928228453,0.016150172309638413,0.001640991912683801,0.00975718299583353
2019-06-28,3.6,0.0,-0.03740810206617,0.0,-0.009153542220563441,-0.005608294946465263,0.0027783929288936193,-0.0014171443717001324,0.018301003337453495
2019-07-01,3.7,0.0,-0.041195756438267166,0.0,0.018174604817918116,0.014969473796872794,0.016466221724361078,0.012757797636616502,0.0
2019-07-02,3.7,0.0,-0.041195756438267166,0.0,0.0058374443968183505,0.006285541940847791,-0.011600218839631889,0.006611423549120449,0.010309336560384753
2019-07-03,3.7,0.0,-0.041195756438267166,0.0,0.008252727961618415,0.0024216723035965513,0.04506146454972541,0.006422653575522292,0.011218918157896905
2019-07-05,3.7,0.0,-0.041195756438267166,0.0,-0.0008808948950095419,0.0020145063009627206,-0.007692338334116885,-0.0029143291920339267,-0.00406492347429491
2019-07-08,3.7,0.0,-0.041195756438267166,0.0,-0.020829381181467457,0.004831530386180489,-0.01191106882403326,-0.0007298223230981598,-0.0032640192489150396
2019-07-09,3.7,0.0,-0.041195756438267166,0.0,0.006081052369555657,0.018261630021034286,-0.0012163699243967914,-0.0036573608505058876,0.01746999298731765
2019-07-10,3.7,0.0,-0.041195756438267166,0.0,0.00983973811390814,0.01453448569859851,0.03778869128614836,0.010134283980924728,0.01751546284214395
2019-07-11,3.7,0.0,-0.041195756438267166,0.0,-0.007308796897592407,-0.008132486532284676,-0.0013402808651119414,0.003982624806539776,-0.007426469494943871
2019-07-12,3.7,0.0,-0.041195756438267166,0.0,0.007653223625467109,0.004950130483804872,0.02679618785170417,0.003605600281208605,0.0179271312061118
2019-07-15,3.7,0.0,-0.041195756438267166,0.0,0.009351407818355315,0.004955344390456677,0.033779097347802406,0.0,-0.004696860282783271
2019-07-16,3.7,0.0,-0.041195756438267166,0.0,-0.0034658803926990735,-0.00550248861151783,-0.004427953346815866,-0.01318902224929829,-0.0003434381861810977
2019-07-17,3.7,0.0,-0.041195756438267166,0.0,-0.005639480113289724,-0.00893076292309193,0.009778567486270942,-0.0059267438889889865,-0.010058154640359094
2019-07-18,3.7,0.0,-0.041195756438267166,0.0,0.011295723029702371,-0.0071185921362067655,-0.005192847091315009,0.0011002515382892676,-0.005067232610309734
2019-07-19,3.7,0.0,-0.041195756438267166,0.0,-0.015040191921124402,-0.006787722315432412,0.018135442365715914,0.00146488359446192,-0.012126278435515045
2019-07-22,3.7,0.0,-0.041195756438267166,0.0,0.022596712636327784,0.010688342420228144,-0.009730316261804303,0.013161531818597583,0.019767053294305552
2019-07-23,3.7,0.0,-0.041195756438267166,0.0,0.00778754729240701,0.00445214230282264,0.01740861417421435,0.0061928949197494615,0.0001976088875098271
2019-07-24,3.7,0.0,-0.041195756438267166,0.0,-0.00081451052400372,0.003163662575726461,0.01794158228530698,0.010214115580526244,0.011301690822092788
2019-07-25,3.7,0.0,-0.041195756438267166,0.0,-0.007938654175390482,-0.013581296228977947,-0.14634118145360764,-0.0037733164978157392,-0.01948894419680953
2019-07-26,3.7,0.0,-0.041195756438267166,0.0,0.0034720518835129515,-0.015711904843454392,-0.0034146189824959317,0.008169748523938576,-0.004794443142954076
2019-07-29,3.7,0.0,-0.041195756438267166,0.0,0.009295144549220962,-0.01587374871748098,0.033335690122837366,-0.0021958575539064583,-0.019258176099854335
2019-07-30,3.7,0.0,-0.041195756438267166,0.0,-0.004301349409454599,-0.0073052312577508716,0.02715478226865056,-0.004833290772563355,0.00559839833041848
2019-07-31,3.7,0.0,-0.041195756438267166,0.0,0.02019871544909749,-0.016864897630143417,-0.0026867746162287836,-0.029500961151277406,-0.014363788495023896
2019-08-01,3.6,0.0,-0.10069850255201503,1.0,-0.021876765085768128,-0.0061578127469772434,-0.032644893450348864,0.013050105599682607,-0.007752812629452708
2019-08-02,3.6,0.0,-0.10069850255201503,1.0,-0.0213849994857758,-0.017442009143555034,0.002093199627884857,-0.00843766061937777,-0.01943730367295596
2019-08-05,3.6,0.0,-0.10069850255201503,1.0,-0.05376781358936258,-0.03239082144570347,-0.026024991318455336,-0.03485915867584307,-0.03933080482670313
2019-08-06,3.6,0.0,-0.10069850255201503,1.0,0.018753605103520588,0.012778275729818725,0.010586762848221487,0.018584435587832588,0.015181553050184277
2019-08-07,3.6,0.0,-0.10069850255201503,1.0,0.010301993434568899,0.003110618555960309,0.011504500337382999,0.004370410566061115,0.0034626900518656438
2019-08-08,3.6,0.0,-0.10069850255201503,1.0,0.021816168168365818,0.021780725021871127,0.020691055468529226,0.026336145040130737,0.026699367812922925
2019-08-09,3.6,0.0,-0.10069850255201503,1.0,-0.0082746259103518,-0.013905054350440298,-0.01390239815697271,-0.00853275420608363,-0.01222193823800391
2019-08-12,3.6,0.0,-0.10069850255201503,1.0,-0.0025407219905311607,-0.012615288866911465,-0.025862371865183108,-0.014040401504420277,-0.013289963710953739
2019-08-13,3.6,0.0,-0.10069850255201503,1.0,0.04147615206985267,0.021844688318190798,0.025819883534249913,0.02048263354514793,0.01647887654209685
2019-08-14,3.6,0.0,-0.10069850255201503,1.0,-0.03021711723066965,-0.03422406490530883,-0.06768680255284285,-0.030576977460935618,-0.04748821900165668
2019-08-15,3.6,0.0,-0.10069850255201503,1.0,-0.0049937882850313135,0.007436962772528972,-0.01828835317150209,-0.0022419808865494833,0.015898756946147227
2019-08-16,3.6,0.0,-0.10069850255201503,1.0,0.023320605876112625,0.009219158337593528,0.019744444624820005,0.018161710680747418,0.006060828429610542
2019-08-19,3.6,0.0,-0.10069850255201503,1.0,0.018472464586141112,0.013051989159110924,0.030845997748934404,0.01661004326684978,0.013356282367704721
2019-08-20,3.6,0.0,-0.10069850255201503,1.0,4.7505703242318904e-05,-0.00814931406190375,-0.004285505421123639,-0.008343340803117336,-0.01275789585092184
2019-08-21,3.6,0.0,-0.10069850255201503,1.0,0.010780353605451449,0.012226647744316171,-0.022522132632969767,0.011084704943614914,-0.0014153645284832115
2019-08-22,3.6,0.0,-0.10069850255201503,1.0,-0.0008470195279775499,-0.01040746095441238,0.005959674684834935,-0.007303480700584584,-0.00826076635105863
2019-08-23,3.6,0.0,-0.10069850255201503,1.0,-0.047322589535564896,-0.030973573737141446,-0.04960079059483937,-0.032381004150977305,-0.023848178374316395
2019-08-26,3.6,0.0,-0.10069850255201503,1.0,0.01882081450283732,0.010942233772083079,0.01688593882877674,0.015325177739502436,0.01457686003291055
2019-08-27,3.6,0.0,-0.10069850255201503,1.0,-0.01134761644863582,-0.003987853398843467,-0.004288207091923697,0.0021393934124599645,0.005198079501510782
2019-08-28,3.6,0.0,-0.10069850255201503,1.0,0.006687788204517752,0.001372654229947393,0.007028701855971562,-0.0013271750705442266,0.0025340324910546525
2019-08-29,3.6,0.0,-0.10069850255201503,1.0,0.016790090536138294,0.012476729930588952,0.027991764077430346,0.018708347198223094,0.020745037630569677
2019-08-30,3.6,0.0,-0.10069850255201503,1.0,-0.0012925790703285642,-0.0056755109689405545,0.01743757434314575,-0.0018842882939974837,0.0005387705962249599
2019-09-03,3.5,0.0,0.010282866955584056,0.0,-0.014670833496860998,0.007599287077514432,-0.002662996693731353,-0.01328978459622491,-0.01782362448812368
2019-09-04,3.5,0.0,0.010282866955584056,0.0,0.016824179363755607,0.006004836143353969,-0.01943116129601614,0.01162003536554903,0.025709736593490833
2019-09-05,3.5,0.0,0.010282866955584056,0.0,0.019363030524758816,0.022025802871529235,0.03953785869897743,0.017430462751068198,0.01989267592159598
2019-09-06,3.5,0.0,0.010282866955584056,0.0,-9.393625817228633e-05,-0.00392468200476568,-0.00932113182298983,-0.006806486502257821,-0.01802416508820551
2019-09-09,3.5,0.0,0.010282866955584056,0.0,0.004258255779722632,-0.001178781440171449,0.018901418181459875,-0.01142350276828384,0.006750884230965741
2019-09-10,3.5,0.0,0.010282866955584056,0.0,0.011743632264372826,-0.005914756798134451,0.016048960489895236,-0.010526231642685149,-0.01381608231721376
2019-09-11,3.5,0.0,0.010282866955584056,0.0,0.03130004669612634,0.0013393751130937493,0.047912327846942035,0.0002937146630786787,0.012384502723712054
2019-09-12,3.5,0.0,0.010282866955584056,0.0,-0.0022387520147003933,0.011215049350112213,-0.0049902167042224325,0.010232516979606372,-0.0054258584649042145
2019-09-13,3.5,0.0,0.010282866955584056,0.0,-0.01964557055325562,-0.002286194656506738,-0.002728713996813491,-0.001455646023335672,-0.0014947543548145478
2019-09-16,3.5,0.0,0.010282866955584056,0.0,0.005243428188866002,-0.01727409924180755,-0.009795012235959525,-0.007235569871997674,-0.005195625587369576
2019-09-17,3.5,0.0,0.010282866955584056,0.0,0.003631131851541327,0.00810390258526882,0.008121454351540124,0.007745345986613225,0.009938731607763832
2019-09-18,3.5,0.0,0.010282866955584056,0.0,0.009335722775658493,-0.0027967121376823445,-0.005324674641613693,0.008191198846739304,0.00031908145362282775
2019-09-19,3.5,0.0,0.010282866955584056,0.0,-0.008158084074310259,0.002220369938279536,0.012691671904217687,0.018241606131934446,0.010574241625941472
2019-09-20,3.5,0.0,0.010282866955584056,0.0,-0.01472592086066684,-0.015123356081273286,-0.024548765463603572,-0.011622053459849176,-0.0011051083165299353
2019-09-23,3.5,0.0,0.010282866955584056,0.0,0.004536592393467829,-0.004950486377768806,0.002532023019229352,-0.0021536907547279292,-0.016509918046359286
2019-09-24,3.5,0.0,0.010282866955584056,0.0,-0.0047661745767971315,-0.024776514664445734,-0.07763784395676024,-0.0127298026431081,-0.030102835073471456
2019-09-25,3.5,0.0,0.010282866955584056,0.0,0.015272104410082775,0.01522560943795219,0.024298080060291966,0.014309737719047626,0.008349938999668438
2019-09-26,3.5,0.0,0.010282866955584056,0.0,-0.005170888861401536,-0.016242438483099607,0.058838046284869626,0.0012906617686730454,-0.014824953879426856
2019-09-27,3.5,0.0,0.010282866955584056,0.0,-0.004877748782133632,-0.00830524237371174,-0.0017743788664326618,-0.01305604802534133,-0.016853283241838136
2019-09-30,3.5,0.0,0.010282866955584056,0.0,0.023262427624078263,0.006043915850105009,-0.005217380269892639,0.009394138828614753,0.005518325944825863
2019-10-01,3.6,0.0,0.0025542798050967007,0.0,0.0027643978266694673,-0.00014979419150042044,0.015734771560612624,-0.014197653251476974,-0.012829077393249273
2019-10-02,3.6,0.0,0.0025542798050967007,0.0,-0.025387533446297343,-0.013001530778686167,-0.006395828716893808,-0.01781274847233781,-0.006905949855592455
2019-10-03,3.6,0.0,0.0025542798050967007,0.0,0.008458880940482132,0.0065103035515946435,-0.04242918829553246,0.012032478377885835,0.02700865015196257
2019-10-04,3.6,0.0,0.0025542798050967007,0.0,0.027646015637056758,0.008793152669587833,-0.006889680536428197,0.013411608886813102,0.005947312112619405
2019-10-07,3.6,0.0,0.0025542798050967007,0.0,0.0002205673923146937,-0.004026085267119779,0.026816005504508238,-0.007266623713552676,-0.004276257268527232
2019-10-08,3.6,0.0,0.0025542798050967007,0.0,-0.011784324271706899,-0.015793681068500286,0.009753676748550492,-0.010630761237752707,-0.010799368242813804
2019-10-09,3.6,0.0,0.0025542798050967007,0.0,0.011651933691593171,0.009616472379736505,0.018490843294478566,0.0187658513832368,0.011745101169649627
2019-10-10,3.6,0.0,0.0025542798050967007,0.0,0.013388326250301511,-0.00100518069222072,0.000858418039820759,0.006201472292205575,0.0010001943875561465
2019-10-11,3.6,0.0,0.0025542798050967007,0.0,0.02625068746713747,0.006755179581182764,0.012788621436352825,0.004161021222141496,0.022844418330513937
2019-10-14,3.6,0.0,0.0025542798050967007,0.0,-0.0014403097388511865,0.0026006849008286315,0.03593539155955349,-0.0009308882336077827,-0.004952845860445937
2019-10-15,3.6,0.0,0.0025542798050967007,0.0,-0.0023344469495727425,0.01766694892629402,0.0036127226196520047,0.014371186308890758,0.030149778241559323
2019-10-16,3.6,0.0,0.0025542798050967007,0.0,-0.0040451934229602145,0.005670218199067944,0.007186524142577059,-0.00822751972950494,0.00348809070054477
2019-10-17,3.6,0.0,0.0025542798050967007,0.0,0.0038752481179992805,0.005638333382188143,0.008510294825121641,-0.005140886344230749,0.004421628820222136
2019-10-18,3.6,0.0,0.0025542798050967007,0.0,0.004791133096631673,-0.016908737986876143,-0.019348511759363377,-0.016456818014888457,-0.024134562449048515
2019-10-21,3.6,0.0,0.0025542798050967007,0.0,0.017194079824909697,0.015889987789337544,-0.01351766398714735,0.007395505420657267,0.02082001298782763
2019-10-22,3.6,0.0,0.0025542798050967007,0.0,-0.002289358516302099,-0.011223871111253501,0.008171731125572387,-0.014992549159971688,-0.039886811886937545
2019-10-23,3.6,0.0,0.0025542798050967007,0.0,0.013329625917916824,-0.002018214434825777,-0.003527697705131321,0.00635930157938054,0.02067972607847548
2019-10-24,3.6,0.0,0.0025542798050967007,0.0,0.001643555454429955,0.010505509905438084,0.1627073867407585,0.01948277495670555,0.0012348070820870452
2019-10-25,3.6,0.0,0.0025542798050967007,0.0,0.012241181314148662,-0.010982306485900742,0.09069467139827266,0.005629284203609132,0.008068934935622172
2019-10-28,3.6,0.0,0.0025542798050967007,0.0,0.009967138083763765,0.008902345419024592,-0.0012807947563152676,0.024288506829290415,0.008004672808817736
2019-10-29,3.6,0.0,0.0025542798050967007,0.0,-0.023399624487614977,-0.008119150571146162,-0.035690931583353486,-0.009476719840749779,-0.00047543464099808615
2019-10-30,3.6,0.0,0.0025542798050967007,0.0,-0.00012329697699006522,0.009755331152435024,-0.0038337382146187405,0.012385254975362062,-0.005614995779630552
2019-10-31,3.6,0.0,0.0025542798050967007,0.0,0.02235773302337862,-0.0018725073161205933,-0.00028577073587868494,-0.008611574614164341,0.017899972034782576
2019-11-01,3.6,0.0,0.005089069507471228,0.0,0.02798566183346231,0.008284550823414213,-0.005125560958197391,0.0024380649718497853,0.010226631387528787
2019-11-04,3.6,0.0,0.005089069507471228,0.0,0.006545377230474294,0.007352477288485275,0.013190251778298889,0.005758330108174355,0.0056652107188660565
2019-11-05,3.6,0.0,0.005089069507471228,0.0,-0.0014379168597654774,-0.001635984259248522,-0.0007877741614317626,-0.0006223078270646804,-0.0020564010879800666
2019-11-06,3.6,0.0,0.005089069507471228,0.0,0.00042796687542250185,-0.0033023668647886115,0.029079338851648973,-0.0027730311527008112,-0.014357396112028931
2019-11-07,3.6,0.0,0.005089069507471228,0.0,0.011474993917036103,-0.004224307928792128,0.027066259147669382,0.0013870276787150114,-0.005916869468687305
2019-11-08,3.6,0.0,0.005089069507471228,0.0,0.0027332636730871087,-0.001298291684538671,0.004757095497985115,0.011715641140245618,0.0022033189373137406
2019-11-11,3.6,0.0,0.005089069507471228,0.0,0.00788742565381775,-0.007999998745449705,0.023307008242272685,0.001026941981190425,-0.006465999307835107
2019-11-12,3.6,0.0,0.005089069507471228,0.0,-0.0009158818740507482,0.003577876408002885,0.013927860226281246,0.006549158773900995,0.025308661199173143
2019-11-13,3.6,0.0,0.005089069507471228,0.0,0.009536546617490352,-0.014097774253444028,-0.010976517536210168,0.0016306097765348478,-0.006603994365274224
2019-11-14,3.6,0.0,0.005089069507471228,0.0,-0.006943924559531358,0.0008495689742594642,0.009317706491661899,0.005078120489702195,-0.00020683040362826864
2019-11-15,3.6,0.0,0.005089069507471228,0.0,0.011809559481949403,-0.008648952687683294,0.008039716546772512,0.012818115880296398,0.010044989381163922
2019-11-18,3.6,0.0,0.005089069507471228,0.0,0.005029369534586652,0.0074684960238794,-0.006209469761818026,0.002463957180573907,0.011720103662886892
2019-11-19,3.6,0.0,0.005089069507471228,0.0,-0.0030376882067425373,0.0001483515094221294,0.02686525453277175,0.0003325282274339326,0.009679185540845077
2019-11-20,3.6,0.0,0.005089069507471228,0.0,-0.011709366795618032,-0.00415064502033856,-0.020513868869493704,-0.001736461973124265,-0.00912231685119763
2019-11-21,3.6,0.0,0.005089069507471228,0.0,-0.004493562744347931,-0.006217986458149935,0.0073828123156505394,-0.000935828166066977,0.002124232703360723
2019-11-22,3.6,0.0,0.005089069507471228,0.0,-0.000878244373422854,0.006326901323545818,-0.06337614052816848,0.0007354597659209665,0.004486624055706146
2019-11-25,3.6,0.0,0.005089069507471228,0.0,0.017381873673013127,0.015979589635143454,0.009859919333317325,0.010903649243607857,0.004866926343939167
2019-11-26,3.6,0.0,0.005089069507471228,0.0,-0.007839161012828666,0.012938516318668469,-0.02230801073802288,0.005276070040242916,-0.004112825814280021
2019-11-27,3.6,0.0,0.005089069507471228,0.0,0.013342925206735946,0.011932253434933026,0.007179607623328355,0.0019055628049889012,0.015113644766211786
2019-11-29,3.6,0.0,0.005089069507471228,0.0,-0.0022053399219107233,-0.009786452277548634,-0.00408331183446667,-0.0061903003084599825,-0.0017839011485710169
2019-12-02,3.6,0.0,-0.015345569674660421,0.0,-0.011629395639384938,-0.010719163262200036,0.014831577778426516,-0.012162525930132664,-0.009667545080218576
2019-12-03,3.6,0.0,-0.015345569674660421,0.0,-0.01799122735563744,-0.006554897641658675,0.0039638352301946105,-0.0016059049233263052,-0.004416299067081419
2019-12-04,3.6,0.0,-0.015345569674660421,0.0,0.008787894913051075,-0.005251180813047949,-0.009473685044135857,0.00360993554352318,-0.0005535853963267222
2019-12-05,3.6,0.0,-0.015345569674660421,0.0,0.014564383202366254,-0.011544817962785503,-0.008019273672589195,0.0005338382433246225,0.0032659369255954814
2019-12-06,3.6,0.0,-0.015345569674660421,0.0,0.019132108548976318,0.006368715753630064,0.016570487479172606,0.012066041205564261,0.008441209405620842
2019-12-09,3.6,0.0,-0.015345569674660421,0.0,-0.014099457511213644,-0.0011939050988062398,0.010778479484683797,-0.0025735121535954103,0.001441429626528153
2019-12-10,3.6,0.0,-0.015345569674660421,0.0,0.005827380463141203,-0.005904754434733096,0.02705113248298345,-0.0015204612510849673,-0.002337005767824793
2019-12-11,3.6,0.0,-0.015345569674660421,0.0,0.00849322623609838,0.005453040216112708,0.011004409475391042,0.0037641602738089654,0.006896009465813108
2019-12-12,3.6,0.0,-0.015345569674660421,0.0,0.0025453082870834014,0.0066172609838292965,0.01959693606267636,0.010100648962168212,-0.027620137810452593
2019-12-13,3.6,0.0,-0.015345569674660421,0.0,0.013501518872301685,0.0003464055904998532,-0.003592907084336512,0.008382656497682977,-0.013508730583960162
2019-12-16,3.6,0.0,-0.015345569674660421,0.0,0.016973031017376128,0.004685424827782585,0.06248899060660185,0.0064506652458702005,0.019437823565385957
2019-12-17,3.6,0.0,-0.015345569674660421,0.0,0.001963511756941077,0.012051086000576885,-0.006600966624869255,-0.005415687491950884,0.0023717976179163307
2019-12-18,3.6,0.0,-0.015345569674660421,0.0,-0.0023922809654948972,-0.003709385461905557,0.036681334404645764,-0.002070609523015049,0.020505198295724874
2019-12-19,3.6,0.0,-0.015345569674660421,0.0,0.001000364212345217,0.004613685162964642,0.0273227300440061,0.008642869561142956,0.01742746164361092
2019-12-20,3.6,0.0,-0.015345569674660421,0.0,-0.0020734890225384745,-0.003230170321979381,0.0038288839658321035,0.010858577962842583,0.0011641679297711045
2019-12-23,3.6,0.0,-0.015345569674660421,0.0,0.016187036108363653,0.003631847326724357,0.0330530426375991,0.0,-0.0005820637298165654
2019-12-24,3.6,0.0,-0.015345569674660421,0.0,0.0009498168227780452,-0.002116000655262421,0.014281404577191001,-0.00019055403797876069,-0.005154231393179967
2019-12-26,3.6,0.0,-0.015345569674660421,0.0,0.019646143146963075,0.04350624357368459,0.013291643487754986,0.008163449064874779,0.012932731476438362
2019-12-27,3.6,0.0,-0.015345569674660421,0.0,-0.0003794677813236462,0.0005509958634312385,-0.0013003685301450005,0.001825891569353479,0.001490855117837995
2019-12-30,3.6,0.0,-0.015345569674660421,0.0,0.005917792929401439,-0.01232833213461872,-0.0371131230011561,-0.008655916971592077,-0.017891035276139892
2019-12-31,3.6,0.0,-0.015345569674660421,0.0,0.007279829119005476,0.0005142525969060166,0.008715179630272204,0.0006977266927073355,0.004100922644311428
2020-01-02,3.6,0.0,-0.028760152175262687,0.0,0.022560048862991407,0.026788570977962715,0.02811910133608081,0.018346829044101582,0.021830653288945064
2020-01-03,3.6,0.0,-0.028760152175262687,0.0,-0.009769697511799078,-0.012213314472679244,0.02920267893223429,-0.012529957193157214,-0.0053053396123128645
2020-01-06,3.6,0.0,-0.028760152175262687,0.0,0.007936238905883564,0.014775871094842,0.019071612174755247,0.0025815378381258613,0.018658333783437103
2020-01-07,3.6,0.0,-0.028760152175262687,0.0,-0.004713858056108546,0.002089436023074214,0.03806670586808656,-0.00915944122658613,0.0021614351181972443
2020-01-08,3.6,0.0,-0.028760152175262687,0.0,0.015958173412213776,-0.007839287338238396,0.048032568493066904,0.015802705393925573,0.010086977751047829
2020-01-09,3.6,0.0,-0.028760152175262687,0.0,0.021018148657252413,0.0047876954600311996,-0.022189385476863444,0.012415613592236044,0.01420948892473261
2020-01-10,3.6,0.0,-0.028760152175262687,0.0,0.002258270349892508,-0.009455156242405702,-0.006649355680979626,-0.0046374970660673165,-0.0011000677453254794
2020-01-13,3.6,0.0,-0.028760152175262687,0.0,0.02113976746956911,0.0043132627393767525,0.09320702322102224,0.0119524072247332,0.01750178012935277
2020-01-14,3.6,0.0,-0.028760152175262687,0.0,-0.013595493071536137,-0.011625527046359843,0.024578286172624794,-0.007068261018404813,-0.012926278847066357
2020-01-15,3.6,0.0,-0.028760152175262687,0.0,-0.004294753630961577,-0.003977024437111101,-0.03676981311758122,0.006455424128695821,0.009495418203373466
2020-01-16,3.6,0.0,-0.028760152175262687,0.0,0.012448524093481827,0.008513567549042408,-0.00970946227670784,0.018157621938806677,0.0027997474504410803
2020-01-17,3.6,0.0,-0.028760152175262687,0.0,0.011010250091658779,-0.007064556764163625,-0.005839913304383257,0.005580989726926401,0.0016669693159468747
2020-01-21,3.6,0.0,-0.028760152175262687,0.0,-0.006800037612127677,0.014523546068980422,0.06942373110021945,-0.0035972621201461165,-0.003156141347184985
2020-01-22,3.6,0.0,-0.028760152175262687,0.0,0.003563559763271177,-0.0024024329949913796,0.04004983514491321,-0.004816145625472368,-0.000542117935456564
2020-01-23,3.6,0.0,-0.028760152175262687,0.0,0.0048041570314260144,-0.0015270766138826273,0.004624413044606698,0.006136706048830208,-0.007073568780850165
2020-01-24,3.6,0.0,-0.028760152175262687,0.0,-0.0028861927505002332,-0.012247117354347815,-0.012981499419033645,-0.010128097995930209,-0.008316190355451412
2020-01-27,3.6,0.0,-0.028760152175262687,0.0,-0.029846319223407834,-0.018049378179086813,-0.012112331857897394,-0.016864221569651307,-0.014186748864396892
2020-01-28,3.6,0.0,-0.028760152175262687,0.0,0.027896445768751377,0.013532388730052893,0.01578809278786119,0.01940643998163816,0.013498168370703409
2020-01-29,3.6,0.0,-0.028760152175262687,0.0,0.020716183749045356,0.002559818728975466,0.02455066473079113,0.015472156441722814,0.024671413340577465
2020-01-30,3.6,0.0,-0.028760152175262687,0.0,-0.0014498376445331099,0.00680130777131683,0.09799952270077929,0.027817080142849643,-0.06333568280703693
2020-01-31,3.6,0.0,-0.028760152175262687,0.0,-0.04535165140751137,0.07119570893188107,0.015115867923964223,-0.014868949685674324,-0.037044877753614563
2020-02-03,3.5,0.0,-0.043367229115129836,0.0,-0.002750323103312609,-0.002252704013802056,0.18144500086765858,0.024086858761567336,0.011228907322434364
2020-02-04,3.5,0.0,-0.043367229115129836,0.0,0.03248034353142004,0.022433811849720944,0.1286186970285338,0.03238618134457462,0.0272466699374624
2020-02-05,3.5,0.0,-0.043367229115129836,0.0,0.008121589563682348,-0.004792703414039184,-0.18845037343186985,-0.0012219883897860349,0.001333509457192987
2020-02-06,3.5,0.0,-0.043367229115129836,0.0,0.011628882801785879,0.005065879625856511,0.019223358515689473,0.02052180943026739,0.0035159210923404634
2020-02-07,3.5,0.0,-0.043367229115129836,0.0,-0.013686186934779588,0.014069692433392624,-0.0011890304222129079,0.0014149043228648371,0.006994610853910359
2020-02-10,3.5,0.0,-0.043367229115129836,0.0,0.004738638441728289,0.02593435798738784,0.030554904345579816,0.02582058653793414,0.003432092286867178
2020-02-11,3.5,0.0,-0.043367229115129836,0.0,-0.006051747115322223,0.007883866478429244,0.0040112052857509935,-0.022834318948125622,-0.02793750093000306
2020-02-12,3.5,0.0,-0.043367229115129836,0.0,0.02347039480190402,0.004268347229322045,-0.009197828567077742,0.0014627050279776344,0.017083812938803674
2020-02-13,3.5,0.0,-0.043367229115129836,0.0,-0.0071467847103338375,-0.004700848772083054,0.04673438827304504,-0.005428396367781154,0.011229166648805205
2020-02-14,3.5,0.0,-0.043367229115129836,0.0,0.0002463874893920478,-0.007001620314183051,-0.004949986662921484,0.008887423334573392,0.004867430949363418
2020-02-18,3.5,0.0,-0.043367229115129836,0.0,-0.0184801839934035,0.00969583372641929,0.0704209168261074,0.010091986890911054,0.016760564464035572
2020-02-19,3.5,0.0,-0.043367229115129836,0.0,0.014378930581294356,0.006726973190216665,0.06649517653196184,0.0029945357613285167,-0.0014243400157196702
2020-02-20,3.5,0.0,-0.043367229115129836,0.0,-0.010312234656649759,-0.007919906743473367,-0.019826354777620053,-0.015389057503017788,-0.01347032682211407
2020-02-21,3.5,0.0,-0.043367229115129836,0.0,-0.022895039440520952,-0.02689219882130043,0.0017662480443414094,-0.03212308459507195,-0.020718386644313254
2020-02-24,3.5,0.0,-0.043367229115129836,0.0,-0.04866557183137255,-0.042235023870589,-0.07752369493467591,-0.04407234566388987,-0.04605316044334779
2020-02-25,3.5,0.0,-0.043367229115129836,0.0,-0.03445916738499469,-0.018357980231590378,-0.041482357972054684,-0.016639677162878664,-0.019875633539153056
2020-02-26,3.5,0.0,-0.043367229115129836,0.0,0.015739412397310366,0.0034663008478506324,-0.026744949535016983,0.01241728975856516,0.0021829820297291453
2020-02-27,3.5,0.0,-0.043367229115129836,0.0,-0.06760284219046475,-0.049333390430740226,-0.13713311629061195,-0.07306439090696878,-0.038510982205067934
2020-02-28,3.5,0.0,-0.043367229115129836,0.0,-0.0005852996342879509,-0.0002918893180325476,-0.016347950327421108,0.023924539169186923,0.014232886044303865
2020-03-02,4.4,1.0,0.17257896059513603,1.0,0.08901859367946814,0.03658851566405863,0.1072570247859105,0.06441903282576805,0.020416737402861464
2020-03-03,4.4,1.0,0.17257896059513603,1.0,-0.03227453750207096,-0.023278669366774255,0.0025383850988232293,-0.049105769161517834,-0.05520191801146343
2020-03-04,4.4,1.0,0.17257896059513603,1.0,0.04534106558451272,0.03441420829326915,0.005337746224066965,0.03605706109878028,0.031089413665336296
2020-03-05,4.4,1.0,0.17257896059513603,1.0,-0.03297481613652543,-0.02656658154602768,-0.033869376791647296,-0.025415506661352914,-0.03497031593374296
2020-03-06,4.4,1.0,0.17257896059513603,1.0,-0.01336899749860345,-0.011994572145720599,-0.029497510135476336,-0.028674379012625116,-0.02228010198692654
2020-03-09,4.4,1.0,0.17257896059513603,1.0,-0.08239542223842838,-0.05430184971456644,-0.14586457137702016,-0.07017827202443361,-0.06614103786696025
2020-03-10,4.4,1.0,0.17257896059513603,1.0,0.06954618488447271,0.04941384267449418,0.059586929551683376,0.06614713871489558,0.04999733784042348
2020-03-11,4.4,1.0,0.17257896059513603,1.0,-0.03534786155236529,-0.03823045590680999,-0.01735009892797303,-0.04636000912625782,-0.0456411519864446
2020-03-12,4.4,1.0,0.17257896059513603,1.0,-0.10397793568636753,-0.08253503819368388,-0.12349328402408655,-0.0996418175445575,-0.09720924853757452
2020-03-13,4.4,1.0,0.17257896059513603,1.0,0.11315741785729203,0.06264454451479513,-0.02516454136147571,0.13292900270950386,0.09744409044218119
2020-03-16,4.4,1.0,0.17257896059513603,1.0,-0.1377079385186283,-0.0551930111496119,-0.20552230217550044,-0.15945326125643783,-0.15376902885471613
2020-03-17,4.4,1.0,0.17257896059513603,1.0,0.043030895492993194,0.0679073394904408,-0.03398134500612111,0.07912175924992015,0.02308605368580187
2020-03-18,4.4,1.0,0.17257896059513603,1.0,-0.024784785700211438,0.012183223280898315,-0.17476304366003273,-0.04300760031878539,-0.01660066512603068
2020-03-19,4.4,1.0,0.17257896059513603,1.0,-0.007691313706599905,0.027450380856149387,0.16879451260286096,0.016319354484133547,0.041126726804267585
2020-03-20,4.4,1.0,0.17257896059513603,1.0,-0.06559037386066051,-0.018696493799985447,-0.00025720668994270134,-0.03828225480365082,-0.022453621801458767
2020-03-23,4.4,1.0,0.17257896059513603,1.0,-0.021472966663022255,0.03027242280070844,0.015688043665694176,-0.010024903645635179,-0.010945649616347308
2020-03-24,4.4,1.0,0.17257896059513603,1.0,0.09560593157864257,0.019397213114498144,0.15084593365171223,0.08699934091067406,0.0833919013896478
2020-03-25,4.4,1.0,0.17257896059513603,1.0,-0.005524095431389356,-0.02836614678504326,0.06562083944686455,-0.009618898926629791,-0.030078429505335836
2020-03-26,4.4,1.0,0.17257896059513603,1.0,0.05128498843472413,0.036267437779002064,-0.0207800386755252,0.060672845040394344,0.044632530622573434
2020-03-27,4.4,1.0,0.17257896059513603,1.0,-0.042283659858770535,-0.028734293362178226,-0.026475805312348537,-0.041927613832027,-0.04092664427982048
2020-03-30,4.4,1.0,0.17257896059513603,1.0,0.028138416823036874,0.03305128565768252,-0.024064387275638185,0.06797697196335976,0.05677906883933987
2020-03-31,4.4,1.0,0.17257896059513603,1.0,-0.002042890469551616,-0.0072719999659999635,0.04263263821287683,-0.015852511161011256,0.005109242601438204
2020-04-01,14.8,1.0,-0.03800932596698429,0.0,-0.05405169962677981,-0.02178742279295421,-0.08446087652228773,-0.03615377443963316,-0.0441248839353047
2020-04-02,14.8,1.0,-0.03800932596698429,0.0,0.016548932532573956,0.005817252037933856,-0.057898921000518445,0.020497250018036126,-0.008873817806930279
2020-04-03,14.8,1.0,-0.03800932596698429,0.0,-0.014475635412793475,-0.006399314195321289,0.05467504939194526,-0.009252980346067896,-0.02567627861792119
2020-04-06,14.8,1.0,-0.03800932596698429,0.0,0.08363992691994576,0.04662517920980072,0.07276481895829454,0.07173248429958547,0.07115267540239827
2020-04-07,14.8,1.0,-0.03800932596698429,0.0,-0.011649889344005128,0.006988976113008688,0.05503939414254686,-0.010828868571000995,0.019618996265381643
2020-04-08,14.8,1.0,-0.03800932596698429,0.0,0.02527223936347151,0.015488887252484295,0.006195761068727163,0.009981176648585504,0.031770898130995665
2020-04-09,14.8,1.0,-0.03800932596698429,0.0,0.007190451186003041,-0.00011749136016937198,0.043078797207400474,6.063592661002297e-05,0.005207775326280791
2020-04-13,14.8,1.0,-0.03800932596698429,0.0,0.01943747171045576,0.059904424788693025,0.12754711640906993,0.002237836004234623,-0.0022858211415724273
2020-04-14,14.8,1.0,-0.03800932596698429,0.0,0.049269502041729654,0.05142426317898339,0.0866771798728856,0.0482981716938425,0.01915299373157717
2020-04-15,14.8,1.0,-0.03800932596698429,0.0,-0.00916934363486152,0.01061218674730437,0.02770162075738181,-0.010533232480006325,-0.006758023627037391
2020-04-16,14.8,1.0,-0.03800932596698429,0.0,0.007914623327981844,0.042632714874196495,0.020854428493631318,0.02957935354871434,-0.004076653451371171
2020-04-17,14.8,1.0,-0.03800932596698429,0.0,-0.013662177380078976,-0.013877991515518532,0.011580411041559343,0.008772979155330958,0.01682225823904588
2020-04-20,14.8,1.0,-0.03800932596698429,0.0,-0.020975050564919013,0.007805217491159297,-0.010038465581097953,-0.02002002059614877,-0.005594844124098572
2020-04-21,14.8,1.0,-0.03800932596698429,0.0,-0.0313975565759157,-0.027741595250859077,-0.08328137479063667,-0.042236680341637786,-0.04263747194975013
2020-04-22,14.8,1.0,-0.03800932596698429,0.0,0.02839616346500001,0.015078276370104332,0.06400415510269586,0.033400825230648766,0.06505049376181431
2020-04-23,14.8,1.0,-0.03800932596698429,0.0,-0.00388303636859538,0.015100238852104056,-0.036839791089286374,-0.012175999492789283,0.015514458567673459
2020-04-24,14.8,1.0,-0.03800932596698429,0.0,0.02846065332796622,0.004478467862372162,0.02728753098899391,0.018094542140582398,0.026334060029780833
2020-04-27,14.8,1.0,-0.03800932596698429,0.0,0.0007067346408563777,-0.014299615622890095,0.09666945779957149,-0.0028687788166571505,-0.013613573492439588
2020-04-28,14.8,1.0,-0.03800932596698429,0.0,-0.016342458041288085,-0.026406206272373736,-0.037801017814305886,-0.024662486048801623,-0.024784531225477878
2020-04-29,14.8,1.0,-0.03800932596698429,0.0,0.032317456737581206,0.025020524430829326,0.040002020280935593,0.043896157634358605,0.0598426667956278
2020-04-30,14.8,1.0,-0.03800932596698429,0.0,0.020876903285798106,0.041803503952607714,-0.023547759980736722,0.009982136207292509,0.05275739976922987
2020-05-01,13.2,1.0,-0.04456182805991078,0.0,-0.016230489655165967,-0.0790151691799427,-0.10873700220740792,-0.026232858270390097,-0.011990924412133456
2020-05-04,13.2,1.0,-0.04456182805991078,0.0,0.014049480384637361,0.013016157575809914,0.0819187203405193,0.024166004714808644,0.014673963546041217
2020-05-05,13.2,1.0,-0.04456182805991078,0.0,0.014897515720241944,0.0007812169559819208,0.009180180665024101,0.01067857973410195,0.00877954108218685
2020-05-06,13.2,1.0,-0.04456182805991078,0.0,0.010264533199555805,0.014332930141282023,0.018533023597782732,0.009799054501733554,0.0067382454714124814
2020-05-07,13.2,1.0,-0.04456182805991078,0.0,0.01029145856044284,0.006929629421755726,-0.003250973870209664,0.005790094552119321,0.013294329196516828
2020-05-08,13.2,1.0,-0.04456182805991078,0.0,0.023522935565029456,0.005055588339379235,0.04925154604829151,0.005865118426887841,0.00514639765958585
2020-05-11,13.2,1.0,-0.04456182805991078,0.0,0.015612996770347786,0.012275095742505182,-0.009971196406895207,0.011092921342784154,0.003900997607314554
2020-05-12,13.2,1.0,-0.04456182805991078,0.0,-0.011494535584277942,-0.02184325689933136,-0.0023199593370761967,-0.02291226991827099,-0.014553256529065467
2020-05-13,13.2,1.0,-0.04456182805991078,0.0,-0.012147386415205859,0.00464352271673132,-0.02305818093053759,-0.015238310703717294,-0.024085974142439574
2020-05-14,13.2,1.0,-0.04456182805991078,0.0,0.006124773506637785,0.008800091486279958,0.015518160889563192,0.004330199730291838,0.008302834410840855
2020-05-15,13.2,1.0,-0.04456182805991078,0.0,-0.005929623660901321,0.008723388257937528,-0.005191880165631997,0.014463139950317295,0.019488705986073506
2020-05-18,13.2,1.0,-0.04456182805991078,0.0,0.023287668656587046,0.006815562402388709,0.01793204109959487,0.00950918057058928,0.01089450720485658
2020-05-19,13.2,1.0,-0.04456182805991078,0.0,-0.005794875934080079,0.009463506026665746,-0.0069313094591098995,-0.006946379786211181,0.017160356772083794
2020-05-20,13.2,1.0,-0.04456182805991078,0.0,0.019261489806653456,0.0196519053240098,0.00930057241369536,0.01377532265726006,0.05860482866167934
2020-05-21,13.2,1.0,-0.04456182805991078,0.0,-0.0074832689005258175,-0.020709907813958355,0.014654934735012084,-0.01208399570056186,0.006155698601248024
2020-05-22,13.2,1.0,-0.04456182805991078,0.0,0.006417554071380217,-0.0040379627094452065,-0.013037700356063059,0.0004360978100686879,0.015097895277702434
2020-05-26,13.2,1.0,-0.04456182805991078,0.0,-0.006796629736237568,-0.006182687942356004,0.002433081947381517,-0.010627766809783846,-0.011603479497326553
2020-05-27,13.2,1.0,-0.04456182805991078,0.0,0.004347349614151504,-0.004747292931811086,0.001659467041868106,0.0013208455914035053,-0.013265786421164579
2020-05-28,13.2,1.0,-0.04456182805991078,0.0,0.00044012491619835765,-0.0038615979869802697,-0.017736751939729612,-0.0022577777963176562,-0.016190367066847774
2020-05-29,13.2,1.0,-0.04456182805991078,0.0,-0.0009742209753004589,0.017041909136995572,0.035583725409644835,0.010146772829776909,-0.0016426070554849113
2020-06-01,11.0,1.0,-0.08173189726438118,1.0,0.012222600945578439,0.011670253098244966,0.07284966703702293,-0.0022945423365689603,0.029849153202620663
2020-06-02,11.0,1.0,-0.08173189726438118,1.0,0.004618698547339349,0.0005542421239081785,-0.018588326218028427,0.011312599764723564,0.0034867260913218553
2020-06-03,11.0,1.0,-0.08173189726438118,1.0,0.005489860323008146,0.002419803318654912,0.0015867839932886055,0.0024304696931055384,-0.011061438729325834
2020-06-04,11.0,1.0,-0.08173189726438118,1.0,-0.008649476756608309,-0.007207963182428161,-0.02126741082055923,-0.013250775412106116,-0.016957322216175037
2020-06-05,11.0,1.0,-0.08173189726438118,1.0,0.0280829861942112,0.009062306094701045,0.024320646383694,0.023128594387177685,0.019604167504043712
2020-06-08,11.0,1.0,-0.08173189726438118,1.0,0.005895042504144299,0.01640122058468097,0.07004464847857836,0.006177359841351982,0.002726191508256307
2020-06-09,11.0,1.0,-0.08173189726438118,1.0,0.031089751811691668,0.029973414532654237,-0.00978535494822048,0.007615791953495,0.03093403620058685
2020-06-10,11.0,1.0,-0.08173189726438118,1.0,0.02540211335433237,0.01775474019639406,0.08590431690632504,0.03642062394029534,-0.008161601547398556
2020-06-11,11.0,1.0,-0.08173189726438118,1.0,-0.04920096753702069,-0.034386807792203426,-0.052277046427824686,-0.05519392166679708,-0.053356381851702744
2020-06-12,11.0,1.0,-0.08173189726438118,1.0,0.008596373571499161,-0.005071582137180358,-0.03937370329089697,0.007860486206055214,0.018322559011733592
2020-06-15,11.0,1.0,-0.08173189726438118,1.0,0.012291359092914587,0.01080967380014712,0.05776761532071402,0.006371490737837444,0.017003846104756182
2020-06-16,11.0,1.0,-0.08173189726438118,1.0,0.026156999885106114,0.01641919546995653,-0.008889888882897297,0.02420988092030251,0.013457494107621601
2020-06-17,11.0,1.0,-0.08173189726438118,1.0,-0.0013926827739257333,0.009782656419923274,0.009787666254598352,0.0034551931847650835,-0.0005093538806476069
2020-06-18,11.0,1.0,-0.08173189726438118,1.0,0.0003983121441333296,0.004910408831544251,0.012196058432993926,0.010651358111750622,0.0017392060937292243
2020-06-19,11.0,1.0,-0.08173189726438118,1.0,-0.005731356579471076,0.007892706403668376,-0.003052506049991116,-0.005977479517007997,0.01200695080270456
2020-06-22,11.0,1.0,-0.08173189726438118,1.0,0.02582754796893412,0.014404049034053084,-0.006595797039905825,0.02739464983416345,0.001799122389487539
2020-06-23,11.0,1.0,-0.08173189726438118,1.0,0.021120083425815395,0.018470070932883553,0.007474555771254048,0.006659007524263387,0.012545425176317314
2020-06-24,11.0,1.0,-0.08173189726438118,1.0,-0.01780934241527844,-0.010915222785479236,-0.04171541244464825,-0.020363302872030736,-0.03452242759839188
2020-06-25,11.0,1.0,-0.08173189726438118,1.0,0.013188081115650663,0.007352966946613356,0.025817844628587844,0.012556989716067328,0.0070683260207597895
2020-06-26,11.0,1.0,-0.08173189726438118,1.0,-0.031207600470112375,-0.022657517035347675,-0.02697370050614223,-0.02021916711964741,-0.08682617408871768
2020-06-29,11.0,1.0,-0.08173189726438118,1.0,0.022785104305312935,-0.004648937652200358,0.05039944763683731,0.010690185550551977,0.020883615971623724
2020-06-30,11.0,1.0,-0.08173189726438118,1.0,0.008312686797120654,0.02884445591830274,0.06747855280845434,0.025228427069550613,0.028726039359989422
2020-07-01,10.2,1.0,-0.09503549225967776,1.0,-0.0018932770901968054,0.04253577590541981,0.036213124954005624,0.0058305107595439595,0.04511968830284937
2020-07-02,10.2,1.0,-0.09503549225967776,1.0,0.0,0.004021512351305945,0.07651403502187115,0.007591796467173283,-0.017538774846444966
2020-07-06,10.2,1.0,-0.09503549225967776,1.0,0.0263988060539886,0.056086861548230546,0.12645108117682743,0.021297931030039123,0.02896554471019631
2020-07-07,10.2,1.0,-0.09503549225967776,1.0,-0.003107655972705631,-0.018794894393650154,0.01323965619758905,-0.011696017353936035,0.002410947419971361
2020-07-08,10.2,1.0,-0.09503549225967776,1.0,0.023023021483974112,0.026637631211038765,-0.017404076436543424,0.021754195564575498,0.011229645956861255
2020-07-09,10.2,1.0,-0.09503549225967776,1.0,0.004290975175817789,0.032418003431597016,0.020579243780394125,0.0069766961826505025,0.0037697110051259854
2020-07-10,10.2,1.0,-0.09503549225967776,1.0,0.0017478541689058807,0.005442909266691453,0.10241918272489342,-0.003037343446301934,0.0023287224384580026
2020-07-13,10.2,1.0,-0.09503549225967776,1.0,-0.004623761103732434,-0.030459227148096752,-0.031294179797161696,-0.0313760819282169,-0.02508039060163859
2020-07-14,10.2,1.0,-0.09503549225967776,1.0,0.016412888764680524,-0.006464146747407976,0.013099686323903579,0.006162521465718388,0.0030498170750252406
2020-07-15,10.2,1.0,-0.09503549225967776,1.0,0.006853679628971949,-0.02466286482562469,0.019074500672006927,-0.0014888826020232543,0.00229154670619678
2020-07-16,10.2,1.0,-0.09503549225967776,1.0,-0.01238107908971503,-0.002985648858511928,-0.029785727485036655,-0.020002987914474964,0.002701479402285898
2020-07-17,10.2,1.0,-0.09503549225967776,1.0,-0.002022463188042165,-0.012724365220700149,0.00013329605943815782,-0.005112757498432622,0.004555359861981566
2020-07-20,10.2,1.0,-0.09503549225967776,1.0,0.02085484829070378,0.07630823511693882,0.09049888548491682,0.042083006926395966,0.013909332064764857
2020-07-21,10.2,1.0,-0.09503549225967776,1.0,-0.013897497209817332,-0.018484694634580835,-0.04649333201590645,-0.013560574322399968,-0.015066997623660401
2020-07-22,10.2,1.0,-0.09503549225967776,1.0,0.002805313972721833,-0.012305027339411448,0.015167860710440668,0.014269152389578498,-0.007807003143475622
2020-07-23,10.2,1.0,-0.09503549225967776,1.0,-0.04658502390607253,-0.03725419917985109,-0.05105769412846385,-0.04446892762143686,-0.03077680967423296
2020-07-24,10.2,1.0,-0.09503549225967776,1.0,-0.002480257495507796,0.007458986752838637,-0.06559870288489437,-0.006141263627729761,-0.00815868958997534
2020-07-27,10.2,1.0,-0.09503549225967776,1.0,0.023423846016136566,0.015270459525145965,0.08298067038819532,0.01258830124497858,0.012020583103009332
2020-07-28,10.2,1.0,-0.09503549225967776,1.0,-0.01656414267094628,-0.018126069617507432,-0.04185494718429495,-0.009017764743183863,-0.014581370635978376
2020-07-29,10.2,1.0,-0.09503549225967776,1.0,0.01898688183214904,0.011004699826417956,0.01520390470417943,0.010047228762348257,0.013681568859781064
2020-07-30,10.2,1.0,-0.09503549225967776,1.0,0.012027654033887756,0.0060308083157400725,-0.007781454581928156,-0.000784261143660533,0.005173199929951384
2020-07-31,10.2,1.0,-0.09503549225967776,1.0,0.09956357719424815,0.036294147981264194,-0.038884339639871014,0.005428954832702009,0.07857869086970493
2020-08-03,8.4,1.0,-0.012158204479809519,0.0,0.024885399791552864,-0.01682166001089732,0.03720897247565101,0.05471642822395822,-0.006763805642736945
2020-08-04,8.4,1.0,-0.012158204479809519,0.0,0.006655922369767377,0.008619861276316521,0.0013458747004375454,-0.015122285491339838,-0.008489671731039388
2020-08-05,8.4,1.0,-0.012158204479809519,0.0,0.003617995817658844,0.020871316739287018,-0.0013323884879125765,-0.0016423031726447235,-0.0028461476518195808
2020-08-06,8.4,1.0,-0.012158204479809519,0.0,0.03429457006888041,0.0062115284906952865,0.0030659693985973365,0.01588701898895854,0.06285108172641897
2020-08-07,8.4,1.0,-0.012158204479809519,0.0,-0.022998099772366994,-0.01800293843304236,-0.025063424630081085,-0.01804973142668989,0.011841712856079887
2020-08-10,8.4,1.0,-0.012158204479809519,0.0,0.014430179638555694,-0.006111826385309402,-0.023781465364230404,-0.020108339643329403,-0.02047340067523095
2020-08-11,8.4,1.0,-0.012158204479809519,0.0,-0.030191287737307965,-0.02167112480516848,-0.03163934754750347,-0.023663222106849967,-0.02646892602146945
2020-08-12,8.4,1.0,-0.012158204479809519,0.0,0.03269398500110361,0.026133573522779383,0.12331118921207428,0.028166866686253587,0.014573592816348976
2020-08-13,8.4,1.0,-0.012158204479809519,0.0,0.017542787513806016,-0.0003859062604570367,0.04172205380429948,-0.0023452036090576083,0.005410338704563111
2020-08-14,8.4,1.0,-0.012158204479809519,0.0,-0.0008913176425385008,-0.004121037907113718,0.018162259872136134,0.0009579844618095237,-0.00022943897562506768
2020-08-17,8.4,1.0,-0.012158204479809519,0.0,-0.0026146266045310655,0.010865072977043023,0.10618769683979797,0.006584281404844136,-0.00030615757297926586
2020-08-18,8.4,1.0,-0.012158204479809519,0.0,0.00829824639700739,0.04006138810950659,0.02764276800974182,0.005737681286168362,0.004507988078042943
2020-08-19,8.4,1.0,-0.012158204479809519,0.0,0.001253961220506344,-0.015825714532805114,-0.0045463782503080055,-0.006085563442536031,0.000952365790262475
2020-08-20,8.4,1.0,-0.012158204479809519,0.0,0.02194699199312243,0.011250743012291311,0.0635722137952821,0.023004877197287124,0.024154957389850795
2020-08-21,8.4,1.0,-0.012158204479809519,0.0,0.05024868808513424,-0.003843813244746528,0.023768211540485355,-0.0072966678995498675,-0.007462474547941257
2020-08-24,8.4,1.0,-0.012158204479809519,0.0,0.011889360251379719,0.006899163550113672,-0.017607920006301417,0.0031402922204979665,0.016270865683183595
2020-08-25,8.4,1.0,-0.012158204479809519,0.0,-0.008237537947647202,0.01173146611135582,0.004527486632740915,0.012925670709881291,0.03415674182772367
2020-08-26,8.4,1.0,-0.012158204479809519,0.0,0.013507275773422832,0.02809711446991023,0.0621915738853809,0.021389225352761276,0.07901772778524939
2020-08-27,8.4,1.0,-0.012158204479809519,0.0,-0.012026312675416487,-0.012233678809977448,0.03897652873348478,0.02425689923417373,-0.035808484401889475
2020-08-28,8.4,1.0,-0.012158204479809519,0.0,-0.0016210502894358286,0.0005292501453169122,-0.01138789608941323,0.010230959590444535,0.001499805298102943
2020-08-31,8.4,1.0,-0.012158204479809519,0.0,0.03334946668564499,0.014347795491567642,0.11839534141276628,-0.014875910061111174,-0.0015678839267424412
2020-09-01,7.8,1.0,0.027150989065950898,0.0,0.03906010854810907,0.013858994770032553,-0.04782238606695396,0.007685459557112891,0.007610717019803279
2020-09-02,7.8,1.0,0.027150989065950898,0.0,-0.020936244358868632,0.009197048337934825,-0.060034084286439256,0.019089049854917974,0.023615531416439767
2020-09-03,7.8,1.0,0.027150989065950898,0.0,-0.08344774312189661,-0.047389460231042485,-0.0945727929773044,-0.06394876308037262,-0.038345797748855034
2020-09-04,7.8,1.0,0.027150989065950898,0.0,0.0006617303288808166,-0.02202820804028703,0.02743348445504921,-0.014135219863514887,-0.02924319170564795
2020-09-08,7.8,1.0,0.027150989065950898,0.0,-0.06966654209161409,-0.04493916629572862,-0.23651789445767657,-0.055613996354937724,-0.04178324529278112
2020-09-09,7.8,1.0,0.027150989065950898,0.0,0.03911190713630178,0.037013109131374684,0.10366923114657202,0.041701937763030064,0.00939664351669849
2020-09-10,7.8,1.0,0.027150989065950898,0.0,-0.03319069491189504,-0.029022560577017922,0.013720031040026988,-0.028418416713075007,-0.02078289740822514
2020-09-11,7.8,1.0,0.027150989065950898,0.0,-0.013215771093017853,-0.0187214757293059,0.003709375196707332,-0.006546232483809746,-0.005535825234686579
2020-09-14,7.8,1.0,0.027150989065950898,0.0,0.029558714967549565,-0.004261050710177225,0.11852211424147706,0.006740930545120647,-0.0017268666737851142
2020-09-15,7.8,1.0,0.027150989065950898,0.0,0.0015591475382835185,0.016986906487693396,0.06936453038904387,0.0162731662445565,0.023284863855679693
2020-09-16,7.8,1.0,0.027150989065950898,0.0,-0.029958012904266886,-0.02503409881608985,-0.017947393738460667,-0.018027205478207794,-0.03321591207111379
2020-09-17,7.8,1.0,0.027150989065950898,0.0,-0.016092183672841775,-0.02279449983567252,-0.04237854336559032,-0.010491073041999754,-0.03357163714202464
2020-09-18,7.8,1.0,0.027150989065950898,0.0,-0.03223423827269244,-0.018049831297685878,0.04326101937694436,-0.012497288182849764,-0.009027428153256972
2020-09-21,7.8,1.0,0.027150989065950898,0.0,0.029874851891588696,0.0018798451658920035,0.016241895082045352,0.010671964600736444,-0.017496614301819202
2020-09-22,7.8,1.0,0.027150989065950898,0.0,0.015593774964256523,0.055362197019776946,-0.05761528541471742,0.023808204033609462,0.026249228555561843
2020-09-23,7.8,1.0,0.027150989065950898,0.0,-0.042851254004903035,-0.04214463095521935,-0.10915761260898618,-0.033482486783797685,-0.022749377030040124
2020-09-24,7.8,1.0,0.027150989065950898,0.0,0.010216416114873962,0.0066217097971920415,0.019345803747202597,0.012878356691350621,0.0020459885534063003
2020-09-25,7.8,1.0,0.027150989065950898,0.0,0.036829650266639154,0.024642604582375296,0.0491842305281949,0.0225306620863916,0.020978202376148246
2020-09-28,7.8,1.0,0.027150989065950898,0.0,0.023588522549314372,0.025178461064278568,0.033459528236176775,0.007765270495317378,0.007818071309075835
2020-09-29,7.8,1.0,0.027150989065950898,0.0,-0.0075969301021776734,-0.00923261654532486,-0.005069748902601041,-0.010463347539664325,0.01916721692991637
2020-09-30,7.8,1.0,0.027150989065950898,0.0,0.014963541958080464,0.0012233973846267278,0.023442192423042928,0.014703809568448098,0.00042016464329538663
2020-10-01,6.9,1.0,0.023530497410194036,0.0,0.008426623378023839,0.022773457377156782,0.043670173422939704,0.01007595331030457,0.017899082612253692
2020-10-02,6.9,1.0,0.023530497410194036,0.0,-0.032812918949645734,-0.030338326155417573,-0.07665503512528221,-0.029955727035850255,-0.025411329646365183
2020-10-05,6.9,1.0,0.023530497410194036,0.0,0.030326576630619464,0.023466537334268914,0.025192518630920653,0.020117230658091283,0.01795765144640701
2020-10-06,6.9,1.0,0.023530497410194036,0.0,-0.02908856122515569,-0.03151160525254176,-0.02787018407731412,-0.021476062481836318,-0.022893737656997894
2020-10-07,6.9,1.0,0.023530497410194036,0.0,0.016824940109323287,0.030413812448158245,0.026977120398229415,0.01885833486588723,-0.0020901099521103443
2020-10-08,6.9,1.0,0.023530497410194036,0.0,-0.0009563821177785791,-0.0016097349459189387,0.0014567215247855486,0.0035680566047554,0.021615066630147547
2020-10-09,6.9,1.0,0.023530497410194036,0.0,0.017246148089093978,0.02967554216621051,0.018793074176697643,0.02453273865683149,0.002612497761424787
2020-10-12,6.9,1.0,0.023530497410194036,0.0,0.0615847381838077,0.0464540159772508,0.018943822515122916,0.02557259468405733,0.04184266170516853
2020-10-13,6.9,1.0,0.023530497410194036,0.0,-0.026885527396517835,0.0002033158031418585,0.009786884708723409,0.006572787320059291,0.0014134352016167142
2020-10-14,6.9,1.0,0.023530497410194036,0.0,0.0007431532659578464,-0.023481628688544316,0.032273287618783654,-0.009014736857474928,-0.01576806472721351
2020-10-15,6.9,1.0,0.023530497410194036,0.0,-0.0039688169783784095,-0.007478033616218114,-0.02729299577407529,-0.005448298773873698,-0.018940484106681154
2020-10-16,6.9,1.0,0.023530497410194036,0.0,-0.014099264855054826,-0.01994812848396483,-0.020731092265373598,0.0,-0.002966515635241057
2020-10-19,6.9,1.0,0.023530497410194036,0.0,-0.025873875484396028,-0.020216949722746604,-0.020310891071385614,-0.02507728933501676,-0.01718105336858119
2020-10-20,6.9,1.0,0.023530497410194036,0.0,0.013105762925329454,0.0030508956211158598,-0.020850455371877373,0.00200511278159251,0.023292012973383437
2020-10-21,6.9,1.0,0.023530497410194036,0.0,-0.0054613452165812515,-0.01001890884724982,0.0016576578966101716,0.0006986934761512766,0.04089965894295443
2020-10-22,6.9,1.0,0.023530497410194036,0.0,-0.009629258278258135,-0.002684886825932588,0.007425427859397711,0.00041899678799445835,-0.00219102397847638
2020-10-23,6.9,1.0,0.023530497410194036,0.0,-0.006153082436601707,0.008776346822349299,-0.01219258008931434,0.006216427723039749,0.023699419705423396
2020-10-26,6.9,1.0,0.023530497410194036,0.0,8.696600434628914e-05,0.0008235515832760146,-0.0008324460631960825,-0.02885431574756964,-0.027337557583189228
2020-10-27,6.9,1.0,0.023530497410194036,0.0,0.013382295841393653,0.02442300268945314,0.010414737676610572,0.014976661149268428,0.0220566296497923
2020-10-28,6.9,1.0,0.023530497410194036,0.0,-0.0474187249115438,-0.038319991707740156,-0.04493353448533056,-0.05083671455090593,-0.056716251040848084
2020-10-29,6.9,1.0,0.023530497410194036,0.0,0.036380497381810144,0.015134134911874026,0.011777078527549948,0.010014660577383247,0.047994496662591604
2020-10-30,6.9,1.0,0.023530497410194036,0.0,-0.05764807152193661,-0.055995337191590895,-0.05707106115006527,-0.011051405093533332,-0.06517710693805613
2020-11-02,6.7,0.0,-0.04154900291287251,0.0,-0.0008273611671216222,-0.010485731675678473,0.03163027338080621,-0.0006917078575349038,-0.006673487110391964
2020-11-03,6.7,0.0,-0.04154900291287251,0.0,0.015236844584653747,0.014515652838803237,0.05675891678442002,0.020061369777560584,0.014962418265444163
2020-11-04,6.7,0.0,-0.04154900291287251,0.0,0.040024998204956,0.06131112770815112,-0.0069123197353376745,0.04712129818672809,0.07994403477049093
2020-11-05,6.7,0.0,-0.04154900291287251,0.0,0.03487827990497507,0.024635765802841537,0.03983908014025376,0.03138877129359625,0.02508486867272293
2020-11-06,6.7,0.0,-0.04154900291287251,0.0,-0.0011367689200853341,-0.0032050668056014093,-0.018755444602258167,0.0019239585054401053,-0.004319143790785013
2020-11-09,6.7,0.0,-0.04154900291287251,0.0,-0.020170101180051764,-0.0519488297063862,-0.020418708541599162,-0.024112629781592572,-0.05118396660498269
2020-11-10,6.7,0.0,-0.04154900291287251,0.0,-0.0030132397768273655,-0.03519509049367411,-0.026215382510501505,-0.03437723610738179,-0.02300520079277134
2020-11-11,6.7,0.0,-0.04154900291287251,0.0,0.029901068062408907,0.03317322672809136,0.016363110813065698,0.025916065791186917,0.014756554266024109
2020-11-12,6.7,0.0,-0.04154900291287251,0.0,-0.002346265663315423,-0.008678484699991355,-0.012957330573612593,-0.005139037155019366,-0.005076410339461964
2020-11-13,6.7,0.0,-0.04154900291287251,0.0,0.00041948577191923186,0.005939975842648188,-0.007948653293047676,0.004954134008239887,0.006775126885127247
2020-11-16,6.7,0.0,-0.04154900291287251,0.0,0.008682642153496511,0.0007187867984453675,-0.0010042223136041864,0.003320088042764108,0.007231324786603262
2020-11-17,6.7,0.0,-0.04154900291287251,0.0,-0.007593130804071653,0.001468143007621713,0.07893944622909929,-0.012833334130757882,-0.01429731528541816
2020-11-18,6.7,0.0,-0.04154900291287251,0.0,-0.011456762452170867,-0.009677888280344956,0.09709745318946535,-0.013271497806342824,-0.01107922421789325
2020-11-19,6.7,0.0,-0.04154900291287251,0.0,0.00515480313591195,0.003715583547472407,0.025622441945055478,0.006328125284915185,0.0035601714925107314
2020-11-20,6.7,0.0,-0.04154900291287251,0.0,-0.011017698677287196,-0.0056688516272875725,-0.019537882465358328,-0.00960239294261755,-0.011941914115524435
2020-11-23,6.7,0.0,-0.04154900291287251,0.0,-0.03019408019910867,-0.0003259651773973119,0.06377098448424992,-0.0013316289318758975,-0.004719906440310535
2020-11-24,6.7,0.0,-0.04154900291287251,0.0,0.011527671959330047,0.006328425701275153,0.0622723727366544,0.01769039038263154,0.031138577953991466
2020-11-25,6.7,0.0,-0.04154900291287251,0.0,0.007439281751210698,0.021263218006347694,0.03297682427747412,4.653022506795871e-05,-0.004814501921234584
2020-11-27,6.7,0.0,-0.04154900291287251,0.0,0.004814849657661384,0.003219256968037136,0.02028074420821668,0.006338825051861503,0.008023223660652981
2020-11-30,6.7,0.0,-0.04154900291287251,0.0,0.020879993102106406,-0.008580433078829422,-0.03149318478843732,-0.0054038248842726766,-0.00302814082812904
2020-12-01,6.7,0.0,-0.04335044087361374,0.0,0.030361668144211512,0.0162931356533559,0.029784568093447848,0.009946871184786177,0.03400371463506979
2020-12-02,6.7,0.0,-0.04335044087361374,0.0,0.00292927303361869,-0.00515287341781244,-0.02763741793314288,-0.0038927746899830346,0.003379224711001532
2020-12-03,6.7,0.0,-0.04335044087361374,0.0,-0.0011380678301720353,-0.005257991204430573,0.04227093212295058,-0.005260424556327425,-0.019917204796576188
2020-12-04,6.7,0.0,-0.04335044087361374,0.0,-0.005628338373154918,-0.007607189417695092,0.009493325730045684,0.0005599125990955121,-0.007657563377428032
2020-12-07,6.7,0.0,-0.04335044087361374,0.0,0.012195363014726896,-0.001449259101838023,0.068886056292822,-0.00032657758240523443,0.020804645461956404
2020-12-08,6.7,0.0,-0.04335044087361374,0.0,0.0050780502857568815,0.0060897673194401595,0.012573321033348567,0.007994196517233215,-0.007662870260176498
2020-12-09,6.7,0.0,-0.04335044087361374,0.0,-0.021125391270535365,-0.023272568006966705,-0.07241913725041024,-0.019682080844766008,-0.019525754363378944
2020-12-10,6.7,0.0,-0.04335044087361374,0.0,0.011917512852347208,-0.0008734778193995013,0.03668958724599977,-0.006061608681939041,-0.002882866827460444
2020-12-11,6.7,0.0,-0.04335044087361374,0.0,-0.006757399293854537,0.004802302959357711,-0.027615591895456065,0.012931166580755602,-0.012966440939977359
2020-12-14,6.7,0.0,-0.04335044087361374,0.0,-0.005160113558492695,0.012927776593180737,0.04775997018342951,0.004398135049071688,0.0023371876498535977
2020-12-15,6.7,0.0,-0.04335044087361374,0.0,0.04887619135573392,0.0025782705182143205,-0.010337277993335172,-0.00032674699643010617,0.004947525751641159
2020-12-16,6.7,0.0,-0.04335044087361374,0.0,-0.0005474212790242997,0.023678659082595685,-0.016688013184044656,0.02376601096953099,0.00043556051483903613
2020-12-17,6.7,0.0,-0.04335044087361374,0.0,0.0069392913825827894,-0.001506881775001751,0.05183107739238726,0.0006382652103315305,-0.004326066172918076
2020-12-18,6.7,0.0,-0.04335044087361374,0.0,-0.015977864234636024,-0.010696397444651836,0.05790353852575241,-0.0037896793345819717,0.006970617061079649
2020-12-21,6.7,0.0,-0.04335044087361374,0.0,0.01231916558282411,0.001413904523066775,-0.06715493498509616,0.01813358352032801,-0.013146665078776962
2020-12-22,6.7,0.0,-0.04335044087361374,0.0,0.028067226420180138,0.00010602891458408637,-0.01475762913420309,0.006046676231527404,-0.02111666872230279
2020-12-23,6.7,0.0,-0.04335044087361374,0.0,-0.007000766833137771,-0.006649178948489452,0.00876920991536227,-0.013125010562382527,0.003811535985258544
2020-12-24,6.7,0.0,-0.04335044087361374,0.0,0.007682971548500383,-0.003957235360226408,0.024149533626973363,0.007796678838121514,-0.0026514349033492876
2020-12-28,6.7,0.0,-0.04335044087361374,0.0,0.03514078032546097,0.034470151618254896,0.0028971067347807124,0.009872872988082506,0.035271678909828574
2020-12-29,6.7,0.0,-0.04335044087361374,0.0,-0.01340438535901235,0.011517048584034767,0.0034595328945027123,-0.0036073132923465064,-0.0007944473527213167
2020-12-30,6.7,0.0,-0.04335044087361374,0.0,-0.008562874335798689,-0.01094170357368153,0.04232058232357712,-0.011080583136415821,-0.017899166843327333
2020-12-31,6.7,0.0,-0.04335044087361374,0.0,-0.0077325729356035825,-0.008840331459923346,0.015552413007484785,0.0033325758322004244,0.004733853254469765
2021-01-04,6.4,0.0,0.025001302205417186,0.0,-0.025029927910812832,-0.02182109847190733,0.03358173995604568,-0.021495420592568495,-0.015569597118317634
2021-01-05,6.4,0.0,0.025001302205417186,0.0,0.012287624706100786,0.009954646073317086,0.007290726849836652,0.0009642700157348538,0.00751991094788522
2021-01-06,6.4,0.0,0.025001302205417186,0.0,-0.034240979263736794,-0.025211776834210834,0.027994766442436515,-0.026271519575129257,-0.028675897799304448
2021-01-07,6.4,0.0,0.025001302205417186,0.0,0.03355389353409666,0.007548565530855581,0.07644846869014829,0.028059718178360213,0.0204121151492813
2021-01-08,6.4,0.0,0.025001302205417186,0.0,0.008594190690740898,0.006474509430722278,0.07548123816080572,0.006074366518268406,-0.004363035839861095
2021-01-11,6.4,0.0,0.025001302205417186,0.0,-0.02352315806664065,-0.021754382256951105,-0.08144231364811663,-0.009745986348500586,-0.040928017196298516
2021-01-12,6.4,0.0,0.025001302205417186,0.0,-0.0013964768694060819,0.002123540741920703,0.046075003355075396,-0.011840380278979384,-0.022641894445084527
2021-01-13,6.4,0.0,0.025001302205417186,0.0,0.01609607076260974,0.014335165650269394,0.00583390055163722,0.006538784138799623,0.002188229059597177
2021-01-14,6.4,0.0,0.025001302205417186,0.0,-0.015242406069348308,-0.01220978211670719,-0.011074621019438693,-0.01546514237677689,-0.024132489575333663
2021-01-15,6.4,0.0,0.025001302205417186,0.0,-0.013825973431469893,-0.007452299659631569,-0.02254816438492551,-0.0017385811238779369,0.023019181634580815
2021-01-19,6.4,0.0,0.025001302205417186,0.0,0.005412510491404272,0.005304424924284414,0.022015499815695144,0.017665810762908813,0.03801727322917817
2021-01-20,6.4,0.0,0.025001302205417186,0.0,0.03232779233041955,0.044686981065348005,0.00696170884124915,0.03584937111964019,0.02414120320703599
2021-01-21,6.4,0.0,0.025001302205417186,0.0,0.03600253715110529,0.01327491862890803,-0.006440854103183227,0.002804193535350126,0.019950888063310097
2021-01-22,6.4,0.0,0.025001302205417186,0.0,0.01594591266824002,-0.004473303364494828,0.0019507385857471659,0.004346854328029479,0.005955661960558853
2021-01-25,6.4,0.0,0.025001302205417186,0.0,0.02730776273423164,0.0005374909810066927,0.039555086200732226,0.01571986188690792,0.012705920130012066
2021-01-26,6.4,0.0,0.025001302205417186,0.0,0.001677667337464608,0.009706872588035214,0.002596544878530684,0.012124921358966445,0.01442695407761316
2021-01-27,6.4,0.0,0.025001302205417186,0.0,-0.007713199893155993,-0.028528919404602372,-0.021669174678462418,0.0024505267825586604,-0.035767569941929055
2021-01-28,6.4,0.0,0.025001302205417186,0.0,-0.03561219803075813,0.001557905206109897,-0.033811459334112025,0.025561598203558668,-0.026586955924898355
2021-01-29,6.4,0.0,0.025001302205417186,0.0,-0.03813839455703956,-0.009752051571646207,-0.051455133708131096,-0.029605676806715803,-0.025492023946494524
2021-02-01,6.2,0.0,0.05406722127027558,1.0,0.016384859124908422,0.041746274050055085,0.05668432585298431,0.03261431167297548,0.01414491808022624
2021-02-02,6.2,0.0,0.05406722127027558,1.0,0.006316766330906917,0.011043015400718599,0.03851924269165984,-0.0005840370834870968,0.019165780740349168
2021-02-03,6.2,0.0,0.05406722127027558,1.0,-0.007808791479931002,-0.020163489626646183,-0.020956118951172036,0.014466237236666608,-0.0016113562993262333
2021-02-04,6.2,0.0,0.05406722127027558,1.0,0.025431700961165808,0.00556035766663457,-0.005514295631595512,-0.004082425766440069,-0.0006002110264565859
2021-02-05,6.2,0.0,0.05406722127027558,1.0,-0.0031028684963591417,0.0063293425623789645,0.002631883215661463,0.0007847792944744785,0.006023245694469047
2021-02-08,6.2,0.0,0.05406722127027558,1.0,0.0010963308168738747,-0.008751967758836224,0.013044842106937113,0.0011140606840783177,-0.005685597087217783
2021-02-09,6.2,0.0,0.05406722127027558,1.0,-0.006595625662713801,-0.005413479034808956,-0.016300455142510474,0.005347279756020395,0.010708584327749586
2021-02-10,6.2,0.0,0.05406722127027558,1.0,-0.004568647518228449,-0.005588994815406755,-0.053982110546516617,-0.003904774438144491,0.008940926644205795
2021-02-11,6.2,0.0,0.05406722127027558,1.0,-0.001922458073095436,-0.007467083315264711,0.008462878423046197,0.0068538921942157575,-0.005458419792450996
2021-02-12,6.2,0.0,0.05406722127027558,1.0,0.0017741999322357688,0.004764600739063575,0.005479859012751231,0.002043128825046126,0.0004066899181944581
2021-02-16,6.2,0.0,0.05406722127027558,1.0,-0.016234957686096257,-0.002676197092374675,-0.024685864957400334,-0.005279418052900176,0.012746443887955638
2021-02-17,6.2,0.0,0.05406722127027558,1.0,-0.017801291506980333,0.012068471325383062,0.0024209343993348833,0.0043499057372548035,-0.0014609523166053584
2021-02-18,6.2,0.0,0.05406722127027558,1.0,-0.008673831437809053,0.005903355134450001,-0.01358555824881115,-0.0016801398329612971,-0.015397415038697604
2021-02-19,6.2,0.0,0.05406722127027558,1.0,0.0012326178231031784,-0.023816428691007405,-0.007751801260508434,-0.011634727062495626,-0.029496595881252922
2021-02-22,6.2,0.0,0.05406722127027558,1.0,-0.030251972321520965,-0.02151030634661799,-0.08937612559287707,-0.027174031869103006,-0.004713786296699873
2021-02-23,6.2,0.0,0.05406722127027558,1.0,-0.0011118256850512665,0.004316729031036398,-0.022161184525391956,-0.0053018713270415576,0.021019906727974692
2021-02-24,6.2,0.0,0.05406722127027558,1.0,-0.004060386398174286,-0.011007327640787778,0.059954347975619646,0.0054722218959450345,-0.005847090510993882
2021-02-25,6.2,0.0,0.05406722127027558,1.0,-0.035401819424443835,-0.03293690001850802,-0.08402401628244031,-0.023990599901365976,-0.037075576496255244
2021-02-26,6.2,0.0,0.05406722127027558,1.0,0.002229010633747658,0.011632467716052848,-0.009898985904473094,0.014695849977644487,0.011438491967746992
2021-03-01,6.1,0.0,0.08944506035192677,1.0,0.0524513803250045,0.017057488725899683,0.061615106636751404,0.01943290928587824,0.027904606745301798
2021-03-02,6.1,0.0,0.08944506035192677,1.0,-0.021114957339452355,-0.016540301818484742,-0.04554943930628858,-0.013041616435770339,-0.022561966865838196
2021-03-03,6.1,0.0,0.08944506035192677,1.0,-0.024760684954410115,-0.029358478249911932,-0.04963546753524194,-0.02735152405611172,-0.013958184851736846
2021-03-04,6.1,0.0,0.08944506035192677,1.0,-0.01593831366302574,-0.009170074897274566,-0.04984401019282242,-0.003653964774434491,0.008693383752320854
2021-03-05,6.1,0.0,0.08944506035192677,1.0,0.010681290329309997,0.007658083796422065,-0.038532236280417013,0.021252036878849048,0.025445781109069893
2021-03-08,6.1,0.0,0.08944506035192677,1.0,-0.04256671172547593,-0.016299583149453855,-0.06022747806878096,-0.01834544461842304,-0.03453073449632083
2021-03-09,6.1,0.0,0.08944506035192677,1.0,0.03984512051985666,0.036879873274693574,0.17932714140524914,0.02771416244714957,0.040039885138661135
2021-03-10,6.1,0.0,0.08944506035192677,1.0,-0.009209002308316911,-0.0017024656850275469,-0.008228833280182691,-0.005834509699254294,-0.0031660143479626504
2021-03-11,6.1,0.0,0.08944506035192677,1.0,0.016368050593531944,0.018133028189585527,0.046130766690605556,0.020062197112742392,0.033337609900236376
2021-03-12,6.1,0.0,0.08944506035192677,1.0,-0.0076548152839780986,-0.0077703841773409145,-0.008425900400429927,-0.005836342704309633,-0.020211370594705656
2021-03-15,6.1,0.0,0.08944506035192677,1.0,0.024162645518742077,-0.002531144890792291,0.02027649657712341,-0.003995393891301845,0.019736785195109005
2021-03-16,6.1,0.0,0.08944506035192677,1.0,0.01266240880289874,0.0032979661178309406,-0.04486533694757771,0.012274875686445384,0.019999349598833628
2021-03-17,6.1,0.0,0.08944506035192677,1.0,-0.006471650919096487,0.014089129048404545,0.03616869761350537,-0.002822583046994387,0.01679482591225974
2021-03-18,6.1,0.0,0.08944506035192677,1.0,-0.03449290692309659,-0.03496292546552067,-0.07184055905976201,-0.027024003105137282,-0.01916067887654217
2021-03-19,6.1,0.0,0.08944506035192677,1.0,-0.004490287433351161,0.015392830040768038,0.002614584056873359,-0.001604864265599644,0.040411345028023675
2021-03-22,6.1,0.0,0.08944506035192677,1.0,0.027941439064631583,0.011610547696605156,0.02284097771296026,0.024189414160158903,0.01175384906180808
2021-03-23,6.1,0.0,0.08944506035192677,1.0,-0.006912428343594686,0.008523856571831514,-0.011770465503008509,0.006714899369476326,-0.009962890885732321
2021-03-24,6.1,0.0,0.08944506035192677,1.0,-0.020196125067819974,-0.016203881085462144,-0.04935894253519092,-0.008963256649287448,-0.0296476665002328
2021-03-25,6.1,0.0,0.08944506035192677,1.0,0.004155094717383065,-0.013307791454017294,0.015929083234572167,-0.013339481870707498,-0.01212420552217273
2021-03-26,6.1,0.0,0.08944506035192677,1.0,0.005128180782595464,0.0018923206745425616,-0.034440713289359076,0.017662018895318838,0.01523833608055652
2021-03-29,6.1,0.0,0.08944506035192677,1.0,0.0014838412427962216,0.007735312514846097,-0.012065159218404247,-0.005257385929344497,0.027186921844362843
2021-03-30,6.1,0.0,0.08944506035192677,1.0,-0.012350402306747858,-0.006667777807782873,0.039029424523405194,-0.014515605177819961,-0.009744011606080493
2021-03-31,6.1,0.0,0.08944506035192677,1.0,0.0185917622225746,0.012616087083554913,0.04958242699342897,0.016765995357711623,0.022420285049311033
2021-04-01,6.1,0.0,-0.03815176596437629,0.0,0.006934485289946406,0.021397878158709596,-0.00929552576717066,0.027526237500291196,0.01392492803100508
2021-04-05,6.1,0.0,-0.03815176596437629,0.0,0.023303679443404085,0.020580800847156144,0.043324388497766333,0.02735104832332915,0.03374439330036662
2021-04-06,6.1,0.0,-0.03815176596437629,0.0,0.0024591660910596325,-0.0009022971624071701,0.0008244361718844317,-0.004869895380949137,-0.00861575051218687
2021-04-07,6.1,0.0,-0.03815176596437629,0.0,0.013301657290473048,0.01709045911872312,-0.03031223705748461,0.008196795021869584,0.022056294378633587
2021-04-08,6.1,0.0,-0.03815176596437629,0.0,0.01905070712228512,0.006052887214350471,0.018941076007001657,0.013316507314588853,-0.00022361271785384008
2021-04-09,6.1,0.0,-0.03815176596437629,0.0,0.020049661630831318,0.021855051421528913,-0.009964638245883383,0.010214037552901789,-0.0017907041223666988
2021-04-12,6.1,0.0,-0.03815176596437629,0.0,-0.013321238554549667,0.002129852126864464,0.03620406408291566,0.00023448569718232136,-0.0029485399483017327
2021-04-13,6.1,0.0,-0.03815176596437629,0.0,0.024015445254470632,0.006080225513606812,0.0824615371588125,0.01003115991510135,-0.005730047175694193
2021-04-14,6.1,0.0,-0.03815176596437629,0.0,-0.018014304162989807,-0.019902668921269934,-0.04027179907894094,-0.01128251084805002,-0.022659212722632237
2021-04-15,6.1,0.0,-0.03815176596437629,0.0,0.01853533921531679,0.013733669660684043,0.009000306677510112,0.015182125933417836,0.016376699002211968
2021-04-16,6.1,0.0,-0.03815176596437629,0.0,-0.002531568755526921,0.006004280530908502,0.001257911412789418,0.004766994864216618,-0.005342023469308982
2021-04-19,6.1,0.0,-0.03815176596437629,0.0,0.005055930817413636,-0.008101740463144907,-0.034587909254449344,-0.0076998263060290605,-0.012951896681053603
2021-04-20,6.1,0.0,-0.03815176596437629,0.0,-0.01291311740714765,-0.011129268476364956,0.006082481415169929,-0.0018569348448404439,0.0013556927561726875
2021-04-21,6.1,0.0,-0.03815176596437629,0.0,0.002925803157967762,0.008162267510845943,0.03435484924604316,0.00894311602311588,-0.003906598227826272
2021-04-22,6.1,0.0,-0.03815176596437629,0.0,-0.011754095988708003,-0.015883879438343667,-0.03338171795091616,-0.013172707702825873,-0.016555774035093725
2021-04-23,6.1,0.0,-0.03815176596437629,0.0,0.017877645468741203,0.009576191314045886,0.01340170287553078,0.015357662483149544,0.015427470459439334
2021-04-26,6.1,0.0,-0.03815176596437629,0.0,0.002973629924932588,0.020184691912166108,0.011992516455123612,0.001530520113909125,0.006322586546526544
2021-04-27,6.1,0.0,-0.03815176596437629,0.0,-0.00245286849040425,0.0024698649221989518,-0.046385859854230695,0.001604711490871824,0.0017476380816666699
2021-04-28,6.1,0.0,-0.03815176596437629,0.0,-0.006045220851248895,0.011946146532530181,-0.014780794025162398,-0.028693553066291042,0.011561161291762963
2021-04-29,6.1,0.0,-0.03815176596437629,0.0,-0.0007489774131478817,0.003697092085053035,-0.02537683713134589,-0.008085708079053984,0.07043316581376355
2021-04-30,6.1,0.0,-0.03815176596437629,0.0,-0.015249091921187967,-0.0011212645540177846,0.04680461290993818,-0.0013078327736106615,-0.013535401374261504
2021-05-03,5.8,0.0,0.005540180375615351,0.0,0.008181999682377013,-0.02361686640013657,-0.035203052789871174,-0.001269681728630573,-0.007720315909109138
2021-05-04,5.8,0.0,0.005540180375615351,0.0,-0.03602672834577734,-0.022280927908247625,-0.016636360929421883,-0.016291915875387634,-0.013168134592138978
2021-05-05,5.8,0.0,0.005540180375615351,0.0,0.0019534146525151857,-0.012557955081461925,-0.003956776807325818,-0.005341155830733011,-0.010546597212812394
2021-05-06,5.8,0.0,0.005540180375615351,0.0,0.012721269319397635,0.010895826077640012,-0.011090612633393284,0.013139967860232209,0.015747144154356945
2021-05-07,5.8,0.0,0.005540180375615351,0.0,0.005313026839814748,-0.004474051509126132,0.013219694470214068,0.010872743935249209,-0.0029415345794241102
2021-05-10,5.8,0.0,0.005540180375615351,0.0,-0.026143027349270327,-0.031202294199865952,-0.0666139869184463,-0.021136200527607545,-0.04195484351786605
2021-05-11,5.8,0.0,0.005540180375615351,0.0,-0.00743792457449613,0.010420336143649124,-0.019001672485714396,-0.0038508029773211064,0.0018286523749593028
2021-05-12,5.8,0.0,0.005540180375615351,0.0,-0.025254626320824456,-0.022576744303825176,-0.04525703659502106,-0.029802509318478672,-0.013069262823848932
2021-05-13,5.8,0.0,0.005540180375615351,0.0,0.017760901562628592,0.0030189822880309276,-0.03133918628539079,0.01672116746240158,0.00891753850631054
2021-05-14,5.8,0.0,0.005540180375615351,0.0,0.019650333643274787,0.019244482527551766,0.031084853734470938,0.020848647479502387,0.03438822357750377
2021-05-17,5.8,0.0,0.005540180375615351,0.0,-0.009301724587273463,0.01462764646007257,-0.02213414578006038,-0.012040646490262263,-0.0015203171773386563
2021-05-18,5.8,0.0,0.005540180375615351,0.0,-0.011309330826640982,-0.011721487581113643,0.0018013224952045325,-0.00860212159764321,-0.01758876332567293
2021-05-19,5.8,0.0,0.005540180375615351,0.0,-0.0012822951857977842,-0.00014852585753418506,-0.025252562795766022,0.0024710453261924652,0.011643178070438277
2021-05-20,5.8,0.0,0.005540180375615351,0.0,0.020794508844466698,0.004901676923524499,0.040553601408475165,0.013725567369496634,0.01588143111254732
2021-05-21,5.8,0.0,0.005540180375615351,0.0,-0.014877355888147266,-0.013828021471269424,-0.010105809239520404,-0.005328940216030022,-0.007497832776519016
2021-05-24,5.8,0.0,0.005540180375615351,0.0,0.013226364096843574,0.0129993563234214,0.04306162202970284,0.022624139631782187,0.026216180104087602
2021-05-25,5.8,0.0,0.005540180375615351,0.0,-0.0015748320578226373,0.004323491452926749,-0.002889839951081735,0.0037415508034591605,0.009687122781875284
2021-05-26,5.8,0.0,0.005540180375615351,0.0,-0.0003940187062109987,0.0018730010825371592,0.023599290742317446,-0.0009142717383641307,-0.0003966110362036487
2021-05-27,5.8,0.0,0.005540180375615351,0.0,-0.012453965055649276,-0.010792589148289969,0.018752900206065234,-0.008706226651991104,0.015414930620309405
2021-05-28,5.8,0.0,0.005540180375615351,0.0,-0.005362434553279942,-0.002181807353604432,-0.008964584890580543,0.0014830576540140732,-0.01215455465700135
2021-06-01,5.9,0.0,-0.051002554452372804,1.0,-0.0026517950650167274,-0.0013723560569097765,-0.002113500469111133,-0.009173453358203748,0.001215863941623936
2021-06-02,5.9,0.0,-0.051002554452372804,1.0,0.0062565440300299145,0.004754641593085972,-0.030563287475861584,-0.00040438384515987754,6.074039175305343e-05
2021-06-03,5.9,0.0,-0.051002554452372804,1.0,-0.01222867693902833,-0.014633490299348802,-0.05482031154624074,-0.006450224795506666,-0.009493502862942964
2021-06-04,5.9,0.0,-0.051002554452372804,1.0,0.018843500376261046,0.0060095641643640885,0.04473860632554917,0.02046389349788028,0.01313268094270251
2021-06-07,5.9,0.0,-0.051002554452372804,1.0,7.951664082632605e-05,-0.0025639767739557943,0.010098272085864791,0.011970274633067341,0.018683063905251093
2021-06-08,5.9,0.0,-0.051002554452372804,1.0,0.00664963846207246,0.02045844509486988,-0.0025481655598922595,-0.004897679748398523,-0.008653295042342104
2021-06-09,5.9,0.0,-0.051002554452372804,1.0,0.003072413858458229,0.005206770515708458,-0.008000903407653626,0.004030440600274477,-0.010332590469775244
2021-06-10,5.9,0.0,-0.051002554452372804,1.0,-0.008055523736572532,0.020661910893956897,0.018761400839628444,0.014290549311636017,0.006669663554717571
2021-06-11,5.9,0.0,-0.051002554452372804,1.0,0.00978473767365727,-0.0008421810689315857,-0.00037708912038201647,0.0025237876116253033,-0.003616039802492713
2021-06-14,5.9,0.0,-0.051002554452372804,1.0,0.02428050313136356,0.011006334685231454,0.012708130416930218,0.007725242539796346,0.01649674652997926
2021-06-15,5.9,0.0,-0.051002554452372804,1.0,-0.006458420939680952,-0.00021872359760794925,-0.03012429716067012,-0.005904634492838616,-5.936598951609787e-05
2021-06-16,5.9,0.0,-0.051002554452372804,1.0,0.003926074709642243,0.009449397061352359,0.009151155788618984,-0.0038001353176725346,-0.016980878903750326
2021-06-17,5.9,0.0,-0.051002554452372804,1.0,0.012522070085182203,0.02143330072900694,0.0192069740346885,0.013583702567887105,0.016267846395934683
2021-06-18,5.9,0.0,-0.051002554452372804,1.0,-0.010142880616967404,-0.000670883305820527,0.010823457790850165,-0.005650446574417121,-0.020565947116571247
2021-06-21,5.9,0.0,-0.051002554452372804,1.0,0.014005385353057146,-0.009491708765252797,-0.003986737073227676,0.0122592201327247,0.00794618556453728
2021-06-22,5.9,0.0,-0.051002554452372804,1.0,0.012618388292361707,0.014794678093753032,0.004628256702323586,0.010906325695062983,0.02008054907793402
2021-06-23,5.9,0.0,-0.051002554452372804,1.0,-0.0020918433544730663,-0.00046229652298874693,0.051343820984031875,-0.0009044059850980228,0.004590623015769841
2021-06-24,5.9,0.0,-0.051002554452372804,1.0,-0.0021714389756147994,-0.015746270765313524,0.03479874196476401,0.005338852549985081,0.007575836746052339
2021-06-25,5.9,0.0,-0.051002554452372804,1.0,-0.0022514269461736793,-0.013902758645549816,-0.011763228305736152,-0.006281992691068469,-0.005288133514379061
2021-06-28,5.9,0.0,-0.051002554452372804,1.0,0.01246810214396027,0.012396928694551673,0.02476994196174637,0.013864990159411818,0.0409521825673535
2021-06-29,5.9,0.0,-0.051002554452372804,1.0,0.011434703669838156,0.0012332733462509843,-0.011624991064809973,0.009923816258654447,-0.01060033639414409
2021-06-30,5.9,0.0,-0.051002554452372804,1.0,0.0046103525031582545,-0.0023169853895690052,-0.0015582931945795787,-0.0018441542299581831,-0.011950114061718522
2021-07-01,5.4,1.0,-0.05989814158106884,1.0,0.0022609664287560442,-0.002092189192267082,-0.00262225819371756,0.002580630559145739,0.019029388695129976
2021-07-02,5.4,1.0,-0.05989814158106884,1.0,0.019406899086428592,0.02246941064938596,0.001444593124038416,0.022030886777304217,0.0008744480604181657
2021-07-06,5.4,1.0,-0.05989814158106884,1.0,0.014611162424533359,0.04585930904650017,-0.028870583198134143,3.6419809081834026e-05,-0.00542792962522659
2021-07-07,5.4,1.0,-0.05989814158106884,1.0,0.017795881232490852,0.0056535525885647525,-0.02289574720602526,0.008141832665549,-0.006512507101104729
2021-07-08,5.4,1.0,-0.05989814158106884,1.0,-0.00924225460388622,0.009378115281815287,0.01257859403128338,-0.009006760482992489,-0.013905454264288715
2021-07-09,5.4,1.0,-0.05989814158106884,1.0,0.012970519158808798,-0.0032399471675578434,0.006321812249024031,0.0018725889540544944,0.013705792898077735
2021-07-12,5.4,1.0,-0.05989814158106884,1.0,-0.004212609511136318,-0.00021237069203446337,0.042832279170544656,-0.002233148677340829,0.007788757340313996
2021-07-13,5.4,1.0,-0.05989814158106884,1.0,0.00785845305208068,-0.011138754050319735,-0.02534398967789286,0.013111387423906058,-0.003034496035140893
2021-07-14,5.4,1.0,-0.05989814158106884,1.0,0.023814423284477873,0.0011740849089997769,-0.02293732311171139,0.0054304070941361485,-0.012748100731830948
2021-07-15,5.4,1.0,-0.05989814158106884,1.0,-0.00450197946491061,-0.013806009042966375,-0.004263873629526309,-0.005252629004064925,-0.009160655997257815
2021-07-16,5.4,1.0,-0.05989814158106884,1.0,-0.014175974831901375,-0.015981254351190455,-0.009854715165981626,-0.000996236459854129,-0.009626359985386164
2021-07-19,5.4,1.0,-0.05989814158106884,1.0,-0.027283287541649243,-0.006749758546577603,0.003099673103658058,-0.013411433685794883,-0.01241701270878433
2021-07-20,5.4,1.0,-0.05989814158106884,1.0,0.025642327677127607,0.006626609097477396,0.021857165705963834,0.008304430569523473,0.013881579263410701
2021-07-21,5.4,1.0,-0.05989814158106884,1.0,-0.005144711060604474,0.0033554749445127334,-0.007919294852611359,0.007419239921647422,0.013287136049738342
2021-07-22,5.4,1.0,-0.05989814158106884,1.0,0.009582349838536515,0.014628121323517897,-0.00924460786068585,0.016704010485941872,0.01422402655284476
2021-07-23,5.4,1.0,-0.05989814158106884,1.0,0.011917890444360433,0.005102345801164877,-0.009097683584931696,0.012260909287091575,0.05160796641083095
2021-07-26,5.4,1.0,-0.05989814158106884,1.0,0.0028901699483775568,0.011739458318775495,0.02189168871378688,-0.0021424020946687952,0.0071944282694880015
2021-07-27,5.4,1.0,-0.05989814158106884,1.0,-0.015012394015223992,-0.02004647134574264,-0.019718078031379437,-0.008721559338568528,-0.012563166693646361
2021-07-28,5.4,1.0,-0.05989814158106884,1.0,-0.01227097744892902,0.0010831503488784933,0.0034062276545409947,-0.001117602103337777,0.01476219829550508
2021-07-29,5.4,1.0,-0.05989814158106884,1.0,0.004542163170338614,-0.008409199103878962,0.04587275846182932,0.00097787300996511,-0.04090225562870105
2021-07-30,5.4,1.0,-0.05989814158106884,1.0,0.0015094454350094702,-0.07866330887549154,0.014437208664382839,-0.0055649417513620215,-0.005653458063239963
2021-08-02,5.1,1.0,0.0,0.0,-0.002333760206897567,0.0011683541547145397,0.03217472594711166,-0.00031624489316813925,-0.012283872476319622
2021-08-03,5.1,1.0,0.0,0.0,0.012565073278794183,0.010379692962522098,9.862134908657855e-05,0.008042747703340297,-0.0020194458834275186
2021-08-04,5.1,1.0,0.0,0.0,-0.002786248729390337,-0.003428109147843768,0.001661168327351945,-0.002126488219956652,0.021629795740150396
2021-08-05,5.1,1.0,0.0,0.0,0.0007484923882949618,0.006320347457217287,0.005205072568156722,0.010450993472469014,0.01122082786904104
2021-08-06,5.1,1.0,0.0,0.0,-0.0047788190783191395,-0.009239891315900388,-0.021971130346089583,-0.00020749824472609336,0.001486625368528108
2021-08-09,5.1,1.0,0.0,0.0,-0.0003421050469148775,-0.0009181548153357011,0.02075293960905606,-0.003911406217751474,-0.005240742045873679
2021-08-10,5.1,1.0,0.0,0.0,-0.0033597608214505008,-0.006361004973165342,-0.005295892009324611,-0.006576403550469325,-0.0013283494033254847
2021-08-11,5.1,1.0,0.0,0.0,0.001784225510714689,-0.008640868502137664,-0.003061037245157465,0.0017786565077171506,-0.003245001619712358
2021-08-12,5.1,1.0,0.0,0.0,0.02056078614326621,0.0034538388189029033,0.020181504916966016,0.009917618194525904,0.007445388262065186
2021-08-13,5.1,1.0,0.0,0.0,0.001409214467502754,-0.0028889970825907705,-0.0070584091033222005,0.010435005620609717,0.0014603283176286897
2021-08-16,5.1,1.0,0.0,0.0,0.01345672707522538,0.0015227871766333222,-0.04418754471286682,0.005957987913216647,0.009263601572887501
2021-08-17,5.1,1.0,0.0,0.0,-0.006172580513827686,-0.017438191452478862,-0.03027123516946714,-0.005173007567968539,-0.022372931046145076
2021-08-18,5.1,1.0,0.0,0.0,-0.02583180043645436,-0.012646113476257194,0.03437259258571844,-0.006137875340584458,-0.008404711278933604
2021-08-19,5.1,1.0,0.0,0.0,0.0023198970824903,-0.004216696494284563,-0.022783267048393844,0.02056236446856552,-0.000928724291583762
2021-08-20,5.1,1.0,0.0,0.0,0.010105781950501398,0.0038198497898503034,0.010031571629142592,0.025253651561845995,0.0118965971042981
2021-08-23,5.1,1.0,0.0,0.0,0.010204946525845795,0.02039103748353467,0.03756503320848795,0.0009525542936914729,0.011014299465295705
2021-08-24,5.1,1.0,0.0,0.0,-0.0006015586817029311,0.012146253464241655,0.0030958501857263057,-0.006685650202118809,0.005927015940711965
2021-08-25,5.1,1.0,0.0,0.0,-0.008456774562575382,-0.0019985098458953207,0.0038177489873267093,-0.0020179103283477916,0.007848351256048615
2021-08-26,5.1,1.0,0.0,0.0,-0.005542406899539578,0.005085305152845157,-0.014217568331421088,-0.009715807550718812,-0.010944750355303866
2021-08-27,5.1,1.0,0.0,0.0,0.007158734493586108,0.010090674197310714,0.015229452832627683,0.0021046243339718756,0.022388684977344843
2021-08-30,5.1,1.0,0.0,0.0,0.029963559852134638,0.021249618004886027,0.026324794631827943,0.01282916932235005,0.021320679137417673
2021-08-31,5.1,1.0,0.0,0.0,-0.008460311026577972,0.014282714711431693,0.0065592749200010505,-0.005648319870025042,-0.0033682907534386903
2021-09-01,4.7,1.0,-0.0030911925696729694,0.0,0.004468653164491605,0.0023626160329893353,-0.002217981262751364,-0.00016581305924649446,0.007013122197554049
2021-09-02,4.7,1.0,-0.0030911925696729694,0.0,0.007447137410705467,-0.004574927931495782,-0.00231847373209337,-0.002255557182055755,-0.01787907266463895
2021-09-03,4.7,1.0,-0.0030911925696729694,0.0,0.00422156362081987,0.004301820154126882,0.0016098361025145228,-3.309325267874542e-05,0.0026079307223747807
2021-09-07,4.7,1.0,-0.0030911925696729694,0.0,0.015370355492927855,0.008941925919554996,0.026035942688487673,-0.0031929524870141957,0.01561121915071397
2021-09-08,4.7,1.0,-0.0030911925696729694,0.0,-0.010134614218779408,0.004608538783881409,0.0012609548743898497,9.980539014482992e-05,-0.012135699452493027
2021-09-09,4.7,1.0,-0.0030911925696729694,0.0,-0.006727484124569959,-0.011795296134862758,0.001312369553312357,-0.00990844621726978,0.0011383335204362324
2021-09-10,4.7,1.0,-0.0030911925696729694,0.0,-0.033661997850834284,-0.004317307606338972,-0.024935356375548032,-0.0051945460505851875,0.001823662036180277
2021-09-13,4.7,1.0,-0.0030911925696729694,0.0,0.0038858734319199887,-0.0034592661286029646,0.009099139444443169,0.004319367838607141,-0.005773155816698338
2021-09-14,4.7,1.0,-0.0030911925696729694,0.0,-0.009608324265183621,-0.0020761346389200496,0.002003341828722264,0.009383747790093277,5.301533283911055e-05
2021-09-15,4.7,1.0,-0.0030911925696729694,0.0,0.006125069982183126,0.007447589064120205,0.015117058319369688,0.016639109712012927,-0.006955891034473277
2021-09-16,4.7,1.0,-0.0030911925696729694,0.0,-0.0016117652777009077,0.003575505609499879,0.0015335851645735571,0.001311283866145988,-0.0023026015659050993
2021-09-17,4.7,1.0,-0.0030911925696729694,0.0,-0.01851880919249918,-0.007400637151307249,0.0032970919669145526,-0.017683533760280746,-0.022609394681984515
2021-09-20,4.7,1.0,-0.0030911925696729694,0.0,-0.02159195117083329,-0.03132736193754281,-0.03936976129858423,-0.018749388438002956,-0.025042089171486755
2021-09-21,4.7,1.0,-0.0030911925696729694,0.0,0.003421957389909337,-0.0036122637458179565,0.012534643183807646,0.0016976371368339442,0.004991661045665174
2021-09-22,4.7,1.0,-0.0030911925696729694,0.0,0.016731748641554498,0.010833453848678572,0.01684451236014587,0.012740685661324223,-0.04073687016050808
2021-09-23,4.7,1.0,-0.0030911925696729694,0.0,0.00669670286140423,0.010579777062858911,0.002258262820491851,0.0032767855786354928,0.007980624754893521
2021-09-24,4.7,1.0,-0.0030911925696729694,0.0,0.0006125600539751269,0.0027829969154169873,0.027160841972020323,-0.0007015300563284133,0.020031487587209476
2021-09-27,4.7,1.0,-0.0030911925696729694,0.0,-0.010605851235282921,-0.005773469524888403,0.021677401377557137,-0.017455511973429982,0.0017550346596299216
2021-09-28,4.7,1.0,-0.0030911925696729694,0.0,-0.024088983876950475,-0.026732621677354657,-0.017592195347548873,-0.03687523846883914,-0.037254192326897605
2021-09-29,4.7,1.0,-0.0030911925696729694,0.0,0.00646152131758849,-0.004485396155336227,0.0048111864344248965,0.0016916132517703572,-0.0030577139528325478
2021-09-30,4.7,1.0,-0.0030911925696729694,0.0,-0.00935512333821395,-0.004882981617736262,-0.0074897880450971975,-0.007350930550902911,-0.0006478461742817133
2021-10-01,4.5,0.0,0.03647820860240988,0.0,0.008094403205189431,-0.0005420246980202862,-0.00033534501293734615,0.025149729442751557,0.010609663580209382
2021-10-04,4.5,0.0,0.03647820860240988,0.0,-0.024913404858094918,-0.02888485808454832,0.008106673348889567,-0.02093755457044103,-0.05015697202058238
2021-10-05,4.5,0.0,0.03647820860240988,0.0,0.014059018252096961,0.009739950346903852,-0.0012035741082394261,0.019760751394254858,0.020419752852586924
2021-10-06,4.5,0.0,0.03647820860240988,0.0,0.006287376038941217,0.012651646071788683,0.002763320999873195,0.014951762715719775,0.0020403206033881307
2021-10-07,4.5,0.0,0.03647820860240988,0.0,0.009043556285554864,0.012315060502089633,0.01377889392912291,0.00591888142436258,-0.013336454852050563
2021-10-08,4.5,0.0,0.03647820860240988,0.0,-0.0027256766929375604,-0.004190573462060326,-0.010284539562274665,0.0,0.002517875225738617
2021-10-11,4.5,0.0,0.03647820860240988,0.0,-0.0006297977699577078,-0.012952121105274618,0.008177997401230774,-0.002104904824298817,-0.014035210767807274
2021-10-12,4.5,0.0,0.03647820860240988,0.0,-0.00914489068934186,0.0003172241904451794,0.01725061613832015,-0.004599110061081697,-0.00517558553099152
2021-10-13,4.5,0.0,0.03647820860240988,0.0,-0.004248750054450806,0.011314351840536129,0.006630349593761303,0.011643464156136095,0.00237541759170636
2021-10-14,4.5,0.0,0.03647820860240988,0.0,0.020023567749190105,0.004732543058962018,0.008886865672994949,0.02150122107080612,0.012219429134938958
2021-10-15,4.5,0.0,0.03647820860240988,0.0,0.007484635734737705,0.03254486320029431,0.02974907491710917,0.0048107636148542856,-0.011541665267344273
2021-10-18,4.5,0.0,0.03647820860240988,0.0,0.011736793665415472,0.01100400576947037,0.03161711443997285,0.010073753639566332,0.032058215201031276
2021-10-19,4.5,0.0,0.03647820860240988,0.0,0.014967678573238836,-0.0007517249304827118,-0.006734486474692475,0.0030543207616395033,0.013771375907204272
2021-10-20,4.5,0.0,0.03647820860240988,0.0,0.0033553229325773144,-0.00848206698962188,0.0017687488821671587,-0.002664083140806744,0.0023207982089324766
2021-10-21,4.5,0.0,0.03647820860240988,0.0,0.0014728582663692848,0.005824760045406363,0.03205181901693134,0.010838726270556598,0.0032228583012181666
2021-10-22,4.5,0.0,0.03647820860240988,0.0,-0.005298807179061258,-0.029382296136388146,0.017387072543931938,-0.005162062945303209,-0.05183533535564046
2021-10-25,4.5,0.0,0.03647820860240988,0.0,-0.00033634213892863867,-0.004561377086082202,0.11921843486746743,-0.003337297158045877,0.01249064702912761
2021-10-26,4.5,0.0,0.03647820860240988,0.0,0.00456454695671045,0.016636110939323188,-0.0062938149592970775,0.006405513537633717,-0.03997423201794038
2021-10-27,4.5,0.0,0.03647820860240988,0.0,-0.0031528585664310368,0.004851848967382222,0.018898727534898532,0.04125127538085338,-0.011432880288383636
2021-10-28,4.5,0.0,0.03647820860240988,0.0,0.024684562713024084,0.01581542696620515,0.03705562944417333,0.003644884760022511,0.014941657011998566
2021-10-29,4.5,0.0,0.03647820860240988,0.0,-0.01832259910510966,-0.021745984346714802,0.03374062327713504,0.02216647218561676,0.020765760434254037
2021-11-01,4.1,1.0,-0.021116923440922808,0.0,-0.00562318243512813,-0.01623822909338356,0.08149724419582528,-0.006808094855739001,0.019616722714314208
2021-11-02,4.1,1.0,-0.021116923440922808,0.0,0.007090943545888487,-0.0016167159617979095,-0.03074274797958024,0.011351317111586023,-0.005774806331600021
2021-11-03,4.1,1.0,-0.021116923440922808,0.0,0.00975096947147723,0.021279781969291613,0.03509368755165895,0.0026081347991603536,0.01073248670732454
2021-11-04,4.1,1.0,-0.021116923440922808,0.0,-0.0035047317870068565,0.02711146442608225,0.01313564628546233,0.007278794790127861,0.012674952528650018
2021-11-05,4.1,1.0,-0.021116923440922808,0.0,0.003575716497672751,0.012004091021206855,-0.006378469186125081,-0.0011302185788721777,0.015598833255321862
2021-11-08,4.1,1.0,-0.021116923440922808,0.0,-0.005567764307200426,-0.008564519878774466,-0.04961124617557869,0.0027636336162013063,-0.007385077590309461
2021-11-09,4.1,1.0,-0.021116923440922808,0.0,0.0024562195373818807,0.024699674045048896,-0.12772318728902374,-0.0030909313091238622,-0.009644155005644913
2021-11-10,4.1,1.0,-0.021116923440922808,0.0,-0.01934923067656035,-0.026687971077505174,0.04251283809069096,-0.015448485526775434,-0.02331873329241123
2021-11-11,4.1,1.0,-0.021116923440922808,0.0,-0.00033791716918588565,-0.0027463665972794556,-0.0041661953768667185,0.004915415872972287,0.0003049519231591202
2021-11-12,4.1,1.0,-0.021116923440922808,0.0,0.014235188178378296,0.015048234458080111,-0.028701065279561472,0.012822566893945654,0.03933932015714767
2021-11-15,4.1,1.0,-0.021116923440922808,0.0,6.659560363269688e-05,0.005806911669058077,-0.01957254315692035,-0.001932261642870064,0.019377311653296585
2021-11-16,4.1,1.0,-0.021116923440922808,0.0,0.006644498617087314,-0.001405473377029005,0.03998366090579434,0.010183932979660656,-0.013323299440301434
2021-11-17,4.1,1.0,-0.021116923440922808,0.0,0.016355545374727738,0.0023413880700420314,0.031984216103858806,0.0006784566362947512,-0.006405954641013022
2021-11-18,4.1,1.0,-0.021116923440922808,0.0,0.02813654596156426,0.040601497259703,0.006744812791821567,0.006319724968552755,-0.006122823037333498
2021-11-19,4.1,1.0,-0.021116923440922808,0.0,0.016833439141533374,-0.005287066211290259,0.03643213445735007,0.005377240300343233,0.019328462763697447
2021-11-22,4.1,1.0,-0.021116923440922808,0.0,0.0029231508756548522,-0.02869509488188082,0.017272096909531555,-0.009605619678602188,-0.01250178849619603
2021-11-23,4.1,1.0,-0.021116923440922808,0.0,0.0024192794655807904,0.002088774763957146,-0.04223229344871564,-0.006346682713393315,-0.011087276427025113
2021-11-24,4.1,1.0,-0.021116923440922808,0.0,0.003278152903323073,0.00010331000315118602,0.006265105659810634,0.0006807931582650856,0.011233921157971154
2021-11-26,4.1,1.0,-0.021116923440922808,0.0,-0.032191184853549534,-0.021412317856405228,-0.031013582803841335,-0.024657148363123414,-0.02355571399725249
2021-11-29,4.1,1.0,-0.021116923440922808,0.0,0.021638050710616058,0.016136535670027943,0.04964715675134432,0.02086181823379027,0.014631944107521354
2021-11-30,4.1,1.0,-0.021116923440922808,0.0,0.031088899416124173,-0.015420562086679022,0.006810578672784683,-0.018105303260251362,-0.040972342650165236
2021-12-01,3.9,0.0,0.0060790460763821925,0.0,-0.003211034036465634,-0.018228623739821467,-0.044440653310942796,-0.0015439598777742898,-0.04365652794092394
2021-12-02,3.9,0.0,0.0060790460763821925,0.0,-0.006148703080013423,-0.001848596514633391,-0.009543130353379798,-0.00178890443092782,-0.0006762701508649728
2021-12-03,3.9,0.0,0.0060790460763821925,0.0,-0.011794016753714028,-0.013935728778151546,-0.0663521763056877,-0.01986277670499851,-0.011503068600637384
2021-12-06,3.9,0.0,0.0060790460763821925,0.0,0.02127517220645606,0.011025217696555534,-0.005889394805839068,0.009796721658232813,0.035316170101778496
2021-12-07,3.9,0.0,0.0060790460763821925,0.0,0.03483248634622407,0.027602038798318594,0.04148581070093519,0.026411748793108147,0.015421370055604549
2021-12-08,3.9,0.0,0.0060790460763821925,0.0,0.022527498262742654,-3.689939734869626e-05,0.016230761245708623,0.0001491591122360598,0.02372420995775784
2021-12-09,3.9,0.0,0.0060790460763821925,0.0,-0.0029746132744334626,-0.011343741238858878,-0.06289341727027524,-0.005598144643966516,-0.0022411801374226724
2021-12-10,3.9,0.0,0.0060790460763821925,0.0,0.027628150531476717,-0.011311296797986634,0.013093827482800639,0.0279455645617721,-0.00021226884133533798
2021-12-13,3.9,0.0,0.0060790460763821925,0.0,-0.020891051330022836,-0.015475202151186945,-0.051053775924629424,-0.009208929050983953,0.014272106309755839
2021-12-14,3.9,0.0,0.0060790460763821925,0.0,-0.008055548872234499,-0.002811076756339546,-0.008208173270999982,-0.03312969418255013,-0.002244678119183758
2021-12-15,3.9,0.0,0.0060790460763821925,0.0,0.028110325261757343,0.024670732493370397,0.018072325435531507,0.01903532937817751,0.023453951269254723
2021-12-16,3.9,0.0,0.0060790460763821925,0.0,-0.04005525560414881,-0.02597563931621664,-0.051585055672323236,-0.029567518314847375,-0.019984210014919485
2021-12-17,3.9,0.0,0.0060790460763821925,0.0,-0.006523129936464289,0.006766260845510533,0.006076947341899706,-0.0033916253273602774,-0.0033198101859456463
2021-12-20,3.9,0.0,0.0060790460763821925,0.0,-0.008155178248569497,-0.01743466066061881,-0.03561605979548491,-0.012086278480504113,-0.025303190122180963
2021-12-21,3.9,0.0,0.0060790460763821925,0.0,0.018907006336962306,0.01978169533389277,0.04198665654283043,0.022807010782238752,0.02653082056818911
2021-12-22,3.9,0.0,0.0060790460763821925,0.0,0.015202689303015094,0.003631503982249459,0.07227140942458773,0.017896351454295877,-0.011284140030037387
2021-12-23,3.9,0.0,0.0060790460763821925,0.0,0.0036370991870149348,0.00018411946479317587,0.05602002567418564,0.004461617772049985,0.014390999203121325
2021-12-27,3.9,0.0,0.0060790460763821925,0.0,0.022715020730837233,-0.008211646321395375,0.02493491640225287,0.02292103859691762,0.032112300638505085
2021-12-28,3.9,0.0,0.0060790460763821925,0.0,-0.005784051519460305,0.005826710732445391,-0.0050128185500081576,-0.0035102012441171012,0.00011549446168033664
2021-12-29,3.9,0.0,0.0060790460763821925,0.0,0.0005018246732028639,-0.008591725101779567,-0.002096907250306926,0.0020489369332952418,-0.009518891362928257
2021-12-30,3.9,0.0,0.0060790460763821925,0.0,-0.006599937245125851,-0.003294427727342962,-0.014699782732613053,-0.00772096521857118,0.004132004839851365
2021-12-31,3.9,0.0,0.0060790460763821925,0.0,-0.00354176136384818,-0.011495217795266778,-0.012749774874751605,-0.008880287054783277,-0.023535158897375737
2022-01-03,4.0,0.0,0.08144033194017448,1.0,0.02469685092051671,0.021877258953900566,0.1269116289226746,-0.00467925930067517,0.006489954716809191
2022-01-04,4.0,0.0,0.08144033194017448,1.0,-0.012772778781601907,-0.017060289689663746,-0.04273287830059682,-0.01729563043065571,-0.0059549697799830496
2022-01-05,4.0,0.0,0.08144033194017448,1.0,-0.02696001178119737,-0.019073846316683307,-0.054953895352910696,-0.03914428469970884,-0.03741942585320168
2022-01-06,4.0,0.0,0.08144033194017448,1.0,-0.016834372658904983,-0.006733601858714689,-0.021758379841487693,-0.007932975886896674,0.025251617895096713
2022-01-07,4.0,0.0,0.08144033194017448,1.0,0.0009877959355403681,-0.004296997177475961,-0.03609004895021842,0.0005094746603173428,-0.002017349289488194
2022-01-10,4.0,0.0,0.08144033194017448,1.0,0.00011630178995046592,-0.006591854785116594,0.029890740749494566,0.0007320224854777403,-0.011275161651955004
2022-01-11,4.0,0.0,0.08144033194017448,1.0,0.016644625945738126,0.023718602439306714,0.005917481776156395,0.0022568282683062416,0.019021164094518497
2022-01-12,4.0,0.0,0.08144033194017448,1.0,0.0025668055360389347,-0.0009377696670975312,0.03853754612843837,0.010390786050484435,-0.0033251731195466584
2022-01-13,4.0,0.0,0.08144033194017448,1.0,-0.01921143148177712,-0.024466534551061184,-0.06987655465675016,-0.04324424406001334,-0.020554258424882996
2022-01-14,4.0,0.0,0.08144033194017448,1.0,0.005097801569419164,0.005715124523055335,0.017346435457551865,0.01756152624452723,0.016464778128727466
2022-01-18,4.0,0.0,0.08144033194017448,1.0,-0.01907501758023853,-0.02006265472349509,-0.018364847454341894,-0.02464052041690088,-0.04231058556808177
2022-01-19,4.0,0.0,0.08144033194017448,1.0,-0.021248863478767425,-0.016614359071245203,-0.03441330009854252,0.002244161020526432,0.004516001574932705
2022-01-20,4.0,0.0,0.08144033194017448,1.0,-0.010401095114465133,-0.030080217077818206,0.000622510083264904,-0.005719290564664398,-0.009526034230927917
2022-01-21,4.0,0.0,0.08144033194017448,1.0,-0.012847367532315735,-0.06134555364691525,-0.0539980722931419,-0.01864114368178964,-0.04321917425844074
2022-01-24,4.0,0.0,0.08144033194017448,1.0,-0.0048760403263269445,0.01323896043083007,-0.014835635717323473,0.0011480696494449744,0.01810849802576203
2022-01-25,4.0,0.0,0.08144033194017448,1.0,-0.011449877314978896,-0.03204163984338447,-0.012551567227813773,-0.026948284726064246,-0.02811987007436291
2022-01-26,4.0,0.0,0.08144033194017448,1.0,-0.0005634977971946114,-0.007986135126473034,0.02048773822340817,0.0280950378229389,-0.018562229764176402
2022-01-27,4.0,0.0,0.08144033194017448,1.0,-0.0029475321742018744,0.005493528624727967,-0.12277997465910719,0.010493550560207794,3.413566232838875e-05
2022-01-28,4.0,0.0,0.08144033194017448,1.0,0.06745051871134494,0.030610731040560255,0.02059221036289143,0.02769449283821218,0.023711927798577805
2022-01-31,4.0,0.0,0.08144033194017448,1.0,0.025790368498016483,0.038127433338896885,0.10145138741776683,0.008785191504597984,0.03756737704365974
2022-02-01,3.9,0.0,0.10340329428649019,1.0,-0.0009730379226381082,0.01077253018259915,-0.005856643341232021,-0.007164251130782799,0.01815741192729292
2022-02-02,3.9,0.0,0.10340329428649019,1.0,0.00701943165201778,-0.0038501180924552735,-0.02786380690498853,0.015107442985549443,0.012461371779873427
2022-02-03,3.9,0.0,0.10340329428649019,1.0,-0.016860916777551076,-0.08134849507057183,-0.016162405874435497,-0.03973148669056136,-0.3063906935702217
2022-02-04,3.9,0.0,0.10340329428649019,1.0,-0.001680810234534785,0.1269489157684572,0.035474386816493036,0.015448548697725674,-0.002821931152646693
2022-02-07,3.9,0.0,0.10340329428649019,1.0,-0.004243575895993261,0.001875974577811346,-0.017458706575610557,-0.016444626493924478,-0.052739348894181484
2022-02-08,3.9,0.0,0.10340329428649019,1.0,0.018298564375596328,0.02178265381683596,0.016028052271245364,0.011923937805515534,-0.021254953602017235
2022-02-09,3.9,0.0,0.10340329428649019,1.0,0.008259345855311516,-0.0013886979453967615,0.010787525285489406,0.021599861283802264,0.05229191471172291
2022-02-10,3.9,0.0,0.10340329428649019,1.0,-0.023881682847423803,-0.013654506185153747,-0.0298952129692807,-0.02878366583183027,-0.017084634393047114
2022-02-11,3.9,0.0,0.10340329428649019,1.0,-0.020425720508045055,-0.03657177570139793,-0.050505215210130634,-0.02457362145528018,-0.0380727329439498
2022-02-14,3.9,0.0,0.10340329428649019,1.0,0.0014220927366386507,0.012147601490993106,0.018159773032297852,-0.00013541141008403226,-0.008462130022994598
2022-02-15,3.9,0.0,0.10340329428649019,1.0,0.02288871513277934,0.008621083638872947,0.05191932445845771,0.018372391568789642,0.015044884500004867
2022-02-16,3.9,0.0,0.10340329428649019,1.0,-0.001389890173641708,0.010107783346743868,0.0010402120327626255,-0.001167862583649396,-0.020387577789347116
2022-02-17,3.9,0.0,0.10340329428649019,1.0,-0.021498824959137623,-0.022050230393006458,-0.05228610180162916,-0.02971929843978899,-0.04163226604280233
2022-02-18,3.9,0.0,0.10340329428649019,1.0,-0.009399680282858753,-0.013350682834785058,-0.022350967561475237,-0.009677685227868861,-0.007490395059104071
2022-02-22,3.9,0.0,0.10340329428649019,1.0,-0.017972944587004148,-0.01587889987657254,-0.04224617718140919,-0.0007295665674663112,-0.01998876395582974
2022-02-23,3.9,0.0,0.10340329428649019,1.0,-0.02620450556523395,-0.03641116014436802,-0.07254830168258311,-0.026234371753273308,-0.018126529382468847
2022-02-24,3.9,0.0,0.10340329428649019,1.0,0.016542617678611943,0.04410800497645022,0.04695367409397792,0.04983112038827668,0.045076024975304343
2022-02-25,3.9,0.0,0.10340329428649019,1.0,0.012882244838604387,0.01593036537376894,0.011299945777284081,0.009190823387471273,0.013777407477109989
2022-02-28,3.9,0.0,0.10340329428649019,1.0,0.0016363186763080244,-0.0014673390183547882,0.07211363413565586,0.004965717820891516,0.002609583513267482
2022-03-01,3.7,0.0,0.07752063824082643,1.0,-0.01169604642699389,-0.015891148369833387,-0.006986492144572377,-0.012935353222445019,-0.036383301339101295
2022-03-02,3.7,0.0,0.07752063824082643,1.0,0.02037936107286493,0.006006111112644554,0.01779600470296842,0.017609802174262543,0.02244986265119719
2022-03-03,3.7,0.0,0.07752063824082643,1.0,-0.0019832164799265272,-0.02769967430173762,-0.04724057511561311,-0.0143263490151385,-0.025008664723119467
2022-03-04,3.7,0.0,0.07752063824082643,1.0,-0.018579835856489955,-0.015381483821486462,-0.0011922300504741562,-0.020691364466227834,-0.01444087784413934
2022-03-07,3.7,0.0,0.07752063824082643,1.0,-0.02400324259055641,-0.05786267214586164,-0.04104369101185902,-0.03850851115822235,-0.06499827117329547
2022-03-08,3.7,0.0,0.07752063824082643,1.0,-0.011744898320693293,-0.010520594620232346,0.024335419149005895,-0.011031999729462914,0.014930267693396903
2022-03-09,3.7,0.0,0.07752063824082643,1.0,0.0343987960420661,0.023717698424230754,0.04107819387010212,0.04483781323720507,0.04223986753220447
2022-03-10,3.7,0.0,0.07752063824082643,1.0,-0.02756258124354677,0.05271118653269622,-0.024358017786858904,-0.010138021602467615,-0.016713151057649037
2022-03-11,3.7,0.0,0.07752063824082643,1.0,-0.02419907858851806,-0.008845856240147519,-0.05259370365966602,-0.019517632728547264,-0.03971068992767299
2022-03-14,3.7,0.0,0.07752063824082643,1.0,-0.026921353720218092,-0.025553208143987614,-0.03711720154932235,-0.013045710400087503,-0.005237029717837356
2022-03-15,3.7,0.0,0.07752063824082643,1.0,0.029245411561579802,0.03813139923769891,0.04530634609366675,0.03801079885031064,0.028523249229602747
2022-03-16,3.7,0.0,0.07752063824082643,1.0,0.028602308751013078,0.03819476755459102,0.046704219074345354,0.024901071193349233,0.058653149939694095
2022-03-17,3.7,0.0,0.07752063824082643,1.0,0.0064333378393751015,0.02664947618554765,0.03665493442277862,0.002815284688566306,0.020463912639262723
2022-03-18,3.7,0.0,0.07752063824082643,1.0,0.02070324666495114,0.025192147663773066,0.03803519751155836,0.017493973311694794,0.04077584602041237
2022-03-21,3.7,0.0,0.07752063824082643,1.0,0.008501397897710067,0.001493436589994942,0.017268009913468576,-0.004236373521217043,-0.023366671926392746
2022-03-22,3.7,0.0,0.07752063824082643,1.0,0.020587101339784884,0.020820051155123028,0.0760832835953988,0.016246479026621238,0.024105313027993125
2022-03-23,3.7,0.0,0.07752063824082643,1.0,0.008199969144641385,-0.009022396175222974,0.005147863044765912,-0.015144003637207084,-0.014833470631002554
2022-03-24,3.7,0.0,0.07752063824082643,1.0,0.022424373848273987,0.0014768099843156708,0.014714339594958641,0.01527552528515814,0.02822147665025258
2022-03-25,3.7,0.0,0.07752063824082643,1.0,0.0037271904501796,0.0068448147304497955,-0.003240181703986614,-0.0013818928489421612,0.01019516457080453
2022-03-28,3.7,0.0,0.07752063824082643,1.0,0.005024183661499594,0.02527066880086216,0.07728050710253655,0.02285321682096188,0.007947878090087195
2022-03-29,3.7,0.0,0.07752063824082643,1.0,0.018953555266675238,0.0019184362663260243,0.007054913567225325,0.015045718498965365,0.02765632716419479
2022-03-30,3.7,0.0,0.07752063824082643,1.0,-0.0066718295783973185,-0.017961531171231216,-0.005087674440050588,-0.0049266336178768475,-0.008782931847862887
2022-03-31,3.7,0.0,0.07752063824082643,1.0,-0.01793562161458031,-0.020064520292900095,-0.01509517416561853,-0.017841152272435698,-0.024389748274428878
2022-04-01,3.7,0.0,0.08272871519762898,1.0,-0.0017196266521087118,0.0034450322821231614,0.006465651918934319,0.00359362240007299,0.011135821046020554
2022-04-04,3.7,0.0,0.08272871519762898,1.0,0.023417176976168057,0.02884445449723015,0.05459557817973847,0.017777919240075025,0.03941730995965211
2022-04-05,3.7,0.0,0.08272871519762898,1.0,-0.01912373130080803,-0.025822642256601212,-0.048464637280470575,-0.013070252367439299,-0.008803327841649177
2022-04-06,3.7,0.0,0.08272871519762898,1.0,-0.018623054393535572,-0.03283328123701215,-0.042589069768463106,-0.03729271374776835,-0.03753141512864589
2022-04-07,3.7,0.0,0.08272871519762898,1.0,0.0018024707886417858,-0.0061382328144399005,0.01093679078037125,0.006224543325645089,-0.0015685589032485752
2022-04-08,3.7,0.0,0.08272871519762898,1.0,-0.011980416545107984,-0.021291810941382657,-0.030510186068030958,-0.014707938539920161,-0.002784839564518343
2022-04-11,3.7,0.0,0.08272871519762898,1.0,-0.025847181434801962,-0.021850949776512304,-0.049534931817513166,-0.04022990340678027,-0.02675692676146463
2022-04-12,3.7,0.0,0.08272871519762898,1.0,0.011457544794871734,-0.0022158166719546393,0.01122853693277581,-0.011281179208399723,-0.010775790847237557
2022-04-13,3.7,0.0,0.08272871519762898,1.0,0.01621043829914619,0.031037763445815297,0.03525937358618668,0.019520312073374804,0.003961519036500115
2022-04-14,3.7,0.0,0.08272871519762898,1.0,-0.030447016374689224,-0.024961650159491106,-0.03723709338922126,-0.02745785928344653,-0.02262730565926631
2022-04-18,3.7,0.0,0.08272871519762898,1.0,-0.0013316490335013975,0.007084013688019547,0.01939443951963136,0.0024626332524850503,0.002803245900599398
2022-04-19,3.7,0.0,0.08272871519762898,1.0,0.014016129393368862,0.034294010908479985,0.023480261839117743,0.01689617129079983,0.03055740360776662
2022-04-20,3.7,0.0,0.08272871519762898,1.0,-0.0010159686820814325,-0.026386116801539967,-0.05082502163771964,0.003708471474534428,-0.08090964584773219
2022-04-21,3.7,0.0,0.08272871519762898,1.0,-0.004855382033145931,-0.03772931062801116,0.03180563608534794,-0.019571250848002694,-0.0636008822227741
2022-04-22,3.7,0.0,0.08272871519762898,1.0,-0.028215420358639314,-0.026969363430673157,-0.003704429607069112,-0.024440751440434134,-0.021280841596101212
2022-04-25,3.7,0.0,0.08272871519762898,1.0,0.0067145602183601456,0.011872429325306142,-0.007019222592886596,0.02412005689979603,0.015521646521957295
2022-04-26,3.7,0.0,0.08272871519762898,1.0,-0.038042475838024524,-0.046830397470919216,-0.1299278575282087,-0.038121199711118006,-0.03283427864372689
2022-04-27,3.7,0.0,0.08272871519762898,1.0,-0.0014679160564547737,-0.008819827903123646,0.005790878918745771,0.04698776909001396,-0.03372067897124877
2022-04-28,3.7,0.0,0.08272871519762898,1.0,0.04416559321026469,0.045483928748159326,-0.004548029513557434,0.022380126454458613,0.16206438375864748
2022-04-29,3.7,0.0,0.08272871519762898,1.0,-0.03729172106001241,-0.15139791287665294,-0.007721957937068309,-0.0427113729246865,-0.025899849072556515
2022-05-02,3.6,0.0,0.09413899091386191,1.0,0.0019645358712709086,0.0017565476902947816,0.03628977282780161,0.024734945506129806,0.051809289786262244
2022-05-03,3.6,0.0,0.09413899091386191,1.0,0.009576674585401975,-0.001981867083020741,0.006963974902024329,-0.009501182203662056,0.004253706559887646
2022-05-04,3.6,0.0,0.09413899091386191,1.0,0.04018998372179549,0.013390415419768674,0.04659599279666411,0.028685137327088727,0.05228097313254945
2022-05-05,3.6,0.0,0.09413899091386191,1.0,-0.057328836956593646,-0.07862161321968106,-0.08695990905101429,-0.04453152257483807,-0.07012546269128023
2022-05-06,3.6,0.0,0.09413899091386191,1.0,0.004716358893634553,-0.014140750847553027,-0.00877557365586079,-0.009491471820721187,-0.021891275592894693
2022-05-09,3.6,0.0,0.09413899091386191,1.0,-0.03375280585025876,-0.05354166033985861,-0.0951126361970946,-0.03764535415810215,-0.037806282270181124
2022-05-10,3.6,0.0,0.09413899091386191,1.0,0.015983596154338985,0.0006432376717789796,0.016293707630266798,0.01842474795871973,0.007311961146416198
2022-05-11,3.6,0.0,0.09413899091386191,1.0,-0.05323298475334733,-0.032556515700991426,-0.08615264955046516,-0.03377360273548261,-0.04612713831791743
2022-05-12,3.6,0.0,0.09413899091386191,1.0,-0.027262846434628372,0.01468209351950851,-0.008207980246495447,-0.02015952240103692,0.01315883387348223
2022-05-13,3.6,0.0,0.09413899091386191,1.0,0.031417785573454426,0.05569537333818603,0.05555683158900242,0.02234501160896951,0.03786420380489609
2022-05-16,3.6,0.0,0.09413899091386191,1.0,-0.010729568521572164,-0.020052883582188433,-0.06055559591829793,0.0014540213752901043,0.007123932070406139
2022-05-17,3.6,0.0,0.09413899091386191,1.0,0.025104957721907302,0.04030980601090871,0.050132289582274676,0.02014004821215868,0.012814929961758497
2022-05-18,3.6,0.0,0.09413899091386191,1.0,-0.05807315587130029,-0.07425163860523774,-0.07043726926027942,-0.04659866687656373,-0.05258771589274481
2022-05-19,3.6,0.0,0.09413899091386191,1.0,-0.024950207026128875,0.0019259973748420684,-0.0005496144580126333,-0.0037065600653227696,-0.004954116324355272
2022-05-20,3.6,0.0,0.09413899091386191,1.0,0.0017455964422281465,0.0025313230136676168,-0.06631616117599509,-0.0022938021540891487,0.011693699926543979
2022-05-23,3.6,0.0,0.09413899091386191,1.0,0.0393354692178906,-0.0003161006497306091,0.016432950581559483,0.031529681808118375,0.01380313910356089
2022-05-24,3.6,0.0,0.09413899091386191,1.0,-0.019402752502235856,-0.03266897126205679,-0.07176955888757142,-0.0039593966294443625,-0.07924461291363905
2022-05-25,3.6,0.0,0.09413899091386191,1.0,0.001139120174548743,0.025371870055026394,0.04762508488803113,0.011108189138871618,0.013968572983070122
2022-05-26,3.6,0.0,0.09413899091386191,1.0,0.022934092500999995,0.03950431937060653,0.07164265445291097,0.012792975229133507,0.04155513022982922
2022-05-27,3.6,0.0,0.09413899091386191,1.0,0.039948235179500184,0.0359770770988458,0.0707688185938516,0.02723008362781299,0.018099573091852183
2022-05-31,3.6,0.0,0.09413899091386191,1.0,-0.005360501445016217,0.043030852834664374,-0.0018051917677216725,-0.005026212052014876,-0.007665292268330999
2022-06-01,3.6,0.0,0.028875923501854542,0.0,-0.0008739053918856251,0.01219142464906909,-0.023876273341224673,0.0020208348903032617,-0.026160282359339152
2022-06-02,3.6,0.0,0.028875923501854542,0.0,0.016671833441505933,0.030965911805553418,0.04571303469577831,0.007897674545127213,0.05276055981874384
2022-06-03,3.6,0.0,0.028875923501854542,0.0,-0.03931869744566558,-0.0255076393596147,-0.09672413884722543,-0.01674676545338805,-0.04148022864644387
2022-06-06,3.6,0.0,0.028875923501854542,0.0,0.005213721697420618,0.01974655443905197,0.01591980642197778,-0.0047141885976102185,0.018025200323294355
2022-06-07,3.6,0.0,0.028875923501854542,0.0,0.017433142306739088,-0.014447976483889591,0.002542820180630796,0.013856862383670392,0.00718128080640469
2022-06-08,3.6,0.0,0.028875923501854542,0.0,-0.0050558472166146624,-0.014907309337206952,0.012397350726358317,-0.007699099317043491,0.005047340012007277
2022-06-09,3.6,0.0,0.028875923501854542,0.0,-0.03661827667107543,-0.042394573681651705,-0.008970671737446728,-0.021002241135919815,-0.0664388882767448
2022-06-10,3.6,0.0,0.028875923501854542,0.0,-0.039394467228005735,-0.057588983573757455,-0.0316877053198606,-0.04558712758979359,-0.04689795556878089
2022-06-13,3.6,0.0,0.028875923501854542,0.0,-0.03903671392616732,-0.05608072910711982,-0.07366972655880115,-0.04333858612751628,-0.06658739910515002
2022-06-14,3.6,0.0,0.028875923501854542,0.0,0.006650244622647932,-0.013205363644664271,0.023606322357198544,0.009162852842839991,-0.003231656249325777
2022-06-15,3.6,0.0,0.028875923501854542,0.0,0.019912072815247584,0.05106358079343476,0.0533736162801124,0.029301908604030966,0.033748985152243643
2022-06-16,3.6,0.0,0.028875923501854542,0.0,-0.0404591755132638,-0.03795462873180644,-0.08927688581957327,-0.02734056023887603,-0.05137117343643712
2022-06-17,3.6,0.0,0.028875923501854542,0.0,0.011467203648409105,0.02439607839682275,0.017029157609637507,0.010880825327094423,0.017683332351704696
2022-06-21,3.6,0.0,0.028875923501854542,0.0,0.03223557322579893,0.022895360879700146,0.08942411634475682,0.024293519414179666,-0.041715670915271556
2022-06-22,3.6,0.0,0.028875923501854542,0.0,-0.0038347508972555225,0.0024812460138330314,-0.004015858661335937,-0.0024068656853982366,-0.0076701355156855895
2022-06-23,3.6,0.0,0.028875923501854542,0.0,0.021344371558893467,0.03153073437129849,-0.0043156097521520964,0.022384105801862196,0.018436575431131152
2022-06-24,3.6,0.0,0.028875923501854542,0.0,0.024221749135828023,0.03512809079637085,0.04425503260828766,0.033579698657483836,0.06940858827327809
2022-06-27,3.6,0.0,0.028875923501854542,0.0,0.0,-0.02821501915746544,-0.003206786761701394,-0.010552233730633782,-0.003945221959464621
2022-06-28,3.6,0.0,0.028875923501854542,0.0,-0.03024265089893695,-0.0527726431080026,-0.05133914578061633,-0.032263927902083774,-0.05337935029836022
2022-06-29,3.6,0.0,0.028875923501854542,0.0,0.012940021711429406,0.01405345471235067,-0.018100003611393488,0.014630489158492459,0.020085717186202418
2022-06-30,3.6,0.0,0.028875923501854542,0.0,-0.01819240316910297,-0.025195393281078386,-0.0177355774717728,-0.013267029566500632,-0.016544537703547676
2022-07-01,3.5,0.0,-0.011450506787995378,0.0,0.016035358483328845,0.03105406439766482,0.012352524133575146,0.01065039010898401,-0.007594623363173882
2022-07-05,3.5,0.0,-0.011450506787995378,0.0,0.01875346850832764,0.035330514810317494,0.025215114905161356,0.012518891024245336,0.04973310712032277
2022-07-06,3.5,0.0,-0.011450506787995378,0.0,0.00956127040119096,0.007286182647943523,-0.00573722846648063,0.012701840707285885,0.009350139462600104
2022-07-07,3.5,0.0,-0.011450506787995378,0.0,0.02371610459964966,0.017341975999450154,0.05380522947187794,0.00819316528275246,0.014154098612175661
2022-07-08,3.5,0.0,-0.011450506787995378,0.0,0.004703438371772342,-0.006814197291832153,0.02511707828484195,-0.002760879941520256,-0.007636900638604072
2022-07-11,3.5,0.0,-0.011450506787995378,0.0,-0.014867926814439408,-0.03335256478334072,-0.06772231414560198,-0.011838697167623024,-0.0479479396344363
2022-07-12,3.5,0.0,-0.011450506787995378,0.0,0.006810700172614882,-0.022900025593117632,-0.005448427397798375,-0.04184488402126384,0.002391441971268548
2022-07-13,3.5,0.0,-0.011450506787995378,0.0,-0.0025398873574235814,0.0107459397638012,0.016890005886123306,-0.0037520011359684145,0.0013466807376635967
2022-07-14,3.5,0.0,-0.011450506787995378,0.0,0.02027545590062976,0.0020811275557193875,0.005357484236889209,0.005367069959721864,-0.03384030163670788
2022-07-15,3.5,0.0,-0.011450506787995378,0.0,0.01138499347316345,0.026052020207380393,0.007330299130864308,0.010336770289709956,0.041214101781526874
2022-07-18,3.5,0.0,-0.011450506787995378,0.0,-0.020859159571166335,0.0018476894058662332,0.001997430616818738,-0.009667814363700157,0.01524446815636264
2022-07-19,3.5,0.0,-0.011450506787995378,0.0,0.02637117255926522,0.0383717111840348,0.020505045463666282,0.020553866225235418,0.04986302864887793
2022-07-20,3.5,0.0,-0.011450506787995378,0.0,0.013419541716122712,0.037849962832112935,0.007991447618970264,0.010502651909125487,0.04074462818045047
2022-07-21,3.5,0.0,-0.011450506787995378,0.0,0.014981312016438642,0.015036666950921374,0.09331246499887616,0.00975122951533173,0.0004368433877621323
2022-07-22,3.5,0.0,-0.011450506787995378,0.0,-0.008143853535644778,-0.017891585334626356,0.0019732780255828208,-0.017060703825258088,-0.07891948786775929
2022-07-25,3.5,0.0,-0.011450506787995378,0.0,-0.007425695886437524,-0.010510843951367622,-0.014093787954092982,-0.005893836515387688,-0.015599325962375163
2022-07-26,3.5,0.0,-0.011450506787995378,0.0,-0.00886554335067968,-0.05366832967343516,-0.0363152186530825,-0.02713922103060783,-0.04604856944314887
2022-07-27,3.5,0.0,-0.011450506787995378,0.0,0.033661619208855166,0.05226402422174665,0.05982904612856656,0.0647121321988519,0.06347752592846206
2022-07-28,3.5,0.0,-0.011450506787995378,0.0,0.0035654978806346866,0.0107708959770675,0.021882347827174065,0.028141058375912506,-0.05366118659999351
2022-07-29,3.5,0.0,-0.011450506787995378,0.0,0.032266627836511234,0.09859082981024253,0.056238328890716484,0.015543829934211145,-0.010130626737997972
2022-08-01,3.6,0.0,-0.011583141089630647,0.0,-0.00617244930210357,0.003255181148895761,0.0004262206792024022,-0.009771971505749703,0.0052031551043797
2022-08-02,3.6,0.0,-0.011583141089630647,0.0,-0.009330411289633456,-0.009126353187385704,0.011072869479979633,-0.011540726551179875,0.001624613618138041
2022-08-03,3.6,0.0,-0.011583141089630647,0.0,0.03753416139604889,0.03917484597170419,0.022402858626649376,0.027455722662672443,0.05235393094912101
2022-08-04,3.6,0.0,-0.011583141089630647,0.0,-0.0019279828903099737,0.0216251677554199,0.004014952135593356,0.004168526403159351,0.010431230877583408
2022-08-05,3.6,0.0,-0.011583141089630647,0.0,-0.0013900054782438479,-0.012492693140300751,-0.0686033118290163,-0.0026116954958843733,-0.02049358438647014
2022-08-08,3.6,0.0,-0.011583141089630647,0.0,-0.0029073368809622332,-0.009921207364734218,0.007789020718917544,-0.00919727668266201,0.01861569023579219
2022-08-09,3.6,0.0,-0.011583141089630647,0.0,0.0003033384883916736,-0.011398203042398835,-0.0247155543645267,0.007038509049030645,-0.010154148552622994
2022-08-10,3.6,0.0,-0.011583141089630647,0.0,0.025857354322660273,0.03465340706112098,0.03816806100817755,0.02400980171349687,0.05657804118060787
2022-08-11,3.6,0.0,-0.011583141089630647,0.0,-0.004441363264175304,-0.014471032455294032,-0.026599955270312264,-0.007428178090858398,-0.004777583737067523
2022-08-12,3.6,0.0,-0.011583141089630647,0.0,0.021199087213078612,0.020479998229218345,0.045690263130780645,0.016893725308476784,0.016816559633733887
2022-08-15,3.6,0.0,-0.011583141089630647,0.0,0.006313487345219117,-0.0025808990121560286,0.030493897831355556,0.005329836558752039,0.0021582463906857532
2022-08-16,3.6,0.0,-0.011583141089630647,0.0,-0.0009240264809958046,0.011112811619446402,-0.008952025876518947,-0.002592939178889997,-0.007881004911441754
2022-08-17,3.6,0.0,-0.011583141089630647,0.0,0.008746328130561932,-0.018684262378250237,-0.008407578354357605,-0.002639762811726833,-0.02607970494568063
2022-08-18,3.6,0.0,-0.011583141089630647,0.0,-0.0022945735554741227,0.0014064484864398943,-0.0037131047703819653,-0.003955454872203299,-0.001087158647423058
2022-08-19,3.6,0.0,-0.011583141089630647,0.0,-0.015216984726615096,-0.02901859297383289,-0.02069451464936621,-0.013950907251314247,-0.03911525435188633
2022-08-22,3.6,0.0,-0.011583141089630647,0.0,-0.02329866328825024,-0.03691702741982209,-0.023027123255798403,-0.02979461794476521,-0.02966892649150982
2022-08-23,3.6,0.0,-0.011583141089630647,0.0,-0.0020310557660392684,0.002998007806707862,0.02230781558771273,-0.004727451604730225,-0.011969645634804618
2022-08-24,3.6,0.0,-0.011583141089630647,0.0,0.0017922674513940206,0.001346256547678855,0.0021677745650455194,-0.002354272212045496,0.013256539194943566
2022-08-25,3.6,0.0,-0.011583141089630647,0.0,0.01481255478638377,0.025676456345101635,-0.0034616690754643124,0.011034347528806424,0.03325198723018719
2022-08-26,3.6,0.0,-0.011583141089630647,0.0,-0.0384281376796214,-0.04873552390255167,-0.02732301898385137,-0.03935119912978984,-0.04235852213359856
2022-08-29,3.6,0.0,-0.011583141089630647,0.0,-0.013784866064908833,-0.00736939497405998,-0.011415491099770154,-0.01072533866733304,-0.016264659812195194
2022-08-30,3.6,0.0,-0.011583141089630647,0.0,-0.015423941834473282,-0.00820055348874808,-0.02531598923616216,-0.008557426424558381,-0.012708352817574736
2022-08-31,3.6,0.0,-0.011583141089630647,0.0,-0.01069199607583519,-0.01534276001209404,-0.007554668468041173,-0.005720446787190459,0.03605613747017027
2022-09-01,3.5,0.0,0.09971353346259486,1.0,0.004695806324297694,0.008248627364462172,0.005608200169827373,-0.004100592740795323,0.014804397746601607
2022-09-02,3.5,0.0,0.09971353346259486,1.0,-0.013704476334478822,-0.002428212185707223,-0.025395567131662106,-0.01680712036504332,-0.03095313618073664
2022-09-06,3.5,0.0,0.09971353346259486,1.0,-0.008249113085428871,-0.011040262841267292,0.015460425583855752,-0.011034685762730567,-0.011164913213014915
2022-09-07,3.5,0.0,0.09971353346259486,1.0,0.009211228077486831,0.026371849253352748,0.03325755641840769,0.01893101210705595,0.011601559745862527
2022-09-08,3.5,0.0,0.09971353346259486,1.0,-0.009664167371445502,0.002622535962612139,0.019408586563541073,0.0016649171127065085,0.010358197534232061
2022-09-09,3.5,0.0,0.09971353346259486,1.0,0.018664509352561937,0.02622824562673727,0.035389242849343666,0.0227168605424416,0.042819139726620825
2022-09-12,3.5,0.0,0.09971353346259486,1.0,0.03778480661354719,0.023581047138634757,0.015693156705112052,0.008246995323157865,-0.001123814252846502
2022-09-13,3.5,0.0,0.09971353346259486,1.0,-0.06047177704188716,-0.07318946892343868,-0.041209445573060305,-0.05654746237625837,-0.09837476740404705
2022-09-14,3.5,0.0,0.09971353346259486,1.0,0.00951029459625574,0.013549201586232946,0.035245873940170286,0.0009123273465075807,-0.010899477831851703
2022-09-15,3.5,0.0,0.09971353346259486,1.0,-0.019111393963538007,-0.017816303428596674,0.0037601953268899466,-0.0274938147569853,-0.012756863722294055
2022-09-16,3.5,0.0,0.09971353346259486,1.0,-0.01102062956231554,-0.02201762235626526,-0.0013177201460770078,-0.002611579798326688,-0.02203984912505284
2022-09-19,3.5,0.0,0.09971353346259486,1.0,0.024773392183115524,0.009106029090597056,0.018680537647816527,-0.0008993543396865793,0.011756499895078078
2022-09-20,3.5,0.0,0.09971353346259486,1.0,0.0155440197333382,-0.020012830448643673,-0.001100668054834369,-0.008501557128923157,-0.013124567665426964
2022-09-21,3.5,0.0,0.09971353346259486,1.0,-0.02047599183264802,-0.03032676622578613,-0.026021592607865372,-0.014541181107835872,-0.027551196748470837
2022-09-22,3.5,0.0,0.09971353346259486,1.0,-0.0063953484598070435,-0.010430481377003758,-0.041438568478665415,0.008459553670975905,0.0049134329186103125
2022-09-23,3.5,0.0,0.09971353346259486,1.0,-0.015239462245891462,-0.030553234112175698,-0.04703665354268194,-0.012779453453620596,-0.017018493751935898
2022-09-26,3.5,0.0,0.09971353346259486,1.0,0.0022578344834756417,0.011968890924047326,0.0024668028538151034,-0.001977398716202472,-0.0291948361356724
2022-09-27,3.5,0.0,0.09971353346259486,1.0,0.006544705735701264,-0.00644711979642255,0.024797737333229056,-0.004389385565724906,-0.014551619292132738
2022-09-28,3.5,0.0,0.09971353346259486,1.0,-0.012732241024259195,0.030980865018271533,0.017065662059063912,0.01951971768630141,0.05225655755402756
2022-09-29,3.5,0.0,0.09971353346259486,1.0,-0.05036634745505891,-0.027577874271049258,-0.07053030781738932,-0.01491966053370506,-0.037411664859019506
2022-09-30,3.5,0.0,0.09971353346259486,1.0,-0.03049993244501707,-0.015803691756381338,-0.011097446407076914,-0.019558574131025453,-0.005365683489798877
2022-10-03,3.6,0.0,0.09546993697376745,1.0,0.030289252567400983,0.02516733048685826,-0.09008354847845335,0.033108474348027446,0.021364686300464304
2022-10-04,3.6,0.0,0.09546993697376745,1.0,0.025300177488473637,0.043978891324203705,0.02862918608137619,0.03325335172543678,0.011976308598996628
2022-10-05,3.6,0.0,0.09546993697376745,1.0,0.0020513185244082303,-0.0011568286989317087,-0.035210184423729626,0.0012848261681978666,-0.009310340168238802
2022-10-06,3.6,0.0,0.09546993697376745,1.0,-0.006647785909168839,-0.005388563475942462,-0.011191467132615623,-0.009718061740530979,0.0006474414150941185
2022-10-07,3.6,0.0,0.09546993697376745,1.0,-0.03740970933611073,-0.04888996644735092,-0.06533110715825653,-0.052191496901733476,-0.04125057935504068
2022-10-10,3.6,0.0,0.09546993697376745,1.0,0.0023528881541610537,-0.007799184311071454,-0.0004932430962923407,-0.021533064974017847,0.002544445121549949
2022-10-11,3.6,0.0,0.09546993697376745,1.0,-0.010308319510117488,-0.01292739007238406,-0.02940186584357689,-0.01689210738627505,-0.040031268017879915
2022-10-12,3.6,0.0,0.09546993697376745,1.0,-0.00461519508371645,0.006130377153208065,0.003412211010253521,0.001507186418194579,-0.008123746358925044
2022-10-13,3.6,0.0,0.09546993697376745,1.0,0.033060132395050554,-0.0032826427568259787,0.02041257160441261,0.03691798594209811,0.02164622410256444
2022-10-14,3.6,0.0,0.09546993697376745,1.0,-0.03277096657351396,-0.05132600960921381,-0.07845410579918498,-0.02454765467556879,-0.02746705046233287
2022-10-17,3.6,0.0,0.09546993697376745,1.0,0.028706666194647606,0.06246082010978991,0.06770743117966126,0.03849529159397464,0.055842648017139354
2022-10-18,3.6,0.0,0.09546993697376745,1.0,0.009365497366695905,0.022334186457693587,0.003822165646732409,0.004075408360019303,-0.009293924054923713
2022-10-19,3.6,0.0,0.09546993697376745,1.0,0.0007648263289754588,-0.011148202689094493,0.008366694500343838,-0.00850576957047701,0.0032325988520336335
2022-10-20,3.6,0.0,0.09546993697376745,1.0,-0.0032722285894945047,0.0015630456934787908,-0.06878698522005931,-0.0013962990659760006,-0.012842030261261603
2022-10-21,3.6,0.0,0.09546993697376745,1.0,0.026699448734560996,0.03470527521216521,0.03395945997966481,0.024966158430137064,-0.011623583408053563
2022-10-24,3.6,0.0,0.09546993697376745,1.0,0.014693677681212332,0.0041816570199037775,-0.014987724107085643,0.0209664510873941,-0.0022330352345369146
2022-10-25,3.6,0.0,0.09546993697376745,1.0,0.019153214645968163,0.006488657531862419,0.051525211920993325,0.013697778331525084,0.05831844139647426
2022-10-26,3.6,0.0,0.09546993697376745,1.0,-0.019822189004254698,-0.04182438724790477,0.009931639962148882,-0.08029548664497817,-0.05754767794109
2022-10-27,3.6,0.0,0.09546993697376745,1.0,-0.030938985217240467,-0.04148511663717591,0.0020011878357876823,-0.019954025964473612,-0.28179391398547327
2022-10-28,3.6,0.0,0.09546993697376745,1.0,0.07283447576640846,-0.07046806314523207,0.015123446596271723,0.03943266727861827,0.012783060946488189
2022-10-31,3.6,0.0,0.09546993697376745,1.0,-0.015530340255160119,-0.009424419446504203,-0.004297734947231046,-0.015983163063330825,-0.06281967600865407
2022-11-01,3.6,0.0,-0.030821580040600156,0.0,-0.017698451210217934,-0.056733592543971104,0.0012298580156588981,-0.017206616965773993,0.021661503855888803
2022-11-02,3.6,0.0,-0.030821580040600156,0.0,-0.03801856565805672,-0.04945158785215439,-0.05801089494975556,-0.036008922202429856,-0.05018822890724224
2022-11-03,3.6,0.0,-0.030821580040600156,0.0,-0.043330406919978984,-0.03109058271107464,0.0015338580999043428,-0.026938382213457627,-0.01816696226696923
2022-11-04,3.6,0.0,-0.030821580040600156,0.0,-0.0019490894924912394,0.018638216982674413,-0.03709208198225607,0.03278215519646016,0.02092437982198311
2022-11-07,3.6,0.0,-0.030821580040600156,0.0,0.003894610829802668,-0.004958465035960488,-0.05137700982212229,0.028849464853332698,0.06327106223282852
2022-11-08,3.6,0.0,-0.030821580040600156,0.0,0.004166315524256448,-0.006093813282808144,-0.029766854567743133,0.004378739028713584,-0.002588218252301435
2022-11-09,3.6,0.0,-0.030821580040600156,0.0,-0.03375328180845722,-0.043613588180190316,-0.07436539035358274,-0.01923378326572842,0.05053125500238654
2022-11-10,3.6,0.0,-0.030821580040600156,0.0,0.08523657011194112,0.11491535104712981,0.07132888823212645,0.07905892878823664,0.09757423182873858
2022-11-11,3.6,0.0,-0.030821580040600156,0.0,0.019085590676233485,0.04214992986278232,0.027155202242509627,0.016854385137706377,0.01022723380887798
2022-11-14,3.6,0.0,-0.030821580040600156,0.0,-0.009531327136231282,-0.023084154958510447,-0.02594999483044167,-0.02275701188029202,0.010561706630560726
2022-11-15,3.6,0.0,-0.030821580040600156,0.0,0.011799715110562242,0.004558631983396615,0.018009160285334423,0.0017372607719154374,0.024731108914877828
2022-11-16,3.6,0.0,-0.030821580040600156,0.0,-0.008366026487485717,-0.01856627488370591,-0.03934004993858786,0.0018216994233855356,-0.0334363118388887
2022-11-17,3.6,0.0,-0.030821580040600156,0.0,0.012887835631628817,-0.023650675297741616,-0.020266034660649707,-0.00020685752907579935,-0.015845188220983054
2022-11-18,3.6,0.0,-0.030821580040600156,0.0,0.00377501236884146,-0.007513650804188213,-0.016402810087859467,-0.0019051517118223507,0.005369219105828521
2022-11-21,3.6,0.0,-0.030821580040600156,0.0,-0.021918823224855038,-0.018006920831346168,-0.07082202204033466,0.003435118526191314,-0.019738537726030455
2022-11-22,3.6,0.0,-0.030821580040600156,0.0,0.014554453026290543,0.007971580289157953,0.012079065403443036,0.012236121910545862,0.014279623740732798
2022-11-23,3.6,0.0,-0.030821580040600156,0.0,0.005909079327021642,0.009929087433161624,0.07530952893106566,0.01035324479775587,0.007153028126887834
2022-11-25,3.6,0.0,-0.030821580040600156,0.0,-0.019788049518560936,-0.0076783312910851725,-0.0018575995078746789,-0.0003636500846337292,-0.007422230064159077
2022-11-28,3.6,0.0,-0.030821580040600156,0.0,-0.02661549441767733,0.0057642482872482335,0.00032805270562665304,-0.023424576138199277,-0.023889648014190818
2022-11-29,3.6,0.0,-0.030821580040600156,0.0,-0.021375082418625277,-0.016419307746887702,-0.011491515256992131,-0.005932431523872708,0.006231623656401984
2022-11-30,3.6,0.0,-0.030821580040600156,0.0,0.04745022707559777,0.0436140540859465,0.07390252318127676,0.059799265675414805,0.07597258732087556
2022-12-01,3.5,0.0,-0.0823793179043992,1.0,0.0018897388769738243,-0.010831192229061232,0.0,-0.0017653032247878417,0.019619959424694106
2022-12-02,3.5,0.0,-0.0823793179043992,1.0,-0.0033771030101223437,-0.014449471106160492,0.0008214584254523483,0.0012949013436608597,0.025008488078309018
2022-12-05,3.5,0.0,-0.0823793179043992,1.0,-0.008015271022444285,-0.03370736231877925,-0.06580520897353867,-0.01908145986760116,-0.008620774042285326
2022-12-06,3.5,0.0,-0.0823793179043992,1.0,-0.02569721051115534,-0.030795718248338627,-0.01451975486845227,-0.020512690641295538,-0.07028882573806121
2022-12-07,3.5,0.0,-0.0823793179043992,1.0,-0.013880761845477218,0.002376766277155038,-0.03267127201155782,-0.003064259888177411,-0.0016663170650321373
2022-12-08,3.5,0.0,-0.0823793179043992,1.0,0.012059668399501948,0.021140538059143867,-0.003453386948248274,0.01232289875563015,0.012213426410355409
2022-12-09,3.5,0.0,-0.0823793179043992,1.0,-0.003440925148414975,-0.014043946522882085,0.03183338116095202,-0.008035405734087245,0.004930078669352319
2022-12-12,3.5,0.0,-0.0823793179043992,1.0,0.01625727960660764,0.016255164405059676,-0.06477309340338366,0.02847979698149719,-0.010320466007154187
2022-12-13,3.5,0.0,-0.0823793179043992,1.0,0.006759639141172751,0.021198289437405628,-0.04179828130131225,0.017313920846568177,0.04633364261508437
2022-12-14,3.5,0.0,-0.0823793179043992,1.0,-0.015657951219058885,-0.009887580246293281,-0.02612261140486262,0.0011669012730521407,0.01191376437837379
2022-12-15,3.5,0.0,-0.0823793179043992,1.0,-0.04798739531777232,-0.03477554111983318,0.005533102257132837,-0.03243863537337446,-0.04577215637551408
2022-12-16,3.5,0.0,-0.0823793179043992,1.0,-0.014686053446442807,-0.006692740608663019,-0.04833680500131505,-0.01750097298682384,0.027847921276617598
2022-12-19,3.5,0.0,-0.0823793179043992,1.0,-0.016037692432956933,-0.03403503022155705,-0.0023992055582815475,-0.017480005336560394,-0.04233038670300323
2022-12-20,3.5,0.0,-0.0823793179043992,1.0,-0.0005289654428424147,0.003174469440173832,-0.08396483835074355,0.005598862444704123,0.022542853251580352
2022-12-21,3.5,0.0,-0.0823793179043992,1.0,0.023530595608357602,0.018376816404560806,-0.0016704490129968075,0.010818118053230645,0.022546849737182104
2022-12-22,3.5,0.0,-0.0823793179043992,1.0,-0.024059841003731496,-0.034947221566029855,-0.09302311928148893,-0.025860439214944946,-0.022290639375912562
2022-12-23,3.5,0.0,-0.0823793179043992,1.0,-0.00280211938069838,0.017274436611979943,-0.017706675474399133,0.0022645426024036843,0.007824413896727644
2022-12-27,3.5,0.0,-0.0823793179043992,1.0,-0.013975459889865196,-0.026265685720911106,-0.12113825810398889,-0.007441803295376386,-0.009875871382154325
2022-12-28,3.5,0.0,-0.0823793179043992,1.0,-0.03116573319165592,-0.014800721671305868,0.032553261278161744,-0.0103080221258593,-0.010838697493158649
2022-12-29,3.5,0.0,-0.0823793179043992,1.0,0.02793051195343957,0.028435658196292006,0.07772640277207259,0.027254917436547905,0.039347138145623115
2022-12-30,3.5,0.0,-0.0823793179043992,1.0,0.002465958908611978,-0.002140568124387558,0.011102159833173808,-0.004949648980297442,0.0006649329736845006
2023-01-03,3.5,0.0,-0.016231194928582552,0.0,-0.0381223297961948,0.021435277164066735,-0.13058999220665155,-0.0010012346209504932,0.03591054739666458
2023-01-04,3.5,0.0,-0.016231194928582552,0.0,0.010261575737901324,-0.007955122776173124,0.04997884108534127,-0.044728753193298894,0.020864650234664738
2023-01-05,3.5,0.0,-0.016231194928582552,0.0,-0.010661417692729692,-0.02401157339665977,-0.02946907696009933,-0.03008586708973789,-0.0033816958940835577
2023-01-06,3.5,0.0,-0.016231194928582552,0.0,0.036133253939923934,0.0349917378504728,0.02435215499827936,0.011716479066045128,0.023973964290712083
2023-01-09,3.5,0.0,-0.016231194928582552,0.0,0.004080431026505422,0.014760401298199752,0.057654579278002493,0.00968933855453175,-0.004239310480110109
2023-01-10,3.5,0.0,-0.016231194928582552,0.0,0.004446791676939329,0.028326693248784427,-0.007711027963739906,0.007588191460398721,0.02682480023954488
2023-01-11,3.5,0.0,-0.016231194928582552,0.0,0.020892593700356354,0.05645956080731301,0.036109204525613114,0.02978994154775463,-0.0007522686551801203
2023-01-12,3.5,0.0,-0.016231194928582552,0.0,-0.0005997798738888591,0.0018911574433712077,0.00275546279838757,0.011554613042089847,0.028340375423105788
2023-01-13,3.5,0.0,-0.016231194928582552,0.0,0.010068433351979706,0.029476316899670684,-0.009432465746951967,0.0030142082057290423,0.0019727050811030383
2023-01-17,3.5,0.0,-0.016231194928582552,0.0,0.008718092392085292,-0.021322326395198637,0.07163646233055776,0.004670595214410969,-0.011896847444697559
2023-01-18,3.5,0.0,-0.016231194928582552,0.0,-0.005384388293555811,-0.0061616190001011146,-0.020825332244057446,-0.019069765772193662,-0.017438266943880086
2023-01-19,3.5,0.0,-0.016231194928582552,0.0,0.00044393833577778655,-0.018822579439957077,-0.012580752996881307,-0.016590724068463535,0.023257441546217422
2023-01-20,3.5,0.0,-0.016231194928582552,0.0,0.019038097665234486,0.037400259951453026,0.04797727392320426,0.03511952107802681,0.0233749623467366
2023-01-23,3.5,0.0,-0.016231194928582552,0.0,0.02322852024916893,0.0027724682514327437,0.07457364612008015,0.009776465232228722,0.027598884191110166
2023-01-24,3.5,0.0,-0.016231194928582552,0.0,0.010012664068850267,-0.012381472357830799,0.0009734348560736818,-0.002228561614742151,-0.0009077527676443006
2023-01-25,3.5,0.0,-0.016231194928582552,0.0,-0.004711813372532327,0.008888953725914,0.0037457958683397114,-0.005925678812892077,-0.011523653640146644
2023-01-26,3.5,0.0,-0.016231194928582552,0.0,0.014694961018365402,0.020774687057825685,0.1040650092615062,0.030251318490818,0.040171702598196996
2023-01-27,3.5,0.0,-0.016231194928582552,0.0,0.013591435038900592,0.02998335055905419,0.10436164069972145,0.0006449844743503963,0.02969739394529111
2023-01-30,3.5,0.0,-0.016231194928582552,0.0,-0.020282441582398416,-0.016667823165641346,-0.06526572943550507,-0.0222062907009091,-0.03132813741386006
2023-01-31,3.5,0.0,-0.016231194928582552,0.0,0.008980691916022132,0.025335155126435763,0.03860663902242871,0.020794893947565823,0.012904370126472333
2023-02-01,3.6,0.0,0.016231194928582552,0.0,0.007869580412621771,0.0193976149644124,0.046197213190127824,0.0197385800330774,0.027477014847337403
2023-02-02,3.6,0.0,0.016231194928582552,0.0,0.0363922197742797,0.07120315696615197,0.03711744228973266,0.045818527885702315,0.20930736393032004
2023-02-03,3.6,0.0,0.016231194928582552,0.0,0.0241071692332364,-0.08808283393109906,0.009041655543147504,-0.023903994123965936,-0.011937210319133381
2023-02-06,3.6,0.0,0.016231194928582552,0.0,-0.018091663999169085,-0.011772272805910223,0.024849222136681733,-0.006134839417904152,-0.002522792079004774
2023-02-07,3.6,0.0,0.016231194928582552,0.0,0.019061932159908347,-0.0006852973444615529,0.010470780820742525,0.04116325171173375,0.029445042736370306
2023-02-08,3.6,0.0,0.016231194928582552,0.0,-0.01781039216561337,-0.020380578012770365,0.02250783702828191,-0.0031068593900595767,-0.04368115217956141
2023-02-09,3.6,0.0,0.016231194928582552,0.0,-0.00693569367465725,-0.018256648878253772,0.029516907690852447,-0.01172840672087729,-0.03049922527099015
2023-02-10,3.6,0.0,0.016231194928582552,0.0,0.002453376367790793,-0.006433489213979958,-0.05161833459581209,-0.001974281832977771,-0.02141693302156589
2023-02-13,3.6,0.0,0.016231194928582552,0.0,0.018632093145229664,0.019579629188155288,-0.011493498714308886,0.03076450458859693,0.029868182874116085
2023-02-14,3.6,0.0,0.016231194928582552,0.0,-0.004233800450600109,0.0016060637303953276,0.07237801403011461,0.003127956807979467,0.00027851121624727893
2023-02-15,3.6,0.0,0.016231194928582552,0.0,0.013807166648112112,0.014537811644538115,0.023567198213512965,-0.008024875005547666,-0.013010359549506792
2023-02-16,3.6,0.0,0.016231194928582552,0.0,-0.010483788601250597,-0.03020652173405669,-0.058631243213632354,-0.026983432967839262,-0.0270038949651613
2023-02-17,3.6,0.0,0.016231194928582552,0.0,-0.00757517980466359,-0.009726256199159738,0.030561678706295534,-0.015724959849113138,0.0025482452194118678
2023-02-21,3.6,0.0,0.016231194928582552,0.0,-0.027042189289871506,-0.027324623494127318,-0.05394722804913025,-0.021107620274235604,-0.004638176372308374
2023-02-22,3.6,0.0,0.016231194928582552,0.0,0.0028916726312602087,0.012712248376870527,0.017528035977254008,-0.004601566407453969,-0.00559444838716555
2023-02-23,3.6,0.0,0.016231194928582552,0.0,0.0032851839317049984,0.0003131233176392935,0.006006057267467943,0.012878380855616088,0.005361705731116548
2023-02-24,3.6,0.0,0.016231194928582552,0.0,-0.018169277537556913,-0.024509991975448668,-0.02601977738759486,-0.022025047813745865,-0.009637044505630224
2023-02-27,3.6,0.0,0.016231194928582552,0.0,0.008213506101264237,0.002776912318089041,0.05316324215501689,0.003764758300674977,-0.005000872702130868
2023-02-28,3.6,0.0,0.016231194928582552,0.0,-0.0034532693155998498,0.005000289230826088,-0.009290230436857878,-0.0029625326702715916,0.03135418504961769
2023-03-01,3.5,0.0,0.021239736500910978,0.0,-0.01434870090591594,-0.022103959704043146,-0.014395089751065829,-0.012709803475408087,-0.008726741471918204
2023-03-02,3.5,0.0,0.021239736500910978,0.0,0.004120559148917289,-0.00043408483069996514,-0.060322654091468045,0.019462684995836692,0.006380289741875095
2023-03-03,3.5,0.0,0.021239736500910978,0.0,0.03448847624057728,0.02962312838587694,0.03545612908951283,0.016509077299064645,0.05960965066364753
2023-03-06,3.5,0.0,0.021239736500910978,0.0,0.01836971792967947,-0.012192056844170188,-0.02032754273314496,0.006169916950944901,-0.0018911258729116612
2023-03-07,3.5,0.0,0.021239736500910978,0.0,-0.01460265353620301,-0.002135579508745822,-0.03198003067013721,-0.010645492182616439,-0.0021114735583759167
2023-03-08,3.5,0.0,0.021239736500910978,0.0,0.00834234746943494,0.003947251242114423,-0.03089156736881823,-0.0017722584128495,0.00249000157787705
2023-03-09,3.5,0.0,0.021239736500910978,0.0,-0.015027209062044859,-0.017941053663252087,-0.05117763786639216,-0.005454312729890882,-0.01789159854802277
2023-03-10,3.5,0.0,0.021239736500910978,0.0,-0.013975644425767653,-0.016614182739941783,0.0030026831172517087,-0.014893165943516841,-0.012071186876433125
2023-03-13,3.5,0.0,0.021239736500910978,0.0,0.013178654520524106,0.01856350439768763,0.005978365078895034,0.021214457871582413,0.007713413206523706
2023-03-14,3.5,0.0,0.021239736500910978,0.0,0.01399083563296256,0.026161301723076753,0.04909578215581386,0.026696042395010063,0.07001707233410556
2023-03-15,3.5,0.0,0.021239736500910978,0.0,0.0026180482309157258,0.013816419647146834,-0.015452165385496644,0.01767345525199868,0.0190422876459566
2023-03-16,3.5,0.0,0.021239736500910978,0.0,0.018521514607239154,0.03914078921242492,0.020188342220549882,0.039736346002287946,0.0356648035943109
2023-03-17,3.5,0.0,0.021239736500910978,0.0,-0.0054690319732258585,-0.010955473953869753,-0.021963216854791676,0.011626723629510786,-0.04654560557590124
2023-03-20,3.5,0.0,0.021239736500910978,0.0,0.015365160509448689,-0.012610742620752338,0.01717250122413543,-0.026104573253740982,0.01118412715794988
2023-03-21,3.5,0.0,0.021239736500910978,0.0,0.011873378034553538,0.029247763784060337,0.07529223411697607,0.00567766035435612,0.02175250082737943
2023-03-22,3.5,0.0,0.021239736500910978,0.0,-0.009145355302208927,-0.019166746850565873,-0.0330851466718186,-0.005457219051134983,-0.011692515440438889
2023-03-23,3.5,0.0,0.021239736500910978,0.0,0.006945474429721083,0.00010133363497333344,0.0055821275337720674,0.019529566195788856,0.022124691021090985
2023-03-24,3.5,0.0,0.021239736500910978,0.0,0.008271273958096391,-0.005893146925693497,-0.009460894526444498,0.010425947253735926,0.008433073208763112
2023-03-27,3.5,0.0,0.021239736500910978,0.0,-0.012369469192129709,-0.0009175342309671865,0.007325624786097459,-0.015046767165801582,-0.015507333481554938
2023-03-28,3.5,0.0,0.021239736500910978,0.0,-0.003988366436549218,-0.0081934405189327,-0.013753472002494866,-0.0041694060494269075,-0.010705851249290042
2023-03-29,3.5,0.0,0.021239736500910978,0.0,0.01959769087720117,0.03048493870739539,0.0244876221590413,0.019002349726818763,0.023004461375779675
2023-03-30,3.5,0.0,0.021239736500910978,0.0,0.009841351279542866,0.017305747097592427,0.0071949836717746535,0.012540539419849643,0.012052561011447048
2023-03-31,3.5,0.0,0.021239736500910978,0.0,0.015522920112704435,0.012567761597929928,0.060504162532241994,0.01485152090592193,0.019534850063598206
2023-04-03,3.4,0.0,-0.032031208133675375,0.0,0.007672258006007616,-0.008556175035560798,-0.06311918518816903,-0.0037180313069480235,0.005317457356674275
2023-04-04,3.4,0.0,-0.032031208133675375,0.0,-0.003254979363240633,0.014925585099441625,-0.011307735857578558,-0.00017441454260342675,0.0077140006635375465
2023-04-05,3.4,0.0,-0.032031208133675375,0.0,-0.01135434417503615,-0.027799874012424952,-0.03734894534323148,-0.009938408650572146,-0.015204399969208698
2023-04-06,3.4,0.0,-0.032031208133675375,0.0,0.005480555125753177,0.009450740780884159,-0.002482632348555218,0.025212517679321107,0.02161091763117571
2023-04-10,3.4,0.0,-0.032031208133675375,0.0,-0.01610114922702483,0.001077222967143844,-0.0029764508462149673,-0.007607946590039329,-0.006266865820226325
2023-04-11,3.4,0.0,-0.032031208133675375,0.0,-0.007619952049077035,-0.022268227189570028,0.012281322445656457,-0.02292931576521072,-0.004199644349932013
2023-04-12,3.4,0.0,-0.032031208133675375,0.0,-0.004362787598621209,-0.0211385503060785,-0.03403263254550459,0.0023307392124933372,0.0007011906149762933
2023-04-13,3.4,0.0,-0.032031208133675375,0.0,0.033534945505643496,0.04565543032053191,0.029256539212836878,0.0221524347873578,0.02924115602990424
2023-04-14,3.4,0.0,-0.032031208133675375,0.0,-0.0021160654414762985,0.0010736481279812137,-0.004853036816821088,-0.012847864052021232,0.00516022868096411
2023-04-17,3.4,0.0,-0.032031208133675375,0.0,0.00012069310491762494,0.0022411286119839928,0.010966636750077955,0.009253158835218166,-0.011945282495832852
2023-04-18,3.4,0.0,-0.032031208133675375,0.0,0.007476817725491281,-0.004291801457498827,-0.014703352511066695,-0.0014899719332049453,-0.004441771150533171
2023-04-19,3.4,0.0,-0.032031208133675375,0.0,0.0069439480439034695,0.01936168847711433,-0.020389861131667686,0.0002772460174500275,-0.01010191499374947
2023-04-20,3.4,0.0,-0.032031208133675375,0.0,-0.005863379043796592,-0.0047091095790211925,-0.10254036525166675,-0.008145257807832467,-0.01226761484107529
2023-04-21,3.4,0.0,-0.032031208133675375,0.0,-0.009829006279650315,0.02989264254702952,0.012741333042302827,-0.0012242443934089354,-0.0008451765959937077
2023-04-24,3.4,0.0,-0.032031208133675375,0.0,0.001876834715915968,-0.007036666520682404,-0.015444550452118741,-0.014060870777400952,-0.00047001199739040643
2023-04-25,3.4,0.0,-0.032031208133675375,0.0,-0.009480524564720497,-0.03487276836944828,-0.011633104865311444,-0.02279405820608199,-0.024933363425139757
2023-04-26,3.4,0.0,-0.032031208133675375,0.0,-6.093001725809226e-05,0.023224398457013323,-0.04402465397224694,0.06993147250083026,0.008873981971139864
2023-04-27,3.4,0.0,-0.032031208133675375,0.0,0.02799952818764127,0.04507277127081395,0.041032719267455574,0.031525582218402494,0.13037469768863355
2023-04-28,3.4,0.0,-0.032031208133675375,0.0,0.0075127678253967805,-0.040605781087400955,0.025394246651119615,0.007940146744776647,0.007350436357025893
2023-05-01,3.6,0.0,0.04248426498576465,0.0,-0.0005303992070169073,-0.03277395882406449,-0.015208459761728233,-0.005548207391175978,0.011830443465269102
2023-05-02,3.6,0.0,0.04248426498576465,0.0,-0.006210951052595541,0.01536391753200235,-0.009436987371174365,-0.0004911132381165361,-0.016334594458386184
2023-05-03,3.6,0.0,0.04248426498576465,0.0,-0.006488281452087298,0.00019301691085338006,0.001869644402715088,-0.0033123899479265925,-0.009280527827413104
2023-05-04,3.6,0.0,0.04248426498576465,0.0,-0.009962825224449554,0.0033710455381283566,0.0036667412660127767,0.003312389947926543,-0.01491890612309097
2023-05-05,3.6,0.0,0.04248426498576465,0.0,0.04585928279693884,0.015835527254169667,0.05350549046047228,0.017011781560958283,-0.003174121087228987
2023-05-08,3.6,0.0,0.04248426498576465,0.0,-0.0004035690558740519,0.0016076240119395433,0.01012145995502574,-0.006459077202152415,0.0021028719887094334
2023-05-09,3.6,0.0,0.04248426498576465,0.0,-0.010021194566573697,0.007437086747609261,-0.015486902413259212,-0.0053600736823137,0.00042849238338288424
2023-05-10,3.6,0.0,0.04248426498576465,0.0,0.010367095364353238,0.03293503350092615,-0.003612788634512576,0.017148491835914083,-0.0012434046090957717
2023-05-11,3.6,0.0,0.04248426498576465,0.0,0.0010938801802045652,0.017898556144584802,0.020786425091438347,-0.0070692439612793385,0.011559857732859303
2023-05-12,3.6,0.0,0.04248426498576465,0.0,-0.00543218125040888,-0.017263494264582374,-0.024114596337054404,-0.003682739883385366,-0.00843263339749896
2023-05-15,3.6,0.0,0.04248426498576465,0.0,-0.0029015831258229737,0.008489121836596263,-0.009750860107846383,0.0015845596564857437,0.02136873029886568
2023-05-16,3.6,0.0,0.04248426498576465,0.0,0.0,0.01959105037675755,0.0010214088288270423,0.007340670444586303,-0.00016753869027149164
2023-05-17,3.6,0.0,0.04248426498576465,0.0,0.0035967479314428655,0.018349125212474244,0.04313493317739194,0.0094071539588151,0.01525038323026144
2023-05-18,3.6,0.0,0.04248426498576465,0.0,0.013573420418842833,0.022684486585828632,0.01727768584344739,0.014292198246244737,0.01782044798227399
2023-05-19,3.6,0.0,0.04248426498576465,0.0,0.0006284336745414723,-0.01621197208021114,0.018206255962432197,-0.0005653808433920679,-0.0049138705631595996
2023-05-22,3.6,0.0,0.04248426498576465,0.0,-0.005495977205959737,-0.01072394478867387,0.0473245988875953,0.008882006868875138,0.01085113122054626
2023-05-23,3.6,0.0,0.04248426498576465,0.0,-0.015271091955207396,-0.00017395019575110725,-0.016549549453013485,-0.018604049416930214,-0.006383047718512436
2023-05-24,3.6,0.0,0.04248426498576465,0.0,0.0016309875133939287,0.015189747065965913,-0.015569850375932186,-0.004482537481940982,0.009960856016796818
2023-05-25,3.6,0.0,0.04248426498576465,0.0,0.006669759938348189,-0.01510276818575663,0.008547333224801432,0.037736807318769106,0.013867435425475153
2023-05-26,3.6,0.0,0.04248426498576465,0.0,0.014006398696369346,0.04347586628475364,0.04608376548838008,0.021159983516404347,0.03633387539273789
2023-05-30,3.6,0.0,0.04248426498576465,0.0,0.010603111551840546,0.012822304345733589,0.040530008769500823,-0.005059416258417305,0.0018300854609156236
2023-05-31,3.6,0.0,0.04248426498576465,0.0,-0.0002820042921570048,-0.008916850747084985,0.013676132280176065,-0.008550703030155206,0.008345243901045473
2023-06-01,3.6,0.0,-0.003472225710749092,0.0,0.015895471874137188,0.017999210602823053,0.017450979367424225,0.01267847324083759,0.02936949062239503
2023-06-02,3.6,0.0,-0.003472225710749092,0.0,0.0047641314652262885,0.011983006127262639,0.030608082827557156,0.008443524153792445,0.0
2023-06-05,3.6,0.0,-0.003472225710749092,0.0,-0.007600043311063094,0.008415221280893264,0.016868648629117366,0.0016087495002902923,-0.004484997760869941
2023-06-06,3.6,0.0,-0.003472225710749092,0.0,-0.002062395593050509,0.010400614095251953,0.0168599499197107,-0.006750129316162142,-0.0009956600999041394
2023-06-07,3.6,0.0,-0.003472225710749092,0.0,-0.0077864459044480324,-0.043421904903774046,0.01462307267215497,-0.031354148932903225,-0.028128530661474447
2023-06-08,3.6,0.0,-0.003472225710749092,0.0,0.015346595724275483,0.02460606952762862,0.04480209933086133,0.005796672079392415,0.0037107902862637617
2023-06-09,3.6,0.0,-0.003472225710749092,0.0,0.002157611344374688,-0.006621468748440394,0.03981660778824774,0.004692689470578491,0.001397494055176545
2023-06-12,3.6,0.0,-0.003472225710749092,0.0,0.015517557870152613,0.025121316164936732,0.021974491562613167,0.015365338345905364,0.022762013355932996
2023-06-13,3.6,0.0,-0.003472225710749092,0.0,-0.0026149773755039284,0.0007108476079609743,0.03492701634188564,0.007325836012057473,0.0009958037565321028
2023-06-14,3.6,0.0,-0.003472225710749092,0.0,0.0034851752016046484,-0.0018966774409432219,-0.007449046704933148,0.009082417323024923,0.007454190025083351
2023-06-15,3.6,0.0,-0.003472225710749092,0.0,0.011136648802871884,0.005443175548084132,-0.0034719442089692484,0.03139830022664008,0.030550800475213167
2023-06-16,3.6,0.0,-0.003472225710749092,0.0,-0.005877250413201338,-0.012826801009232924,0.01796971375181672,-0.016714515039867574,-0.0029494190801419105
2023-06-20,3.6,0.0,-0.003472225710749092,0.0,0.0004865204814345619,0.002308282311188502,0.05201270640767318,-0.012581527976747572,0.011780995453717141
2023-06-21,3.6,0.0,-0.003472225710749092,0.0,-0.005691414707579002,-0.007581513078945846,-0.05616662426467672,-0.01337082049404302,-0.009506029884940786
2023-06-22,3.6,0.0,-0.003472225710749092,0.0,0.01639027240173034,0.04173475821321792,0.019654473293680905,0.01826954381120422,0.011438525648633742
2023-06-23,3.6,0.0,-0.003472225710749092,0.0,-0.0017128133701375507,-0.006320292959406817,-0.03073851253541729,-0.013902020699959374,0.013424009290829412
2023-06-26,3.6,0.0,-0.003472225710749092,0.0,-0.007581599772777506,-0.01558513561942593,-0.06251408245574486,-0.019349123731226804,-0.036181778676606366
2023-06-27,3.6,0.0,-0.003472225710749092,0.0,0.014946796447077769,0.014424567940817595,0.03729619858071868,0.018004902057552383,0.03034626468369626
2023-06-28,3.6,0.0,-0.003472225710749092,0.0,0.006307780342690477,-0.0010843421189455317,0.023813875097039847,0.0038186416110205703,-0.006150248978726189
2023-06-29,3.6,0.0,-0.003472225710749092,0.0,0.001794857395449529,-0.008873661272556729,0.004905252914132209,-0.002384999907302438,-0.013267372567082622
2023-06-30,3.6,0.0,-0.003472225710749092,0.0,0.022839974530100116,0.01905113813636069,0.016446493545468958,0.016252900824665958,0.01917361399547385
2023-07-03,3.5,0.0,-0.0017406444777839894,0.0,-0.007815230599069979,-0.0010745214685311468,0.06668035183063045,-0.007516191814878175,-0.003350859048604641
2023-07-05,3.5,0.0,-0.0017406444777839894,0.0,-0.0058887481154311465,0.0012279637641415527,0.009461225032650612,0.00047311825262510434,0.02877591391663758
2023-07-06,3.5,0.0,-0.0017406444777839894,0.0,0.0025056636450270864,-0.015614479950363446,-0.02125228365266279,0.009184366781022565,-0.00811817612987572
2023-07-07,3.5,0.0,-0.0017406444777839894,0.0,-0.0059088442031276665,0.011001878790426247,-0.007659314226953743,-0.011938428980119598,-0.005012527002394729
2023-07-10,3.5,0.0,-0.0017406444777839894,0.0,-0.010914914861828278,-0.020630536429565062,-0.01771977662648564,-0.016112742476633322,0.012213014044861291
2023-07-11,3.5,0.0,-0.0017406444777839894,0.0,-0.002814161741041899,0.01289534927354112,0.0006674942605875906,0.0019270500779889294,0.014146231196737531
2023-07-12,3.5,0.0,-0.0017406444777839894,0.0,0.008945522680198617,0.015563949723523061,0.008121354742896705,0.014126587075349646,0.036374821426698296
2023-07-13,3.5,0.0,-0.0017406444777839894,0.0,0.004049166511160107,0.026406663898050423,0.021496049775542363,0.016062309646770412,0.013071308094530993
2023-07-14,3.5,0.0,-0.0017406444777839894,0.0,0.0007871301987446966,0.0028254136578632553,0.012444771516691934,0.007501187984090011,-0.014591823071898765
2023-07-17,3.5,0.0,-0.0017406444777839894,0.0,0.01715747212505588,-0.008350743114511814,0.03148434056863512,0.0014181889510146877,0.005649972373966952
2023-07-18,3.5,0.0,-0.0017406444777839894,0.0,-0.001341271230371888,-0.005480667866621604,0.010141906463636843,0.039028269113757875,0.004592895494998889
2023-07-19,3.5,0.0,-0.0017406444777839894,0.0,0.007046809273456386,0.01886777143765127,-0.00711596075110357,-0.012343184567370349,0.01261053427105433
2023-07-20,3.5,0.0,-0.0017406444777839894,0.0,-0.01014863192500154,-0.04071113790508541,-0.1024426640636013,-0.02339305397142033,-0.043626524250439634
2023-07-21,3.5,0.0,-0.0017406444777839894,0.0,-0.006180743692761794,0.000307687993656272,-0.011015199637560409,-0.00897734838815936,-0.027683536839181223
2023-07-24,3.5,0.0,-0.0017406444777839894,0.0,0.004211249239465601,-0.009273613091557636,0.03417588510139735,0.0038903613231535774,-0.009046745432366334
2023-07-25,3.5,0.0,-0.0017406444777839894,0.0,0.004503458644516927,0.002558849307688174,-0.014148526638195701,0.016866024568564404,0.009759967881105334
2023-07-26,3.5,0.0,-0.0017406444777839894,0.0,0.0045346597786289555,-0.007618281489535843,-0.003511861575139069,-0.038363886158369505,0.013827311800985023
2023-07-27,3.5,0.0,-0.0017406444777839894,0.0,-0.00660286089113882,0.0007800788687019062,-0.03322998965193553,-0.021093128653794316,0.043068866112145464
2023-07-28,3.5,0.0,-0.0017406444777839894,0.0,0.013417489583747364,0.030410134252966122,0.041105070589749985,0.02286787696931742,0.043227935306881154
2023-07-31,3.5,0.0,-0.0017406444777839894,0.0,0.0031612023201683936,0.0110572111941032,0.0037087357528333273,-0.007266847916171171,-0.021364764731760078
2023-08-01,3.7,0.0,0.04762804898925445,0.0,-0.004285210897109743,-0.014998135236778893,-0.02406922380883306,0.0012495680532789118,0.012817704964439462
2023-08-02,3.7,0.0,0.04762804898925445,0.0,-0.01561125256832511,-0.026781097330387048,-0.027021352113566002,-0.026634534286923115,-0.026374327406530444
2023-08-03,3.7,0.0,0.04762804898925445,0.0,-0.007348550338261279,0.005444917932495522,0.020295602012260543,-0.0025682861232248604,-0.003569783874717653
2023-08-04,3.7,0.0,0.04762804898925445,0.0,-0.049211104362220634,0.07945180513430172,-0.021279912186420162,0.0034227907118074747,-0.007885605573869968
2023-08-07,3.7,0.0,0.04762804898925445,0.0,-0.017404443515309988,0.018808843040995626,-0.009538785882980292,0.007083312200086669,0.01858853068251052
2023-08-08,3.7,0.0,0.04762804898925445,0.0,0.0052976181044985015,-0.016161386274731373,-0.00698396541730477,-0.012375189871363025,-0.012460584479774679
2023-08-09,3.7,0.0,0.04762804898925445,0.0,-0.008994707801278038,-0.01504759501753799,-0.030537632908455258,-0.011785124553607645,-0.024052353662439886
2023-08-10,3.7,0.0,0.04762804898925445,0.0,-0.0012353489619837236,0.005137245447970533,0.012922436522360333,0.0021700620642143087,0.001735022179400924
2023-08-11,3.7,0.0,0.04762804898925445,0.0,0.00033753088612854576,-0.0010831058272496987,-0.011024937980288016,-0.0059634683242906885,-0.013500742694727239
2023-08-14,3.7,0.0,0.04762804898925445,0.0,0.009349198567690599,0.015485316080358403,-0.011981650600334395,0.009394875389518127,0.014971521083513937
2023-08-15,3.7,0.0,0.04762804898925445,0.0,-0.011263497814968272,-0.020846133672850414,-0.028771606269163794,-0.0067505791128656,-0.013944332184958488
2023-08-16,3.7,0.0,0.04762804898925445,0.0,-0.004971205535728508,-0.019066286976507706,-0.03210324714965498,-0.0024312924869778697,-0.025695714829637544
2023-08-17,3.7,0.0,0.04762804898925445,0.0,-0.014662252133979217,-0.008102713606702033,-0.02868774932252366,-0.011046980010358325,-0.03176093986879178
2023-08-18,3.7,0.0,0.04762804898925445,0.0,0.0028120954963654823,-0.005688597043229265,-0.017161267109647337,-0.0012632678377616717,-0.006474841051424823
2023-08-21,3.7,0.0,0.04762804898925445,0.0,0.007706948153768571,0.010899633762398327,0.07071456218373605,0.016918840362133813,0.023205976342595913
2023-08-22,3.7,0.0,0.04762804898925445,0.0,0.00787384036315373,-0.003197806521519639,0.00822448994977978,0.0018001521114508511,-0.007965243116910799
2023-08-23,3.7,0.0,0.04762804898925445,0.0,0.021711561030839616,0.009415529041193322,0.015615669490355368,0.013981193403618688,0.022825095493962496
2023-08-24,3.7,0.0,0.04762804898925445,0.0,-0.026519159237166294,-0.027530224045928062,-0.02921607421029239,-0.021732941499365777,-0.02578518742411137
2023-08-25,3.7,0.0,0.04762804898925445,0.0,0.012564040298918715,0.010713027528748599,0.036493404628287436,0.009363076911338107,-0.004368504595927205
2023-08-28,3.7,0.0,0.04762804898925445,0.0,0.008807088770811631,-0.0009008643247144191,0.0009635784854130897,0.00222700782612257,0.016535022248618685
2023-08-29,3.7,0.0,0.04762804898925445,0.0,0.021575899944855592,0.013206715007284348,0.07406603958973092,0.014445467250166889,0.026282712590923712
2023-08-30,3.7,0.0,0.04762804898925445,0.0,0.01899082664551939,0.00118530020246871,-0.001089320005828064,0.001156442494744442,-0.009745527656275678
2023-08-31,3.7,0.0,0.04762804898925445,0.0,0.001171726230287279,0.021532889699268778,0.004582681990043304,-0.0031375482458787926,0.002673465390244113
2023-09-01,3.7,0.0,0.02298951822469878,0.0,0.008427737524034338,0.0007967306725371615,-0.05197055872941742,0.0027420037727182204,0.0016547238226166333
2023-09-05,3.7,0.0,0.02298951822469878,0.0,0.0012659457281935236,-0.006173016781758742,0.04579063580383254,0.014768981651260286,0.012639886106061359
2023-09-06,3.7,0.0,0.02298951822469878,0.0,-0.03644957222957736,-0.014011920021062172,-0.017978069897591802,-0.0020106677282537466,-0.003270314343509264
2023-09-07,3.7,0.0,0.02298951822469878,0.0,-0.029685810878799273,0.018228281379293984,-0.0017083203640211426,-0.008962106182564314,-0.0016727474894984824
2023-09-08,3.7,0.0,0.02298951822469878,0.0,0.0034857238687891366,0.0027527518216119884,-0.01196040362366716,0.013128912243563705,-0.002614991176095725
2023-09-11,3.7,0.0,0.02298951822469878,0.0,0.006600657216493295,0.03462479564658769,0.09615118904304938,0.010919540840870566,0.031945966511236955
2023-09-12,3.7,0.0,0.02298951822469878,0.0,-0.017207811525760994,-0.013153992385327589,-0.022549196320499374,-0.018426361925715264,-0.019369648104183516
2023-09-13,3.7,0.0,0.02298951822469878,0.0,-0.011925711884703436,0.02530902952298205,0.01418033641106544,0.012847649079020074,0.011207749807833206
2023-09-14,3.7,0.0,0.02298951822469878,0.0,0.008744220929693921,-0.0008979168301894522,0.017320639037477315,0.007824964741397674,0.021597008305840458
2023-09-15,3.7,0.0,0.02298951822469878,0.0,-0.0041625532876615684,-0.03037658988565322,-0.0059953082833390835,-0.025355523516622805,-0.03729020700758465
2023-09-18,3.7,0.0,0.02298951822469878,0.0,0.016771973392602623,-0.0029247348968620985,-0.03376463807907184,-0.0035189090236466005,0.007431198128382165
2023-09-19,3.7,0.0,0.02298951822469878,0.0,0.006161799434708031,-0.016930564270193287,0.004588376260533905,-0.001246832897819977,0.008294767514163207
2023-09-20,3.7,0.0,0.02298951822469878,0.0,-0.020194673632662682,-0.01714838747973992,-0.014780377139554338,-0.02426895299497922,-0.017859245049173512
2023-09-21,3.7,0.0,0.02298951822469878,0.0,-0.00892924274897436,-0.04505328140436448,-0.026588996104119158,-0.0038734655610949153,-0.013235028845059473
2023-09-22,3.7,0.0,0.02298951822469878,0.0,0.004932351263808599,-0.0016251248796010811,-0.043236555785455495,-0.007917606224869016,0.011264213180158906
2023-09-25,3.7,0.0,0.02298951822469878,0.0,0.007353165681663005,0.01651413665688319,0.008579557642104906,0.0016706197473705024,0.00583417408109017
2023-09-26,3.7,0.0,0.02298951822469878,0.0,-0.023676552714194825,-0.04113311252209692,-0.011687984544270934,-0.017152272106908957,-0.006235429199300756
2023-09-27,3.7,0.0,0.02298951822469878,0.0,-0.00893711523164852,0.0,-0.014939798128788435,0.002080340245081464,-0.0040892983999825105
2023-09-28,3.7,0.0,0.02298951822469878,0.0,0.0015242567874862003,0.0,0.0241549898062297,0.0027138317335636476,0.020675496538832057
2023-09-29,3.7,0.0,0.02298951822469878,0.0,0.0030418319083463045,0.009008352994332738,0.015465456415727708,0.006704896226883157,-0.012413863413334704
2023-10-02,3.9,0.0,0.07352802665234275,1.0,0.014726547156596784,0.018240461143240686,0.005500013317318054,0.018979369214354735,0.021779130183208158
2023-10-03,3.9,0.0,0.07352802665234275,1.0,-0.007800015824758698,-0.0373007704408456,-0.020356864105244222,-0.026481517321182497,-0.019350387631448245
2023-10-04,3.9,0.0,0.07352802665234275,1.0,0.007282033818722447,0.018115851921521226,0.05764957536105983,0.017617135506530428,0.015300635006181314
2023-10-05,3.9,0.0,0.07352802665234275,1.0,0.00717214517748003,-0.008222697494164894,-0.0042593870629195184,0.0012530612092467625,-0.0025884787103395883
2023-10-06,3.9,0.0,0.07352802665234275,1.0,0.014642851490705967,0.015753318962097584,0.0018441397469999051,0.02443606477253484,0.0343137910193339
2023-10-09,3.9,0.0,0.07352802665234275,1.0,0.008415510624078606,0.0023417029658428425,-0.0033063672235030548,0.007792127564098777,0.009245965330306255
2023-10-10,3.9,0.0,0.07352802665234275,1.0,-0.003357658570348376,0.00946698516860395,0.015097007960672728,-0.0043449298823689825,0.010871830053318326
2023-10-11,3.9,0.0,0.07352802665234275,1.0,0.007872847170824981,0.017986831598422272,-0.0023926822540326844,0.01219713369602039,0.018410064676384633
2023-10-12,3.9,0.0,0.07352802665234275,1.0,0.005048528579068634,0.003785588962598881,-0.015789985181823882,-0.0037976126037126095,-0.011227355715102371
2023-10-13,3.9,0.0,0.07352802665234275,1.0,-0.010346154423263988,-0.019381108651019514,-0.030395093236742683,-0.010411660837506786,-0.029649311755710398
2023-10-16,3.9,0.0,0.07352802665234275,1.0,-0.0007270233468968041,0.021042247787508333,0.011088356477393282,0.01487103294968657,0.02032017521697395
2023-10-17,3.9,0.0,0.07352802665234275,1.0,-0.008823675032496068,-0.008181257764936053,0.003655911168542864,-0.0017453879180803244,0.008835246894428786
2023-10-18,3.9,0.0,0.07352802665234275,1.0,-0.007422380468769411,-0.025733286363791553,-0.04893148784195894,-0.005889762604410314,-0.02193644472825976
2023-10-19,3.9,0.0,0.07352802665234275,1.0,-0.0021632583922641985,0.00210493209093831,-0.09761624872658338,0.0036589494976584053,-0.013211010336797958
2023-10-20,3.9,0.0,0.07352802665234275,1.0,-0.014813436215699322,-0.025477545009301914,-0.037588294506417,-0.014134247417979588,-0.013388079670179118
2023-10-23,3.9,0.0,0.07352802665234275,1.0,0.0006939657470875233,0.011043686017449744,0.00042444095402800134,0.00807927872874412,0.017216990647455344
2023-10-24,3.9,0.0,0.07352802665234275,1.0,0.002539983289353138,0.01567921771001468,0.020719371046622376,0.0036675222168743105,-0.004660496723577295
2023-10-25,3.9,0.0,0.07352802665234275,1.0,-0.013583512724400549,-0.057387204557163146,-0.01911750338776431,0.030216974607177358,-0.042549940643216946
2023-10-26,3.9,0.0,0.07352802665234275,1.0,-0.02491322525845611,-0.015106526502479031,-0.031855023921114375,-0.03823613331344411,-0.038039377898929305
2023-10-27,3.9,0.0,0.07352802665234275,1.0,0.00793765148984474,0.06609496003096194,0.007456619810883741,0.005838691437441703,0.028647639075638248
2023-10-30,3.9,0.0,0.07352802665234275,1.0,0.01223007215546487,0.038169415629497834,-0.0491375588495086,0.022485590773432217,0.019787300708998895
2023-10-31,3.9,0.0,0.07352802665234275,1.0,0.0028150946272026806,0.0028592165427562357,0.017479077618859314,0.0023686495802544096,-0.004603203903029076
2023-11-01,3.7,0.0,-0.05264373348542191,1.0,0.018565061215287827,0.028955362245697565,0.02371578467512363,0.02326998836048759,0.034515429144402934
2023-11-02,3.7,0.0,-0.05264373348542191,1.0,0.020482204722360526,0.007779930147075702,0.06060741733192271,0.0064805030342949725,-0.003147524343735745
2023-11-03,3.7,0.0,-0.05264373348542191,1.0,-0.005194624711732945,0.0038312748175106013,0.0066139872231546415,0.012779634023896145,0.011927275276173356
2023-11-06,3.7,0.0,-0.05264373348542191,1.0,0.014499487723549752,0.008191461641482902,-0.0031418755173999516,0.010517302537331496,0.003807069403955886
2023-11-07,3.7,0.0,-0.05264373348542191,1.0,0.014347325107277582,0.021031053723631822,0.013183964542986627,0.011156657447878473,0.009517691657087086
2023-11-08,3.7,0.0,-0.05264373348542191,1.0,0.005867657049542593,-0.004424354026475328,-0.0003150737899407528,0.007378370978260417,0.00300664210053103
2023-11-09,3.7,0.0,-0.05264373348542191,1.0,-0.0026280410318866377,-0.010471269344291862,-0.056160489658582134,-0.006934724797652529,0.002404636510978606
2023-11-10,3.7,0.0,-0.05264373348542191,1.0,0.022954630821852944,0.02083402648617425,0.021996498496030296,0.02459196544312802,0.025320463422707405
2023-11-13,3.7,0.0,-0.05264373348542191,1.0,-0.008620746627762847,-0.006779695661997966,0.04134183399945281,-0.00812115702882877,0.0012764491750235896
2023-11-14,3.7,0.0,-0.05264373348542191,1.0,0.014184838459041695,0.022262486894446033,0.059438019477541446,0.009742824870593806,0.02139839810498986
2023-11-15,3.7,0.0,-0.05264373348542191,1.0,0.0030362423927836404,-0.017993607290294027,0.022614155469065075,0.0004059741982266833,-0.010762087551518446
2023-11-16,3.7,0.0,-0.05264373348542191,1.0,0.009001338741890831,-0.002587108521031568,-0.03883534904080814,0.01743040654878275,0.0044384510777284465
2023-11-17,3.7,0.0,-0.05264373348542191,1.0,-0.00010526290110697045,0.016319176713110995,0.0030349323976646067,-0.0169436736698251,0.002540057062334181
2023-11-20,3.7,0.0,-0.05264373348542191,1.0,0.009235406751857871,0.006522368493262836,0.005533119144943252,0.020314021010395377,0.014607508521394943
2023-11-21,3.7,0.0,-0.05264373348542191,1.0,-0.0042397637472943814,-0.015378098422388055,0.023490974516940124,-0.011645466953775663,-0.008833757429268667
2023-11-22,3.7,0.0,-0.05264373348542191,1.0,0.003508182115962134,0.01933932343605667,-0.029408274734311717,0.01273115747702088,0.013294906672168882
2023-11-24,3.7,0.0,-0.05264373348542191,1.0,-0.007028877377408184,0.00020445580612358505,0.005280386261856706,-0.0011122317504685467,-0.009592356936629765
2023-11-27,3.7,0.0,-0.05264373348542191,1.0,-0.0009480122300994482,0.006723903692254734,0.0026721746625813217,0.0031216711129937558,-0.010491494420445684
2023-11-28,3.7,0.0,-0.05264373348542191,1.0,0.0032088021761820266,-0.00474961512561893,0.04408335693193017,0.010744757943915276,0.012735895545987882
2023-11-29,3.7,0.0,-0.05264373348542191,1.0,-0.00542430487142054,-0.004840585148378569,-0.010512266581044115,-0.010111260862058456,-0.02023320096911503
2023-11-30,3.7,0.0,-0.05264373348542191,1.0,0.0030581523905899187,-0.001573209061844679,-0.01676961998268328,0.00015847579491942143,-0.015318703399327935
2023-12-01,3.8,0.0,-0.10907700520238174,1.0,0.006768288640098551,0.006413794210223246,-0.005220199323597404,-0.011680266975554951,-0.007147509431131694
2023-12-04,3.8,0.0,-0.10907700520238174,1.0,-0.009509663244721486,-0.01500697967354326,-0.01370144313218934,-0.014442326222288583,-0.0148877181511423
2023-12-05,3.8,0.0,-0.10907700520238174,1.0,0.020844358729423848,0.013986300502114904,0.013240755825754019,0.009114590339551509,-0.005420554286638588
2023-12-06,3.8,0.0,-0.10907700520238174,1.0,-0.00570312127444202,-0.016198024273178,0.002719129460769398,-0.010036261785989434,-0.002642514097854899
2023-12-07,3.8,0.0,-0.10907700520238174,1.0,0.010088305693537697,0.016198024273177868,0.013568409275163597,0.005812920915346728,0.028385377232526533
2023-12-08,3.8,0.0,-0.10907700520238174,1.0,0.007384982504756222,0.003669683224747049,0.004933396614923965,0.008803333949365501,0.018685783063125388
2023-12-11,3.8,0.0,-0.10907700520238174,1.0,-0.013011553418824526,-0.010432734440314026,-0.016957231787828677,-0.007860440935077768,-0.022705009242013945
2023-12-12,3.8,0.0,-0.10907700520238174,1.0,0.007888653963756907,0.010839635496016388,-0.011452714531076777,0.008261140389961572,0.027113020031787016
2023-12-13,3.8,0.0,-0.10907700520238174,1.0,0.016553872932676895,0.009179334477907091,0.009573866272891631,-2.6841263965889365e-05,0.0015546812042463549
2023-12-14,3.8,0.0,-0.10907700520238174,1.0,0.0007572571943434344,-0.009586235533609468,0.04797595720291628,-0.022802483087852692,-0.004701223629620373
2023-12-15,3.8,0.0,-0.10907700520238174,1.0,-0.0027292980593774012,0.01714963889276147,0.009711688394547188,0.013032174354251304,0.005238781008350202
2023-12-18,3.8,0.0,-0.10907700520238174,1.0,-0.00853958349739003,0.026971809898698733,-0.0056173183184346845,0.005165316823488334,0.028550689173908208
2023-12-19,3.8,0.0,-0.10907700520238174,1.0,0.00534586757250156,-0.0018191003361762064,0.020185249870892544,0.0016357103434544076,0.016518853886680007
2023-12-20,3.8,0.0,-0.10907700520238174,1.0,-0.0107719490382686,-0.01091834083412718,-0.0399767793773106,-0.0070981371451413,-0.0030874905732131814
2023-12-21,3.8,0.0,-0.10907700520238174,1.0,-0.0007702484045521782,0.011243426514228085,0.029345860784192233,0.007847989022050245,0.013677327904325524
2023-12-22,3.8,0.0,-0.10907700520238174,1.0,-0.005562877581459673,-0.002733830879625901,-0.007731210565404946,0.002780370310136007,-0.0019787682381099546
2023-12-26,3.8,0.0,-0.10907700520238174,1.0,-0.0028448433566449836,-6.514686816695571e-05,0.01598774007390915,0.00021351007276059167,0.004066407195830161
2023-12-27,3.8,0.0,-0.10907700520238174,1.0,0.0005176867907619238,-0.00045644547960358643,0.018647455510860632,-0.0015760317511170879,0.008419249381057939
2023-12-28,3.8,0.0,-0.10907700520238174,1.0,0.0022239291054375683,0.00026087992298881607,-0.032104151730159784,0.0032295018318263505,0.0013684887801375888
2023-12-29,3.8,0.0,-0.10907700520238174,1.0,-0.0054389097536537935,-0.009432812028151797,-0.018738327073791184,0.002022938219260575,-0.012242524504304474
2024-01-02,3.7,0.0,0.007067167223092353,0.0,-0.036442748656920286,-0.013317252487412825,-0.00024148746074577508,-0.013843780705308829,-0.021907372197932352
2024-01-03,3.7,0.0,0.007067167223092353,0.0,-0.007515662965967791,-0.009785543802100045,-0.04096122279932548,-0.0007283891141550723,-0.005269534787281822
2024-01-04,3.7,0.0,0.007067167223092353,0.0,-0.012781573255773615,-0.02661905587134582,-0.0021831499656647054,-0.007203464924261245,0.00766344255326855
2024-01-05,3.7,0.0,0.007067167223092353,0.0,-0.004020978397939149,0.004623714384981175,-0.0018509415250833076,-0.0005163308889835911,0.01381865839669065
2024-01-08,3.7,0.0,0.007067167223092353,0.0,0.02388711341800546,0.026229678338986727,0.012386614576639277,0.018695684509973522,0.01888563555093585
2024-01-09,3.7,0.0,0.007067167223092353,0.0,-0.00226589783953653,0.015109875810597672,-0.023096839566935645,0.002931391608187278,-0.003435256080674065
2024-01-10,3.7,0.0,0.007067167223092353,0.0,0.005655395428788248,0.015470650615520465,-0.004350632806278706,0.018403776582750383,0.035833044119024965
2024-01-11,3.7,0.0,0.007067167223092353,0.0,-0.0032276777426174376,0.009387897135060054,-0.029145966144498332,0.004847477937322847,-0.0021617301055577394
2024-01-12,3.7,0.0,0.007067167223092353,0.0,0.001776549185122585,-0.0036152239546972612,-0.03734939877742937,0.009934281200011216,0.01295422146447836
2024-01-16,3.7,0.0,0.007067167223092353,0.0,-0.012393637175630865,-0.009487311793446907,0.004649070658851297,0.004622681414747619,-0.018950600223745735
2024-01-17,3.7,0.0,0.007067167223092353,0.0,-0.005187014263596447,-0.009512302504832145,-0.020025473044372827,-0.0020519051072822162,0.0024733403028513964
2024-01-18,3.7,0.0,0.007067167223092353,0.0,0.03205154326316067,0.011729719012639512,-0.017172815629643214,0.011234045049211022,0.020847062980079566
2024-01-19,3.7,0.0,0.007067167223092353,0.0,0.015413791774514452,0.011915672389449407,0.0014620115002590317,0.012113207731459888,0.019274316450714726
2024-01-22,3.7,0.0,0.007067167223092353,0.0,0.012089770025994854,-0.003611493461086361,-0.016105240597581734,-0.00543275387500136,-0.004364670134680726
2024-01-23,3.7,0.0,0.007067167223092353,0.0,0.006631127403740521,0.007979485588611064,0.0016270106278732431,0.006009427940564445,0.008918156161721083
2024-01-24,3.7,0.0,0.007067167223092353,0.0,-0.0034899927619174557,0.005433174197432314,-0.006283434610725192,0.009133388255872399,0.014177345271634141
2024-01-25,3.7,0.0,0.007067167223092353,0.0,-0.0016981931422678667,0.005594095679664069,-0.12925817170128795,0.0057219193164976395,0.006327529300468884
2024-01-26,3.7,0.0,0.007067167223092353,0.0,-0.009053395249277344,0.008647102438040672,0.003389065826718794,-0.002324597111013861,0.002438627130478488
2024-01-29,3.7,0.0,0.007067167223092353,0.0,-0.0035924543908787978,0.013359331333490848,0.04105548959785763,0.014232658267838878,0.017305167566207334
2024-01-30,3.7,0.0,0.007067167223092353,0.0,-0.019433334055051557,-0.014113732972622603,0.0034508226289791306,-0.0027619342599237455,-0.002396816032076386
2024-01-31,3.7,0.0,0.007067167223092353,0.0,-0.019547309621721243,-0.024189614134501332,-0.022699471099276523,-0.027315992214388386,-0.025109002896350804
2024-02-01,3.9,0.0,0.015720847786948246,0.0,0.013252270576688699,0.02594906400632865,0.008347821172369478,0.01547396483726675,0.011823027292445191
2024-02-02,3.9,0.0,0.015720847786948246,0.0,-0.005419817924290132,0.07572554877189726,-0.005042858776994556,0.018258297519437194,0.1849651735734101
2024-02-05,3.9,0.0,0.015720847786948246,0.0,0.00979852685091729,-0.008768909348284514,-0.03713468972636411,-0.013637698856405827,-0.033350674826722854
2024-02-06,3.9,0.0,0.015720847786948246,0.0,0.008594590670686138,-0.006834432372405122,0.02206779799027196,-0.0003945099576716061,-0.010261125184134256
2024-02-07,3.9,0.0,0.015720847786948246,0.0,0.0005809787687288742,0.008125368023266808,0.013309178288648728,0.02089044528100236,0.03217804971283008
2024-02-08,3.9,0.0,0.015720847786948246,0.0,-0.005771276881799476,-0.0040544313336464575,0.010500153377802503,0.00014492899011998628,0.0008727034068899672
2024-02-09,3.9,0.0,0.015720847786948246,0.0,0.004085679053301888,0.026781354306300166,0.02093365777497024,0.015431744894213558,-0.004029429889450181
2024-02-12,3.9,0.0,0.015720847786948246,0.0,-0.009042714055622337,-0.012168901576895616,-0.02850600281752684,-0.012658477915473757,0.0016863361139614376
2024-02-13,3.9,0.0,0.015720847786948246,0.0,-0.01133852450969316,-0.02170298682855135,-0.022088768605910858,-0.021763909693414348,-0.018902275195370143
2024-02-14,3.9,0.0,0.015720847786948246,0.0,-0.004821225025518562,0.013780303876272836,0.02516701014711292,0.009619119599774887,0.02819984303729164
2024-02-15,3.9,0.0,0.015720847786948246,0.0,-0.001575985844816525,-0.006925273760105457,0.06035334314528131,-0.00718107575011823,0.022459823699849914
2024-02-16,3.9,0.0,0.015720847786948246,0.0,-0.008466146556635626,-0.0017094021256489145,-0.0024975038337594173,-0.0061680403142079345,-0.02237521415627189
2024-02-20,3.9,0.0,0.015720847786948246,0.0,-0.004122537516637839,-0.014439139136134756,-0.031447068575792124,-0.0031479937857358986,-0.0033226264562808833
2024-02-21,3.9,0.0,0.015720847786948246,0.0,0.004177484708174005,0.008996959517601153,0.005199145723306879,-0.0015156791956882343,-0.006856180245216778
2024-02-22,3.9,0.0,0.015720847786948246,0.0,0.011181005174071718,0.03491338968982024,0.013463405650618309,0.023273682686715366,0.03794360920828209
2024-02-23,3.9,0.0,0.015720847786948246,0.0,-0.010084721437046739,0.0023457610294128446,-0.027943686650054866,-0.0031874038430955596,-0.004329161486051009
2024-02-26,3.9,0.0,0.015720847786948246,0.0,-0.007479236949413657,-0.0014869599257995307,0.03797371074003026,-0.0068469100581776835,-0.004742374442369465
2024-02-27,3.9,0.0,0.015720847786948246,0.0,0.00808161360345113,-0.006833819221537168,0.001653606167566249,-0.00014729855206547496,0.010962146558391284
2024-02-28,3.9,0.0,0.015720847786948246,0.0,-0.006647289281920361,-0.0021920379551390117,0.011499231283567918,0.0005888355834439233,-0.006240529101708409
2024-02-29,3.9,0.0,0.015720847786948246,0.0,-0.0036999185550115115,0.02057680546309288,-0.0007921787106965236,0.01441534946711786,0.012544351320899623
2024-03-01,3.9,0.0,-0.003472225710749092,0.0,-0.006048784879422746,0.008225899848415687,0.0037575170226514664,0.004486628111752871,0.024526996785716806
2024-03-04,3.9,0.0,-0.003472225710749092,0.0,-0.025708904919804963,-0.0035975271186564546,-0.07424463938175002,-0.0013969071082557895,-0.008215982309419131
2024-03-05,3.9,0.0,-0.003472225710749092,0.0,-0.02885333750115696,-0.019676533274039055,-0.04012679843323044,-0.0300179788487007,-0.016127234938014746
2024-03-06,3.9,0.0,-0.003472225710749092,0.0,-0.005895351648053244,-0.0035094856867787733,-0.023512123304642613,-0.0013917826577516084,0.011903093834685245
2024-03-07,3.9,0.0,-0.003472225710749092,0.0,-0.0007098782907483388,0.018897104445031784,0.01188110874296599,0.017381564382342837,0.031938203828644394
2024-03-08,3.9,0.0,-0.003472225710749092,0.0,0.010184706242906993,-0.00834829600574499,-0.018701625030085045,-0.007162625112137523,-0.012257649551466198
2024-03-11,3.9,0.0,-0.003472225710749092,0.0,0.011762008356213525,-0.01952208072253206,0.013763678693560029,-0.004193709830120251,-0.04520054392672051
2024-03-12,3.9,0.0,-0.003472225710749092,0.0,0.0027746504855502363,0.01975013161880721,-0.0012947061441473569,0.02625171471314268,0.03287052019754718
2024-03-13,3.9,0.0,-0.003472225710749092,0.0,-0.012196614703212162,0.006648685830772736,-0.04646099727496628,-0.0004334973226727809,-0.0083993624849169
2024-03-14,3.9,0.0,-0.003472225710749092,0.0,0.01086798106832745,0.012327433453265669,-0.042056898779332184,0.024087268890578852,-0.007575543458195036
2024-03-15,3.9,0.0,-0.003472225710749092,0.0,-0.0021987370628817906,-0.02452200827324045,0.006563076277915342,-0.020912345557413687,-0.015841440147487194
2024-03-18,3.9,0.0,-0.003472225710749092,0.0,0.0063520112359139016,0.00034392410567333365,0.060664152342604714,0.002158901338257724,0.026258228518300494
2024-03-19,3.9,0.0,-0.003472225710749092,0.0,0.01349371903400331,0.008105519638180665,-0.014372034891457558,0.009752999840506697,-0.0014902244036520235
2024-03-20,3.9,0.0,-0.003472225710749092,0.0,0.014602127997851762,0.01271024074657137,0.025017133837829976,0.0090239592158556,0.01852789696201807
2024-03-21,3.9,0.0,-0.003472225710749092,0.0,-0.04171568168830152,0.0,-0.016299696542812377,0.009688960576445005,0.004421409779769528
2024-03-22,3.9,0.0,-0.003472225710749092,0.0,0.0052962330317992525,0.004033399915744371,-0.01158171211632812,-0.0014684278228649537,0.0035778907180646653
2024-03-25,3.9,0.0,-0.003472225710749092,0.0,-0.008335100353999966,0.00468522019633587,0.010481683435756076,-0.013809584526228645,-0.012956888349701507
2024-03-26,3.9,0.0,-0.003472225710749092,0.0,-0.006694872198337345,-0.007876935918428052,0.0287772826285837,-0.0028656780021892292,-0.014275826366506556
2024-03-27,3.9,0.0,-0.003472225710749092,0.0,0.02099065746726129,0.008544428374293455,0.012084083617363902,-0.0005217751360410876,-0.004102106284520542
2024-03-28,3.9,0.0,-0.003472225710749092,0.0,-0.010615270935471493,0.003053793447902987,-0.02272190773999231,-0.0016861559883520085,-0.016907893547058322
2024-04-01,3.9,0.0,0.0425596144187959,0.0,-0.008491615510567437,0.00326551461029285,-0.0032477284143495326,0.009109274931493036,0.01181251258335723
2024-04-02,3.9,0.0,0.0425596144187959,0.0,-0.007023248006879629,-0.0015484091821309372,-0.05026651935105258,-0.007399318951783172,0.012177570301311056
2024-04-03,3.9,0.0,0.0425596144187959,0.0,0.004785880197387579,0.009474051539763393,0.010447544054431742,-0.0023519348233977146,0.018663915685872785
2024-04-04,3.9,0.0,0.0425596144187959,0.0,-0.004904552206624866,-0.013300069884866008,0.016083269202606634,-0.006131295279371402,0.008214974340920469
2024-04-05,3.9,0.0,0.0425596144187959,0.0,0.00449175850379507,0.027777320574842966,-0.03696743555877544,0.018117697857072384,0.03163250589016518
2024-04-08,3.9,0.0,0.0425596144187959,0.0,-0.006685800561120417,0.0006481667921116775,0.04783676362708771,-0.0021880476791787022,-0.015460151526191783
2024-04-09,3.9,0.0,0.0425596144187959,0.0,0.007216322362504115,0.0025885563003378185,0.022295607975213145,0.003972562064459685,-0.004535895339274197
2024-04-10,3.9,0.0,0.0425596144187959,0.0,-0.011201505536228003,0.0015069094018642995,-0.02937344256551801,-0.0071097751864845835,0.005652181126390225
2024-04-11,3.9,0.0,0.0425596144187959,0.0,0.042360623761555576,0.016533742520170792,0.016399556773736196,0.010972795196972805,0.0063857051742966285
2024-04-12,3.9,0.0,0.0425596144187959,0.0,0.008589726392395646,-0.015566165935951603,-0.020541749097701737,-0.014191200148609171,-0.02175809844777647
2024-04-15,3.9,0.0,0.0425596144187959,0.0,-0.022105976779965283,-0.013577002419975346,-0.05757465973833702,-0.01977228713732673,-0.023061324794051853
2024-04-16,3.9,0.0,0.0425596144187959,0.0,-0.01935337605926143,-0.0016350785294987403,-0.027435068682222955,0.002269874289117942,-0.0009398708020884077
2024-04-17,3.9,0.0,0.0425596144187959,0.0,-0.00818077485537317,-0.011190509048215303,-0.01062208397137564,-0.006630962479909577,-0.0112485371415357
2024-04-18,3.9,0.0,0.0425596144187959,0.0,-0.00573078911682976,-0.011428682278624262,-0.036155647217109545,-0.018551951276207908,0.015322028221029608
2024-04-19,3.9,0.0,0.0425596144187959,0.0,-0.012287856493521756,-0.025944630354616176,-0.01939578390268632,-0.012820849488091503,-0.04218874225424725
2024-04-22,3.9,0.0,0.0425596144187959,0.0,0.005078130617336811,0.01477882204751945,-0.0345935559693179,0.004599520864564351,0.0013709852481182656
2024-04-23,3.9,0.0,0.0425596144187959,0.0,0.006371337015981416,0.0129496869735391,0.018345226676437152,0.016351084637126773,0.029393698351639456
2024-04-24,3.9,0.0,0.0425596144187959,0.0,0.012622170360422387,-0.01656734624660272,0.11387415621830609,0.0036489701624185865,-0.005254653041785666
2024-04-25,3.9,0.0,0.0425596144187959,0.0,0.005134290898850689,-0.016673704471388103,0.04845814470471284,-0.024800174254709626,-0.11161667161820134
2024-04-26,3.9,0.0,0.0425596144187959,0.0,-0.003478947753799601,0.03368654484295438,-0.011168015552988686,0.01807965865516488,0.004318108720180909
2024-04-29,3.9,0.0,0.0425596144187959,0.0,0.024505425101226316,0.007432568410519159,0.14242723171122051,-0.010067405839555362,-0.024364701506501434
2024-04-30,3.9,0.0,0.0425596144187959,0.0,-0.01843995733957263,-0.03349007554568368,-0.05710084205665045,-0.03264658612334882,-0.00567890770990246
2024-05-01,3.9,0.0,-0.00836824967051658,0.0,-0.006065467761653652,0.022599831917240992,-0.018113707174260838,0.014306832746952712,0.020751418685182786
2024-05-02,3.9,0.0,-0.00836824967051658,0.0,0.021792551277511896,0.031455365813882176,0.00011105007606901516,0.007315790360384854,0.0056535230281125
2024-05-03,3.9,0.0,-0.00836824967051658,0.0,0.0580955638552406,0.008033933494385928,0.006533843535574036,0.021927569467447387,0.02300792055814047
2024-05-06,3.9,0.0,-0.00836824967051658,0.0,-0.009148389445791903,0.013283331052944075,0.019511437908750914,0.016776864773380803,0.029905112832943524
2024-05-07,3.9,0.0,-0.00836824967051658,0.0,0.003790003223669653,0.00031790155490520083,-0.03834210509362018,-0.010208046027989142,0.005482333083671672
2024-05-08,3.9,0.0,-0.00836824967051658,0.0,0.0018623879852978232,-0.004034374926922967,-0.017530851194269642,0.002927071061801089,0.00926841467481849
2024-05-09,3.9,0.0,-0.00836824967051658,0.0,0.009964512819797627,0.00794706169253194,-0.015864649448707812,0.004326518245698167,0.0059491595188553275
2024-05-10,3.9,0.0,-0.00836824967051658,0.0,-0.0069141269166176815,-0.010716874256865036,-0.020562350450525728,0.0058519928669373625,0.0016393144071449033
2024-05-13,3.9,0.0,-0.00836824967051658,0.0,0.017491548735131382,-0.004865607224493341,0.020097034145307512,-0.0024623288536212416,-0.01734821750242985
2024-05-14,3.9,0.0,-0.00836824967051658,0.0,0.006154347624825664,0.002676374471979152,0.03239754278801776,0.0068410725966660466,0.008171420679525554
2024-05-15,3.9,0.0,-0.00836824967051658,0.0,0.012144057881455596,-0.005789979151338669,-0.020254418706909572,0.017332829953421884,0.020328237059507342
2024-05-16,3.9,0.0,-0.00836824967051658,0.0,0.000632247787574431,-0.012770048240180699,0.004873391179277019,-0.004952318256430703,-0.01740773988249605
2024-05-17,3.9,0.0,-0.00836824967051658,0.0,0.000157918447124054,0.005809980560830076,0.01487402019069651,-0.00185437816188584,-0.002793400968396083
2024-05-20,3.9,0.0,-0.00836824967051658,0.0,0.006143315212802152,-0.006300279871404103,-0.014245067870223688,0.012134197501017357,-0.006526706670141347
2024-05-21,3.9,0.0,-0.00836824967051658,0.0,0.006833810449374253,-0.00212713491141393,0.06446711975223302,0.008661401852305814,-0.009020145961282759
2024-05-22,3.9,0.0,-0.00836824967051658,0.0,-0.007567051476732387,-0.00010914608364277473,-0.035399542384592614,0.003443606167607689,0.006756699637467761
2024-05-23,3.9,0.0,-0.00836824967051658,0.0,-0.021282938923921222,-0.011423056748417279,-0.036007818288810785,-0.008209789107901799,-0.00428456796519546
2024-05-24,3.9,0.0,-0.00836824967051658,0.0,0.01645219886405186,-0.001658392028660058,0.03116576011599187,0.007373310226605859,0.026357451848616934
2024-05-28,3.9,0.0,-0.00836824967051658,0.0,5.257645490654772e-05,0.007715628907514658,-0.013989415788236143,0.0003718307657398693,0.0035484494609569605
2024-05-29,3.9,0.0,-0.00836824967051658,0.0,0.0015777890255329252,-0.0007138953246986688,-0.0031733327174769638,-0.0026760690134919004,-0.011652878428027943
2024-05-30,3.9,0.0,-0.00836824967051658,0.0,0.005241443428214681,-0.014944634490046925,0.014648923152829736,-0.034370058781416156,-0.015530265040093373
2024-05-31,3.9,0.0,-0.00836824967051658,0.0,0.005005987224716796,-0.01619107105787046,-0.003978997402597566,0.0011086967629584245,-0.00047105935366691245
2024-06-03,4.1,0.0,-0.022090957814191972,0.0,0.009216078547136816,0.010710931098535235,-0.010102569596006488,-0.0038859033711567564,0.022578000919717133
2024-06-04,4.1,0.0,-0.022090957814191972,0.0,0.001647996604774561,0.0055916049316681584,-0.008659479988969872,0.006147744182470719,-0.00104771186218213
2024-06-05,4.1,0.0,-0.022090957814191972,0.0,0.00779049854028045,0.010759365441920877,0.0013151256990527008,0.018903502834338136,0.03718346373043683
2024-06-06,4.1,0.0,-0.022090957814191972,0.0,-0.007121866432429875,0.02031303453242799,0.016660454613497404,0.0012020712314741932,-0.0026293634858243183
2024-06-07,4.1,0.0,-0.022090957814191972,0.0,0.012315839721122683,-0.0037909438439048654,-0.0025885260992180074,-0.0015794365279313892,-0.0016216039842669881
2024-06-10,4.1,0.0,-0.022090957814191972,0.0,-0.019333530531070463,0.014864526720524128,-0.02101026729322036,0.009439632514301364,0.019366684358505807
2024-06-11,4.1,0.0,-0.022090957814191972,0.0,0.07013144593051472,0.0009083768397987709,-0.01817434057762428,0.01117905918126951,0.009642873111883733
2024-06-12,4.1,0.0,-0.022090957814191972,0.0,0.028177714484368885,-0.0018175795783648761,0.03811347747393242,0.019182487938526956,0.0026961580141965586
2024-06-13,4.1,0.0,-0.022090957814191972,0.0,0.005476087324272172,-0.016508777761010902,0.028799010597446485,0.001178373622030338,-0.009358997014509382
2024-06-14,4.1,0.0,-0.022090957814191972,0.0,-0.008202021873541467,-0.000925185330377967,-0.024746085007725318,0.0022394130036190937,0.0011113993209245978
2024-06-17,4.1,0.0,-0.022090957814191972,0.0,0.01948054074837888,0.002175536021534634,0.051619109593938894,0.013020225852251713,0.0048873498666511936
2024-06-18,4.1,0.0,-0.022090957814191972,0.0,-0.011045282119043577,-0.006814429382413544,-0.013860022086213656,-0.0045378727261674275,-0.014193508081814002
2024-06-20,4.1,0.0,-0.022090957814191972,0.0,-0.021747656739927523,0.017836847681061675,-0.017957490517488177,-0.001434910970147119,0.004414810846953508
2024-06-21,4.1,0.0,-0.022090957814191972,0.0,-0.010499395524989864,0.015886019163884733,0.007899471520701,0.00911250435113636,-0.013889154943860877
2024-06-24,4.1,0.0,-0.022090957814191972,0.0,0.0031277430350595556,-0.018738006784044702,-0.002352322975825913,-0.0047022414045277405,0.008312497727607893
2024-06-25,4.1,0.0,-0.022090957814191972,0.0,0.004458337799162011,0.004140733544431204,0.025790114652126835,0.007300179451859277,0.023160887327990348
2024-06-26,4.1,0.0,-0.022090957814191972,0.0,0.01979607109066343,0.03827288718411035,0.047022052078927956,0.0026795757147421314,0.004923185026024655
2024-06-27,4.1,0.0,-0.022090957814191972,0.0,0.003977994812775899,0.02166336912708652,0.005332819818052439,0.0015249079017873265,0.012472382145092808
2024-06-28,4.1,0.0,-0.022090957814191972,0.0,-0.016387732090786505,-0.02352451121310858,0.0023273813203096337,-0.013114291246655065,-0.02996949464856447
2024-07-01,4.2,0.0,0.0034305350967892222,0.0,0.028689016060040026,0.020233739225558187,0.05877983360300819,0.021645640153237118,0.0009119057565554152
2024-07-02,4.2,0.0,0.0034305350967892222,0.0,0.016109482469421753,0.01409893985494711,0.09710195030947986,0.005567603400159344,0.009505287529230058
2024-07-03,4.2,0.0,0.0034305350967892222,0.0,0.0057943243682246365,-0.012123208336190894,0.06337304899541438,0.003239100071848744,0.0009023394506095361
2024-07-05,4.2,0.0,0.0034305350967892222,0.0,0.021390029215188067,0.012123208336190851,0.02060688228437311,0.014628602676707039,0.05707022634956853
2024-07-08,4.2,0.0,0.0034305350967892222,0.0,0.006517461924660808,-0.0035563498917093785,0.005629789876539415,-0.002827125754512401,-0.019809140076164185
2024-07-09,4.2,0.0,0.0034305350967892222,0.0,0.003767807786684971,0.0002508745118109151,0.0364508858978897,-0.014474556652061397,0.0012836007389861264
2024-07-10,4.2,0.0,0.0034305350967892222,0.0,0.018629122473414167,0.0022548901390979956,0.0035389720904070512,0.014495964053052897,0.008810097287024829
2024-07-11,4.2,0.0,0.0034305350967892222,0.0,-0.023494735284383655,-0.02401082970854252,-0.08822077208547265,-0.02508400995096273,-0.04199609394533169
2024-07-12,4.2,0.0,0.0034305350967892222,0.0,0.012966476423683109,-0.0028751754997392003,0.029434316513726216,-0.002532538842778342,-0.027345410975717615
2024-07-15,4.2,0.0,0.0034305350967892222,0.0,0.016604577601941825,-0.009142411458262565,0.017609829570940913,0.0009037075335332651,-0.005447030049400697
2024-07-16,4.2,0.0,0.0034305350967892222,0.0,0.0017902885361148143,0.0015554679731073517,0.015396997777534727,-0.009828754388532958,-0.012921697195427594
2024-07-17,4.2,0.0,0.0034305350967892222,0.0,-0.025621502821612768,-0.026724318518412248,-0.031919700332288976,-0.01343738289077453,-0.05843356213307869
2024-07-18,4.2,0.0,0.0034305350967892222,0.0,-0.020748622538622436,-0.022493376002440963,0.002933302220995548,-0.0071276746147086,0.029559421475364774
2024-07-19,4.2,0.0,0.0034305350967892222,0.0,0.0005796879593553626,-0.0033798282769946274,-0.04107613843938729,-0.007430414246853622,0.0019735355795489845
2024-07-22,4.2,0.0,0.0034305350967892222,0.0,-0.0015613799510991392,-0.003172184996925187,0.05018271902171053,0.01324953942697901,0.02200898120785705
2024-07-23,4.2,0.0,0.0034305350967892222,0.0,0.0046773239178589075,0.02092444370758336,-0.02060764898795659,0.004302860544940284,0.0026431519839556082
2024-07-24,4.2,0.0,0.0034305350967892222,0.0,-0.029175891441415892,-0.03039119500388669,-0.13164294360339135,-0.0365134332554423,-0.05774475729009806
2024-07-25,4.2,0.0,0.0034305350967892222,0.0,-0.004815991714202749,-0.005434169444389781,0.01953112906763447,-0.024785919260662734,-0.017186749072056112
2024-07-26,4.2,0.0,0.0034305350967892222,0.0,0.0021586593779724093,0.014626968944213104,-0.0020452089625195087,0.016286346347619152,0.02674484916596583
2024-07-29,4.2,0.0,0.0034305350967892222,0.0,0.0012837803839983878,0.0038282625594168156,0.054450283723543685,0.003427229659244404,2.142031378064437e-05
2024-07-30,4.2,0.0,0.0034305350967892222,0.0,0.0025626270456538046,-0.008166388972744573,-0.04170207944562914,-0.008968357177585814,-0.0054256693027455215
2024-07-31,4.2,0.0,0.0034305350967892222,0.0,0.014879606517217859,0.02858958980412218,0.04157282172336867,-0.010864799248845492,0.0248194855295156
2024-08-01,4.2,0.0,-0.04196419909903219,0.0,-0.01689258636386748,-0.015685476578311947,-0.06778709499652093,-0.002968528565363284,0.04712093275013411
2024-08-02,4.2,0.0,-0.04196419909903219,0.0,0.006845990103552301,-0.09194763210362274,-0.043301714320780345,-0.020882335183061398,-0.019475552424388105
2024-08-05,4.2,0.0,-0.04196419909903219,0.0,-0.049365698905409164,-0.041839920325843556,-0.04324862022379944,-0.033202098226524264,-0.02575173990858707
2024-08-06,4.2,0.0,-0.04196419909903219,0.0,-0.009796124186903758,0.005635490449044775,0.008810602088580683,0.011223707507638278,0.0378671753580099
2024-08-07,4.2,0.0,-0.04196419909903219,0.0,0.012420768692514864,0.005174089797253657,-0.04526769292244102,-0.002957327268024348,-0.010518817336284651
2024-08-08,4.2,0.0,-0.04196419909903219,0.0,0.01649645962239474,0.0184440734555928,0.036255901329012616,0.010635301497579276,0.041486100588984914
2024-08-09,4.2,0.0,-0.04196419909903219,0.0,0.013642509887181598,0.0068522199395901024,0.00581690373893266,0.00823529935528426,0.015846245245262087
2024-08-12,4.2,0.0,-0.04196419909903219,0.0,0.007104625828735031,-0.0008389728264874979,-0.012629388585244743,0.0019439648959614648,-0.0035212071399309372
2024-08-13,4.2,0.0,-0.04196419909903219,0.0,0.01704690743759989,0.020354930507755713,0.05103246867853809,0.017543794170137707,0.024108506220526224
2024-08-14,4.2,0.0,-0.04196419909903219,0.0,0.0020316651527100722,-0.0007639034445704183,-0.03152675190710158,0.0068603183803672045,-0.0033734625808443785
2024-08-15,4.2,0.0,-0.04196419909903219,0.0,0.013439848494398134,0.043090966761615855,0.061436309145650216,0.011754428692502303,0.019867445905271168
2024-08-16,4.2,0.0,-0.04196419909903219,0.0,0.005901075443882924,-0.002988857651035908,0.00920378250292453,-0.006098813239208531,-0.01861520508455223
2024-08-19,4.2,0.0,-0.04196419909903219,0.0,-0.0007080762277809926,0.006530104639669463,0.0300815962441386,0.007285703995406337,0.0035202704403895957
2024-08-20,4.2,0.0,-0.04196419909903219,0.0,0.002740803416550975,0.0036964682293246748,-0.007300267158314731,0.0077274773099658385,-0.00482950035924922
2024-08-21,4.2,0.0,-0.04196419909903219,0.0,-0.0004856580272817161,0.006852561474421805,0.00976670507756732,-0.0015548343454544807,0.015877765025877805
2024-08-22,4.2,0.0,-0.04196419909903219,0.0,-0.008293985694969138,-0.02234539227075752,-0.05813634375381778,-0.020460687700786948,-0.006053846658498907
2024-08-23,4.2,0.0,-0.04196419909903219,0.0,0.01023547530749256,0.005153271352930898,0.044835591431516886,0.0029795735240660307,-0.007415728243592668
2024-08-26,4.2,0.0,-0.04196419909903219,0.0,0.0014977690839383891,-0.008736614913990125,-0.032803441227522996,-0.007949229783052039,-0.013115935895666736
2024-08-27,4.2,0.0,-0.04196419909903219,0.0,0.0037345363947242772,-0.013654075452589952,-0.018939062709292416,0.0008461178381234942,-0.0038837438771933334
2024-08-28,4.2,0.0,-0.04196419909903219,0.0,-0.006776371617467972,-0.013491668231426824,-0.01667672472989858,-0.007859920025163265,-0.004479122640762796
2024-08-29,4.2,0.0,-0.04196419909903219,0.0,0.0144650113469455,0.007698580379841969,0.0025726237078790366,0.0061186604810409845,0.002782448749413573
2024-08-30,4.2,0.0,-0.04196419909903219,0.0,-0.0034437631846588068,0.036396721617948,0.03725544123667223,0.009683792815548002,0.005944824836701513
2024-09-03,4.1,0.0,-0.03267078228954871,0.0,-0.027582195409840964,-0.012685159527315687,-0.016529275820300126,-0.018631494579707527,-0.018488942554717436
2024-09-04,4.1,0.0,-0.03267078228954871,0.0,-0.008656049477503452,-0.016706139175178974,0.040981513663141275,-0.0013197195144952496,0.0019130645960199687
2024-09-05,4.1,0.0,-0.03267078228954871,0.0,0.006903821490323698,0.025968075788917713,0.047876016035803666,-0.0012481208635676515,0.00800313739600912
2024-09-06,4.1,0.0,-0.03267078228954871,0.0,-0.007039707711997132,-0.03722372046282126,-0.08824048544582774,-0.016516977687508108,-0.032624052029146845
2024-09-09,4.1,0.0,-0.03267078228954871,0.0,0.00040753369216270797,0.023127387297091972,0.025949973905266994,0.0099575758630436,0.008994542769207034
2024-09-10,4.1,0.0,-0.03267078228954871,0.0,-0.0036279779390033322,0.02338469252840609,0.044759273955983725,0.020685734957678312,0.0
2024-09-11,4.1,0.0,-0.03267078228954871,0.0,0.011518497367034124,0.02730414417528586,0.008628742512625562,0.021117846618901433,0.013850046192315814
2024-09-12,4.1,0.0,-0.03267078228954871,0.0,0.0004938825789835336,0.013350735010507195,0.007337206636805016,0.009317290215538551,0.026547869203554817
2024-09-13,4.1,0.0,-0.03267078228954871,0.0,-0.0012127431965711709,-0.002730969055689944,0.0020864851607279924,0.008372367937755832,-0.0018660379475657581
2024-09-16,4.1,0.0,-0.03267078228954871,0.0,-0.028168239594902656,-0.008616597457795744,-0.0153589759450266,0.0017402553187957153,0.017325920078566277
2024-09-17,4.1,0.0,-0.03267078228954871,0.0,0.0021703686548696435,0.010705675426824473,0.004794890315022082,0.008794090629385949,0.005684229657879332
2024-09-18,4.1,0.0,-0.03267078228954871,0.0,0.017829810434849776,-0.002410931547252041,-0.0029445960609886415,-0.010023564754370362,0.003034762660527953
2024-09-19,4.1,0.0,-0.03267078228954871,0.0,0.03639503742601804,0.018283807518041345,0.07100962175825201,0.018125795917221375,0.03856276172017966
2024-09-20,4.1,0.0,-0.03267078228954871,0.0,-0.0029316243860567455,0.009070295653554553,-0.023519752638904136,-0.007826523305357335,0.0040161290079182245
2024-09-23,4.1,0.0,-0.03267078228954871,0.0,-0.007609836548524255,0.011829538769620484,0.048140375327935025,-0.004051615218756763,0.00543618371213152
2024-09-24,4.1,0.0,-0.03267078228954871,0.0,0.003966056041949876,0.00041255068996117736,0.016935793509053217,-0.010061747855197652,-0.001915139525923153
2024-09-25,4.1,0.0,-0.03267078228954871,0.0,-0.004407859930241056,-0.007400007450933529,0.010757148762662457,0.006827126451990605,0.008801359494725984
2024-09-26,4.1,0.0,-0.03267078228954871,0.0,0.005067410263583831,-0.007141186533660476,-0.010953821465680538,-0.0018530737883009692,-0.000827190807158814
2024-09-27,4.1,0.0,-0.03267078228954871,0.0,0.001185933518603447,-0.0168284107446147,0.024249227064234113,-0.007657383682806275,-0.0008458194303865039
2024-09-30,4.1,0.0,-0.03267078228954871,0.0,0.022614298451544716,-0.008763077056375612,0.004482044837533062,0.005312886638721614,0.00891387141725835
2024-10-01,4.1,0.0,0.038013626700044205,0.0,-0.02957464927194047,-0.006460997690134298,-0.013894251852425751,-0.022586422451299885,0.007015304049901908
2024-10-02,4.1,0.0,0.038013626700044205,0.0,0.002516574093651485,-0.002000651545077023,-0.03550382703625727,-0.00849835987973379,-0.006369155633599839
2024-10-03,4.1,0.0,0.038013626700044205,0.0,-0.004906649879491466,-0.015270736231762942,-0.03414806745440706,-0.0014153323725967306,0.017238574264527105
2024-10-04,4.1,0.0,0.038013626700044205,0.0,0.004994907172197257,0.024697907897679776,0.03839570976808335,-0.001153000736937472,0.022347313227613495
2024-10-07,4.1,0.0,0.038013626700044205,0.0,-0.022788546216971864,-0.031093362659704415,-0.03768957599969925,-0.01579491575605696,-0.018903971989712096
2024-10-08,4.1,0.0,0.038013626700044205,0.0,0.01823667686936833,0.010563468311108654,0.015124010919583781,0.012544755063084004,0.01377300900174198
2024-10-09,4.1,0.0,0.038013626700044205,0.0,0.016560565824221957,0.013319379012842232,-0.014210915403026646,0.0066092778621377815,-0.0040224393443711705
2024-10-10,4.1,0.0,0.038013626700044205,0.0,-0.002180565611051415,0.00796086049904925,-0.009503630132407154,-0.003888011157815576,-0.011376841938033832
2024-10-11,4.1,0.0,0.038013626700044205,0.0,-0.006526727603920169,0.01155904643352474,-0.09192353886888906,0.0011534617192190304,0.01042826804489507
2024-10-14,4.1,0.0,0.038013626700044205,0.0,0.01634561284817792,-0.006802098901968148,0.006224848869363662,0.00675087353156264,0.000796201882865493
2024-10-15,4.1,0.0,0.038013626700044205,0.0,0.010964224425503072,0.0007995584839864811,0.0018690482583788197,-0.0009548161068614077,-0.007053682070554805
2024-10-16,4.1,0.0,0.038013626700044205,0.0,-0.008891295258006396,-0.0042714734594326426,0.007983687088569507,-0.006276510991617214,-0.016302190659442564
2024-10-17,4.1,0.0,0.038013626700044205,0.0,0.0015951415232058656,0.003418620886077508,-0.0019899714413276278,0.0014408172477013098,0.00024261321555140263
2024-10-18,4.1,0.0,0.038013626700044205,0.0,0.012201742249239467,0.007755306570388279,-0.0008605378505268966,0.003449707406309781,-0.0007976980014804497
2024-10-21,4.1,0.0,0.038013626700044205,0.0,0.006278215003580545,0.0004232229251258213,-0.008417707909120813,0.001481597645644613,-0.0022750332055524254
2024-10-22,4.1,0.0,0.038013626700044205,0.0,-0.0026251641888963796,0.0033265052557146266,-0.004029147285192923,0.02063194853907333,0.011839387717806005
2024-10-23,4.1,0.0,0.038013626700044205,0.0,-0.02186028177247962,-0.026656796914304174,-0.020018310718538105,-0.006830151974473876,-0.03198312804578765
2024-10-24,4.1,0.0,0.038013626700044205,0.0,-0.0008236926145666017,0.009000562616286057,0.19818699146920774,0.0003061609114431531,0.007229675175576636
2024-10-25,4.1,0.0,0.038013626700044205,0.0,0.0036364825996623214,0.00774968161813032,0.032891334056112616,0.008019894423315925,0.009587751888197032
2024-10-28,4.1,0.0,0.038013626700044205,0.0,0.008562738837634991,0.0029769707636567114,-0.02512824530239814,-0.0036502468233984625,0.008528896995389126
2024-10-29,4.1,0.0,0.038013626700044205,0.0,0.0011561396208312974,0.01286871001658346,-0.01145548515134625,0.012486432952876343,0.025815786997514713
2024-10-30,4.1,0.0,0.038013626700044205,0.0,-0.015395885446496008,0.009907234588807736,-0.007619899978935549,0.0013419115739416018,-0.002497831235840125
2024-10-31,4.1,0.0,0.038013626700044205,0.0,-0.01837732705189544,-0.03339535403553647,-0.03035306639591626,-0.062436894245329576,-0.04178701575342284
2024-11-01,4.2,0.0,0.026294240532687217,0.0,-0.013368578142622366,0.060018526321249224,-0.0034882074251496174,0.00984426314036539,-0.0007401217944622218
2024-11-04,4.2,0.0,0.026294240532687217,0.0,-0.004045708472273717,-0.01092182223034851,-0.02496977961188894,-0.004665083675090486,-0.011491245410260519
2024-11-05,4.2,0.0,0.026294240532687217,0.0,0.0064653415487007475,0.018822662731709527,0.03480162701711456,0.0073177875793907655,0.020740109145718152
2024-11-06,4.2,0.0,0.026294240532687217,0.0,-0.003272345239370778,0.03733922736991443,0.13759466024737685,0.020971313492718892,-0.0006642669847215873
2024-11-07,4.2,0.0,0.026294240532687217,0.0,0.021146858474635866,0.014192148444279072,0.028630012464395397,0.012417196194774396,0.03377360620915259
2024-11-08,4.2,0.0,0.026294240532687217,0.0,-0.0011888362514780944,-0.008942557238934116,0.07869717552417867,-0.006816209368041543,-0.003996515941165493
2024-11-11,4.2,0.0,0.026294240532687217,0.0,-0.012101517158939552,-0.006457525082191786,0.08580690404849912,-0.010778708599341637,-0.01052440602746135
2024-11-12,4.2,0.0,0.026294240532687217,0.0,0.0,0.009958024917575062,-0.06342678815128278,0.011937662503231857,0.002825277293268583
2024-11-13,4.2,0.0,0.026294240532687217,0.0,0.00396129963483659,0.024539669362855586,0.005313266949669512,0.005116581798672349,-0.008275908432372385
2024-11-14,4.2,0.0,0.026294240532687217,0.0,0.013676561417135037,-0.012312812938838414,-0.059448133931949705,0.003966769497633568,-0.004908763213708182
2024-11-15,4.2,0.0,0.026294240532687217,0.0,-0.014209793979990644,-0.04284745921407266,0.030196972790488486,-0.028247802976064634,-0.04081022177951551
2024-11-18,4.2,0.0,0.026294240532687217,0.0,0.013332994360030487,-0.004501522120521847,0.054664350493325395,0.0018296095467211317,0.0005771768973890361
2024-11-19,4.2,0.0,0.026294240532687217,0.0,0.0011395887601670345,0.01432430133148399,0.02120595242401374,0.00487067948746246,0.011995096891518854
2024-11-20,4.2,0.0,0.026294240532687217,0.0,0.0031490337274675513,-0.008491035845116046,-0.01154032611298051,-0.005520291008981252,0.007864252444132674
2024-11-21,4.2,0.0,0.026294240532687217,0.0,-0.002098164010935638,-0.022430287385072762,-0.007012172684276001,-0.004326203860614632,-0.004306181769294515
2024-11-22,4.2,0.0,0.026294240532687217,0.0,0.005890135574902158,-0.00637175235688548,0.0373345373484672,0.00995350545926603,-0.007039668261821494
2024-11-25,4.2,0.0,0.026294240532687217,0.0,0.012966370936938485,0.021728540914003922,-0.040430888534493496,0.00428330072599642,0.010620395715694073
2024-11-26,4.2,0.0,0.026294240532687217,0.0,0.009360464058107474,0.03132358260823746,-0.001063755153845317,0.021730211507660867,0.014807461760885102
2024-11-27,4.2,0.0,0.026294240532687217,0.0,-0.0005532298970713366,-0.010251516694207487,-0.015914020837727676,-0.011751208254068099,-0.007595887366332534
2024-11-29,4.2,0.0,0.026294240532687217,0.0,0.010163989260155043,0.010395828320660513,0.03619593916712737,0.0011104182829588527,0.008954917742171392
2024-12-02,4.1,0.0,0.0034542348680873824,0.0,0.009477546923704444,0.01347372166869659,0.03397975234247804,0.017602740768878116,0.03172089679975436
2024-12-03,4.1,0.0,0.0034542348680873824,0.0,0.012691008490703965,0.012872961773847143,-0.016005713052796626,0.0005103025128670246,0.034517063918298375
2024-12-04,4.1,0.0,0.0034542348680873824,0.0,0.0014825074863604628,0.021872981158048213,0.018355288553428408,0.014321780974673999,0.00021175489574942332
2024-12-05,4.1,0.0,0.0034542348680873824,0.0,0.00012340628273707047,0.01089568506430291,0.03178623389945424,0.011817787153287023,-0.007933233101744373
2024-12-06,4.1,0.0,0.0034542348680873824,0.0,-0.0008233125395512946,0.0289577215747153,0.05202108959673976,0.002144035562979921,0.024078417603672776
2024-12-09,4.1,0.0,0.0034542348680873824,0.0,0.01597295266888926,-0.004149028072046304,0.0014634148953150045,0.00550807300011787,-0.01648737234880452
2024-12-10,4.1,0.0,0.0034542348680873824,0.0,0.004125320928681847,-0.004654999543156226,0.028328310501358537,-0.0060492756125766056,0.009327953086200394
2024-12-11,4.1,0.0,0.0034542348680873824,0.0,-0.005179562992819888,0.02293094704166905,0.0576113551148347,0.01268616775047383,0.021342485277263554
2024-12-12,4.1,0.0,0.0034542348680873824,0.0,0.005946060380318725,-0.005618085452278564,-0.01582716714006912,0.0012687256674129394,-0.0029917477728297038
2024-12-13,4.1,0.0,0.0034542348680873824,0.0,0.0006853353430694134,-0.006616567663893641,0.04244899941747966,-0.005106958117569433,-0.01668915663189574
2024-12-16,4.1,0.0,0.0034542348680873824,0.0,0.011659484135205381,0.023763519526408726,0.05960057359180242,0.009612307620700292,0.007057363755414554
2024-12-17,4.1,0.0,0.0034542348680873824,0.0,0.009672595130981274,-0.0076711237701660145,0.035724138195772255,0.0063352395964357015,-0.007719072918587091
2024-12-18,4.1,0.0,0.0034542348680873824,0.0,-0.021654506017711135,-0.047078410933269275,-0.08642421525210743,-0.03828458198616134,-0.036580501542523916
2024-12-19,4.1,0.0,0.0034542348680873824,0.0,0.006990121065482409,0.012482931876037162,-0.009038042516689774,-0.0008235315190065523,-0.002716389174958303
2024-12-20,4.1,0.0,0.0034542348680873824,0.0,0.018641115109464066,0.007273430311082978,-0.0352567708528249,-0.0009843244105251629,-0.017479698515794322
2024-12-23,4.1,0.0,0.0034542348680873824,0.0,0.0030602323076659747,0.0006222471909635992,0.02240426356053564,-0.003096852971414379,0.024640260049884323
2024-12-24,4.1,0.0,0.0034542348680873824,0.0,0.011412762294554157,0.017573311182246015,0.07099116636191981,0.009330046431570798,0.013084156152341745
2024-12-26,4.1,0.0,0.0034542348680873824,0.0,0.003170778927864642,-0.00877006267142877,-0.017787254049436575,-0.0027807292187692996,-0.007266202391691813
2024-12-27,4.1,0.0,0.0034542348680873824,0.0,-0.013330774668064585,-0.014640913829901727,-0.05074526160258332,-0.017452909584390948,-0.005884461452503419
2024-12-30,4.1,0.0,0.0034542348680873824,0.0,-0.013352197899286681,-0.011010096307821616,-0.03356928885086787,-0.013328002311741319,-0.014391038405126316
2024-12-31,4.1,0.0,0.0034542348680873824,0.0,-0.007082884556027109,-0.008668295678212696,-0.03305021011916344,-0.007869226637281334,-0.009738643572700757
2025-01-02,4.0,0.0,0.04714677842570208,0.0,-0.026586160060075692,0.0037760870596221323,-0.06274403546918701,-0.006951688226296713,0.02317888430230712
2025-01-03,4.0,0.0,0.04714677842570208,0.0,-0.0020115308879364666,0.017866865271653997,0.07895504556688626,0.011331164106371102,0.008954427941437316
2025-01-06,4.0,0.0,0.04714677842570208,0.0,0.006716400145041065,0.015139723199454136,0.0014850709586745647,0.010573460784735816,0.041420752864189635
2025-01-07,4.0,0.0,0.04714677842570208,0.0,-0.011453050751839318,-0.02446088330127337,-0.04145067133894483,-0.012891002249730003,-0.01972687124189803
2025-01-08,4.0,0.0,0.04714677842570208,0.0,0.002021008490491217,9.006065292234922e-05,0.0014697002488738569,0.005171587982048486,-0.011671975217352724
2025-01-10,4.0,0.0,0.04714677842570208,0.0,-0.024399102116189328,-0.01446508722386957,-0.0005065652243020289,-0.013301808959511373,0.008381053892487375
2025-01-13,4.0,0.0,0.04714677842570208,0.0,-0.01039797979899525,-0.002194768679336334,0.021478195369560783,-0.004209713361083816,-0.012302117168668261
2025-01-14,4.0,0.0,0.04714677842570208,0.0,-0.004789717981251306,-0.0032094484707197966,-0.017382638722844804,-0.0036501197316002546,-0.023417304204773365
2025-01-15,4.0,0.0,0.04714677842570208,0.0,0.01948488731870582,0.025346561447878488,0.07731423282838396,0.025275033463256293,0.03776331620724176
2025-01-16,4.0,0.0,0.04714677842570208,0.0,-0.04123899879228495,-0.012117003196939351,-0.03420597069137618,-0.004066406869475606,-0.009475574869592258
2025-01-17,4.0,0.0,0.04714677842570208,0.0,0.007507065199941147,0.02364641617601076,0.03018125256143425,0.010426614752789637,0.0024017009976395965
2025-01-21,4.0,0.0,0.04714677842570208,0.0,-0.03243620396100727,0.02089205157407654,-0.005713813715474868,-0.0012362214484664515,0.0060039395233000255
2025-01-22,4.0,0.0,0.04714677842570208,0.0,0.005330735982338231,0.018466503377704703,-0.021355043154943146,0.04047669442051461,0.011355185518305465
2025-01-23,4.0,0.0,0.04714677842570208,0.0,-0.0007598353518101169,0.0017431021503980866,-0.006598243859181292,0.001142211056940094,0.02055719990438983
2025-01-24,4.0,0.0,0.04714677842570208,0.0,-0.003942335063843827,-0.0024241067445138365,-0.014164587635274254,-0.005949984665722119,0.017197437391513217
2025-01-27,4.0,0.0,0.04714677842570208,0.0,0.031285743998031273,0.002424106744513845,-0.023466650856007368,-0.021625635464854683,0.018954692785753572
2025-01-28,4.0,0.0,0.04714677842570208,0.0,0.03589198626202065,0.01152955641148476,0.0023640734639690623,0.02867192208015929,0.02166153923394539
2025-01-29,4.0,0.0,0.04714677842570208,0.0,0.004606248776426157,-0.004545214548105975,-0.02284170549807513,-0.010949763281502843,0.003198058632882217
2025-01-30,4.0,0.0,0.04714677842570208,0.0,-0.0074222408144265315,-0.01030306500192206,0.028327903495885404,-0.06380179062938528,0.01541665222996773
2025-01-31,4.0,0.0,0.04714677842570208,0.0,-0.0067146479891791785,0.012872778270920829,0.010734640646320742,0.00016867434689554983,0.0031682472124779618
2025-02-03,4.2,0.0,-0.026668247082161294,0.0,-0.034442427845016575,-0.0010944834258047257,-0.053090087069197885,-0.010024459984754229,0.01194264324988918
2025-02-04,4.2,0.0,-0.026668247082161294,0.0,0.02079039301263678,0.01935490231141661,0.02198853609615247,0.0035224892596712972,0.009602981836019719
2025-02-05,4.2,0.0,-0.026668247082161294,0.0,-0.001418492902748086,-0.024633742288564034,-0.03645352337012321,0.0022285115642551295,0.0009653044372141929
2025-02-06,4.2,0.0,-0.026668247082161294,0.0,0.00322096622531368,0.011200132499427723,-0.01023279935109268,0.006102941050332318,0.010050312380222729
2025-02-07,4.2,0.0,-0.026668247082161294,0.0,-0.024260743875656753,-0.041375225115693685,-0.03451714290429038,-0.01470526614826152,0.003547047629213777
2025-02-10,4.2,0.0,-0.026668247082161294,0.0,0.0011866867973147088,0.01726234455405195,-0.03057719520938892,0.00600996454062177,0.004022717455354117
2025-02-11,4.2,0.0,-0.026668247082161294,0.0,0.02159686229322903,-0.0016312726853763525,-0.06547989008634725,-0.001893956646295306,0.003339876187743801
2025-02-12,4.2,0.0,-0.026668247082161294,0.0,0.01810530840941033,-0.016591608211964908,0.024091057420887543,-0.005850235326253526,0.007722227496536762
2025-02-13,4.2,0.0,-0.026668247082161294,0.0,0.01948224729833823,0.006270442838655877,0.05613428883532556,0.003660434097207063,0.004374250794593061
2025-02-14,4.2,0.0,-0.026668247082161294,0.0,0.012630468746277242,-0.007363076447512864,-0.00028100285016493403,-0.005152984542361651,0.011070027289015703
2025-02-18,4.2,0.0,-0.026668247082161294,0.0,-0.0005315020131407499,-0.008916663909923439,-0.004873623368530301,0.002958377558319579,-0.027943061010166238
2025-02-19,4.2,0.0,-0.026668247082161294,0.0,0.0016347540167181058,-8.819720145894445e-05,0.018050813649058695,0.012445269370958223,-0.01774524252866116
2025-02-20,4.2,0.0,-0.026668247082161294,0.0,0.003912790097394392,-0.016685221316839496,-0.01723217010242546,0.005276690728641602,-0.012770043565184621
2025-02-21,4.2,0.0,-0.026668247082161294,0.0,-0.0011396081644735152,-0.028673529284667792,-0.04797223327197698,-0.019216021944854122,-0.016381871718191637
2025-02-24,4.2,0.0,-0.026668247082161294,0.0,0.006292526993913915,-0.018030235415601108,-0.021756545199510743,-0.010366770977642756,-0.022816888667943624
2025-02-25,4.2,0.0,-0.026668247082161294,0.0,-0.0002428776543699362,0.0004230045694208501,-0.08762494178787733,-0.015214278200339508,-0.016038192313177067
2025-02-26,4.2,0.0,-0.026668247082161294,0.0,-0.027412562261429088,0.00725744971005982,-0.04043677756749929,0.004588660567726531,0.02434031670493257
2025-02-27,4.2,0.0,-0.026668247082161294,0.0,-0.01281249993167634,-0.02652073681079192,-0.030905910133740465,-0.018176343055610267,-0.023215447134891872
2025-02-28,4.2,0.0,-0.026668247082161294,0.0,0.018951084186947617,0.01681666750153127,0.03837459125197188,0.011298163231421954,0.015018060052064875
2025-03-03,4.2,0.0,0.0016877641137198365,0.0,-0.015879649346846304,-0.03479859601476046,-0.028844050845269347,-0.02164377946551058,-0.01987599545576907
2025-03-04,4.2,0.0,0.0016877641137198365,0.0,-0.008861550228096498,-0.005968420431592876,-0.045311188236941684,0.00030885233368355185,-0.02324340863916849
2025-03-05,4.2,0.0,0.0016877641137198365,0.0,-0.0008056225157174363,0.022128220043401252,0.025621016692865903,0.03143509625479814,0.02540871375266779
2025-03-06,4.2,0.0,0.0016877641137198365,0.0,-0.0017406837006826556,-0.037456115209580504,-0.05770651942025788,-0.010352105941965705,-0.04444813474135678
2025-03-07,4.2,0.0,0.0016877641137198365,0.0,0.015767651839406743,-0.0072509229263983,-0.0029651004058366417,-0.009061091755342875,-0.0036216950373785498
2025-03-10,4.2,0.0,0.0016877641137198365,0.0,-0.04969407209630324,-0.023922554740530594,-0.16754574067757613,-0.03400586656246651,-0.04523299809058783
2025-03-11,4.2,0.0,0.0016877641137198365,0.0,-0.029623874134185827,0.010482560161564325,0.037245079838722016,0.0007625343672001999,0.012827188171995029
2025-03-12,4.2,0.0,0.0016877641137198365,0.0,-0.017633318754951263,0.011631581915007516,0.07319368705023706,0.007384977626163072,0.0226081680011952
2025-03-13,4.2,0.0,0.0016877641137198365,0.0,-0.03422260507355097,-0.02546092021137873,-0.030323348875332088,-0.011810666859735064,-0.04780277853114781
2025-03-14,4.2,0.0,0.0016877641137198365,0.0,0.018007449695951448,0.020723473340341268,0.037912677650069934,0.025518564960611282,0.029199411459620114
2025-03-17,4.2,0.0,0.0016877641137198365,0.0,0.0023859725357845284,-0.011227182074080659,-0.04906823105490024,0.00036025350404682315,-0.00445359325326872
2025-03-18,4.2,0.0,0.0016877641137198365,0.0,-0.006140386379328881,-0.015030126840267754,-0.05483544563443516,-0.01341617833387206,-0.03797446415047889
2025-03-19,4.2,0.0,0.0016877641137198365,0.0,0.011918090746117545,0.014007778521538292,0.045761190368065426,0.011149648220582103,0.002914990729633038
2025-03-20,4.2,0.0,0.0016877641137198365,0.0,-0.005310463195201758,-0.0030218279679656837,0.0016944590202751025,-0.002530160166574395,0.003316061180532107
2025-03-21,4.2,0.0,0.0016877641137198365,0.0,0.01928958046898615,0.006442448675219972,0.0513547158131408,0.011361086475969857,0.017340385624606294
2025-03-24,4.2,0.0,0.0016877641137198365,0.0,0.01120739306756486,0.03530037223454001,0.11273547481030481,0.004640872205792014,0.03720269157434305
2025-03-25,4.2,0.0,0.0016877641137198365,0.0,0.013589159300328122,0.011981521917604297,0.034423463077927825,0.0052776368544547045,0.011982587608696686
2025-03-26,4.2,0.0,0.0016877641137198365,0.0,-0.009971390117563473,-0.022515953159889142,-0.05742390273973778,-0.013220924886847275,-0.02478127389940603
2025-03-27,4.2,0.0,0.0016877641137198365,0.0,0.010418207068331341,0.001142864416179142,0.003925268964187628,0.0015630206192324542,-0.013843731215389024
2025-03-28,4.2,0.0,0.0016877641137198365,0.0,-0.02693996501737922,-0.043855989217514546,-0.035704833212183235,-0.03062457515432642,-0.043828785714201464
2025-03-31,4.2,0.0,0.0016877641137198365,0.0,0.019226538745356993,-0.012846835734262254,-0.016797411271064034,-0.009042688013599356,-0.00065913990843798
2025-04-01,4.2,0.0,0.04129405845996525,0.0,0.004760696995733947,0.00998885850959942,0.03525624951763979,0.01795224935289874,0.016587265929788722
2025-04-02,4.2,0.0,0.04129405845996525,0.0,0.0031314275761356735,0.019785262896236874,0.05189662060946535,-0.00013071754718633308,-0.0035386348130386257
2025-04-03,4.2,0.0,0.04129405845996525,0.0,-0.09701328389030289,-0.0940813573992858,-0.05630172235818194,-0.023913883940033475,-0.09385221180021244
2025-04-04,4.2,0.0,0.04129405845996525,0.0,-0.07568031453071174,-0.04242073641032032,-0.11003572551557192,-0.036213783683344,-0.05190524755908657
2025-04-07,4.2,0.0,0.04129405845996525,0.0,-0.03742599630886612,0.024606997782102066,-0.02597878190231111,-0.005517591787538286,0.022567430453665646
2025-04-08,4.2,0.0,0.04129405845996525,0.0,-0.051101920416750976,-0.026597259717812963,-0.05023573100190593,-0.009264357058533899,-0.011298376025543363
2025-04-09,4.2,0.0,0.04129405845996525,0.0,0.14261744902614956,0.11312358861813517,0.20449058000160142,0.0965247676057286,0.13763453396601827
2025-04-10,4.2,0.0,0.04129405845996525,0.0,-0.04331863405620976,-0.053085113655140896,-0.0755220285780395,-0.02368479587601231,-0.0697772920206536
2025-04-11,4.2,0.0,0.04129405845996525,0.0,0.03979211101040739,0.019941079422269643,-0.0003566259450699316,0.018447013877641236,-0.004991490489195673
2025-04-14,4.2,0.0,0.04129405845996525,0.0,0.021814324625151652,-0.014987065296594422,0.00015855643290671638,-0.0016489950808063717,-0.022492866868818982
2025-04-15,4.2,0.0,0.04129405845996525,0.0,-0.0018780608247662516,-0.013989329016472998,0.006950209565496345,-0.005377851474534099,-0.018917927520865213
2025-04-16,4.2,0.0,0.04129405845996525,0.0,-0.039711546053642695,-0.029726389380639047,-0.050690742903996715,-0.03729275929291932,-0.037530189022901235
2025-04-17,4.2,0.0,0.04129405845996525,0.0,0.013853249319253436,-0.00991534732389348,-0.0007454979855451015,-0.010359919025636984,-0.0016536805227138824
2025-04-21,4.2,0.0,0.04129405845996525,0.0,-0.01958344210470876,-0.031126527586896723,-0.05918076725792799,-0.023828310232542147,-0.0341161958548335
2025-04-22,4.2,0.0,0.04129405845996525,0.0,0.033497710668311975,0.03442328337941731,0.04499438204493094,0.021214542101356083,0.031720307925809745
2025-04-23,4.2,0.0,0.04129405845996525,0.0,0.024040264936590696,0.041953201051518486,0.052271947159751794,0.0204268401646701,0.039180076593834066
2025-04-24,4.2,0.0,0.04129405845996525,0.0,0.018258558006156424,0.032360982528496264,0.03437870754426389,0.03390142545975448,0.02445482979277532
2025-04-25,4.2,0.0,0.04129405845996525,0.0,0.004357700335927208,0.013048475365695443,0.09351849398026,0.011679615636225436,0.026139404856504147
2025-04-28,4.2,0.0,0.04129405845996525,0.0,0.0041009269569146625,-0.0068492053390797475,0.0032583903115033577,-0.0017623789531737114,0.0045031995428867185
2025-04-29,4.2,0.0,0.04129405845996525,0.0,0.005078927436444548,-0.0016529240033086564,0.021284373105168935,0.007335708257394689,0.00851312191332715
2025-04-30,4.2,0.0,0.04129405845996525,0.0,0.006089082548314729,-0.01597624814818092,-0.03438223363024816,0.0030914665455257996,-0.009860069057670279
2025-05-01,4.3,0.0,0.017642799242749817,0.0,0.003851392643997796,0.030860378884021808,-0.005829314402079844,0.07348598595770237,0.04140761675997952
2025-05-02,4.3,0.0,0.017642799242749817,0.0,-0.03807750054973233,-0.0011573530932636395,0.02356864125337387,0.022959613092205088,0.04244446856841013
2025-05-05,4.3,0.0,0.017642799242749817,0.0,-0.03196397952264492,-0.019292122294797282,-0.024495847170982712,0.002042545029052079,0.003761700624008027
2025-05-06,4.3,0.0,0.017642799242749817,0.0,-0.001912525164044045,-0.00721681069789819,-0.01767474071206643,-0.006578635076353367,-0.020159435350760112
2025-05-07,4.3,0.0,0.017642799242749817,0.0,-0.011450051753916314,0.019801632738363693,0.0031546161942166075,9.2311911345899e-05,0.01604602219647302
2025-05-08,4.3,0.0,0.017642799242749817,0.0,0.006298631440689827,0.01770048072706834,0.030659773437438274,0.011061243483462463,0.0020087067765996738
2025-05-09,4.3,0.0,0.017642799242749817,0.0,0.00525233343800654,0.005089047328858073,0.046108194570086934,0.0012772050468481692,-0.009273541398212064
2025-05-12,4.3,0.0,0.017642799242749817,0.0,0.06123260306617652,0.07760926703827985,0.06528003118679684,0.023717629106184555,0.0762430495898753
2025-05-13,4.3,0.0,0.017642799242749817,0.0,0.010101034632091492,0.012999853383055317,0.04810492051681205,-0.00026715174007160077,0.025629503035284072
2025-05-14,4.3,0.0,0.017642799242749817,0.0,-0.0028218614244295533,-0.005312830342904736,0.0399319216619113,0.00842500194507171,0.005063051198072881
2025-05-15,4.3,0.0,0.017642799242749817,0.0,-0.004153047535547364,-0.024458403999516362,-0.01407694599861275,0.002253580700858679,-0.02375724445850967
2025-05-16,4.3,0.0,0.017642799242749817,0.0,-0.0008989154258587225,0.002044981599618388,0.020670491941373468,0.002512640710313931,-0.005512994420367856
2025-05-19,4.3,0.0,0.017642799242749817,0.0,-0.011808533337582812,0.0027687076543830617,-0.02280219175263177,0.010075187311025408,0.00014044732352143076
2025-05-20,4.3,0.0,0.017642799242749817,0.0,-0.00923883715308381,-0.010189475975831261,0.005044436283555748,-0.0015265951998768902,-0.005213288899798884
2025-05-21,4.3,0.0,0.017642799242749817,0.0,-0.02332905938489805,-0.01456138756787949,-0.027122740878422213,-0.01229780006935159,-0.0025144547169631075
2025-05-22,4.3,0.0,0.017642799242749817,0.0,-0.003618773983488661,0.009796778074282274,0.019004252475032086,0.005047157840065869,0.001682263323379692
2025-05-23,4.3,0.0,0.017642799242749817,0.0,-0.030711201244835125,-0.010443315729919826,-0.004997253689502847,-0.0103421754559979,-0.015052231667391223
2025-05-27,4.3,0.0,0.017642799242749817,0.0,0.024983634850397583,0.02471808928544102,0.06709725458197968,0.023077888304662165,0.02404456003739236
2025-05-28,4.3,0.0,0.017642799242749817,0.0,0.0010483354048508517,-0.006330074379308311,-0.016644185010272462,-0.007254554533967682,0.001959656885959476
2025-05-29,4.3,0.0,0.017642799242749817,0.0,-0.0023478901995321877,0.004775584008620333,0.0042777491260106125,0.0028820389567138682,0.0022815339898179785
2025-05-30,4.3,0.0,0.017642799242749817,0.0,0.00449115316727154,-0.003360050181079145,-0.03396601533337422,0.0036559254573618784,0.0037755511578921805
2025-06-02,4.1,0.0,-0.02250898889392259,0.0,0.00422304755014603,0.007967779780350723,-0.010941091649071494,0.003491200262615621,0.035516689598509
2025-06-03,4.1,0.0,-0.02250898889392259,0.0,0.007753703735756887,-0.00455906882030232,0.004599945784019605,0.002162214347191373,-0.006054885028294079
2025-06-04,4.1,0.0,-0.02250898889392259,0.0,-0.0022162836174873693,0.007361824330479417,-0.03614067809813415,0.0019421164254099484,0.03115091395156703
2025-06-05,4.1,0.0,-0.02250898889392259,0.0,-0.010856493087603674,0.003276044436817532,-0.15384948606327908,0.008180042258673312,-0.004852307064267609
2025-06-06,4.1,0.0,-0.02250898889392259,0.0,0.01626538671384285,0.0268593707089079,0.0360138325066553,0.00575654360562133,0.0189398201672659
2025-06-09,4.1,0.0,-0.02250898889392259,0.0,-0.012186603432072066,0.015840481625608374,0.04453121583281344,0.00502584442172111,-0.005245253249833944
2025-06-10,4.1,0.0,-0.02250898889392259,0.0,0.006037830522308634,0.0028993089092673027,0.05519232015438431,-0.003878462387048046,0.011944665718701019
2025-06-11,4.1,0.0,-0.02250898889392259,0.0,-0.019380381731049234,-0.02047379463536856,0.0010421025390305668,0.0036033781720918234,-0.011829377113131825
2025-06-12,4.1,0.0,-0.02250898889392259,0.0,0.0021107094022437905,0.00018763973740831241,-0.022679683166052338,0.013137472257592417,-0.0011243442877849807
2025-06-13,4.1,0.0,-0.02250898889392259,0.0,-0.013901489516828505,-0.005360427367806205,0.019242741328905938,-0.008198533336373638,-0.015244872324924635
2025-06-16,4.1,0.0,-0.02250898889392259,0.0,0.009978147215757682,0.01868340140955021,0.011674257976472,0.008762249888579429,0.028568981659577636
2025-06-17,4.1,0.0,-0.02250898889392259,0.0,-0.014109748545778743,-0.0059407894922023025,-0.03960360944657592,-0.0022984082372658823,-0.006989071667780474
2025-06-18,4.1,0.0,-0.02250898889392259,0.0,0.004793127408847266,-0.010764380578029788,0.017857560202303197,0.004591545905710506,-0.0020960561068544084
2025-06-20,4.1,0.0,-0.02250898889392259,0.0,0.022235628502947215,-0.013405860444963278,0.00034155282181088666,-0.0059312857551390005,-0.019476501858154856
2025-06-23,4.1,0.0,-0.02250898889392259,0.0,0.002484357775073064,-0.005835109391705959,0.07910624722725408,0.01785392919372585,0.023435492383136577
2025-06-24,4.1,0.0,-0.02250898889392259,0.0,-0.005973181643514452,0.02041663831593163,-0.023827555571310416,0.008421152289271351,0.019380598471856157
2025-06-25,4.1,0.0,-0.02250898889392259,0.0,0.0062708567997190896,-0.0036726605052767557,-0.03868634165630777,0.004397553030850552,-0.004954724535738092
2025-06-26,4.1,0.0,-0.02250898889392259,0.0,-0.002782032931277751,0.023911043937020576,-0.005418374727754274,0.010467752973181617,0.024269965414758753
2025-06-27,4.1,0.0,-0.02250898889392259,0.0,0.0003979183330852768,0.028065998915184062,-0.006621400161764133,-0.0030401227274794345,0.010330763478074803
2025-06-30,4.1,0.0,-0.02250898889392259,0.0,0.02013590894058458,-0.017665207343808734,-0.01861926308527601,0.002959668187111396,0.0060610843985122185
2025-07-01,4.3,0.0,-0.008163310639161094,0.0,0.01283348104812217,0.004865337820140418,-0.0548353231730864,-0.010834317913543303,-0.025898584956860565
2025-07-02,4.3,0.0,-0.008163310639161094,0.0,0.021987282881436514,-0.002452467458083949,0.04848766871497916,-0.0019528641263497069,-0.007886776517920751
2025-07-03,4.3,0.0,-0.008163310639161094,0.0,0.005211437084864038,0.015744829251554494,-0.0009508330128998894,0.015658015846364143,0.007594800124077438
2025-07-07,4.3,0.0,-0.008163310639161094,0.0,-0.01700171208706939,0.00026851753624536286,-0.07030747928005848,-0.002247773931827168,-0.000918426648040841
2025-07-08,4.3,0.0,-0.008163310639161094,0.0,0.0002857690985449934,-0.018562963722362966,0.013080017887538436,-0.0022125750804845453,0.003224349917600427
2025-07-09,4.3,0.0,-0.008163310639161094,0.0,0.005366341327769875,0.014392611963869897,-0.006501707849529647,0.01377852226966428,0.016664324037846588
2025-07-10,4.3,0.0,-0.008163310639161094,0.0,0.005996888569178622,-0.0012589875178302516,0.046198855706690405,-0.004039912377084586,-0.007589083443356966
2025-07-11,4.3,0.0,-0.008163310639161094,0.0,-0.005902208401073387,0.01234146308748988,0.01167844971117151,0.0036624036551624194,-0.013469509142798613
2025-07-14,4.3,0.0,-0.008163310639161094,0.0,-0.012101749648500403,0.0029730809278073135,0.01075495879659973,-0.0005961893456745816,0.004741158503432871
2025-07-15,4.3,0.0,-0.008163310639161094,0.0,0.002346032753829585,0.0029201137891530816,-0.019500985006087518,0.0055509838438607215,-0.014713948411098155
2025-07-16,4.3,0.0,-0.008163310639161094,0.0,0.005008724622513407,-0.014059063272129654,0.03444095462458378,-0.00039543513510249416,-0.01058541211384996
2025-07-17,4.3,0.0,-0.008163310639161094,0.0,-0.0006663238799223456,0.003086778258328562,-0.007050661595447646,0.011953074191324672,-0.002136229802750815
2025-07-18,4.3,0.0,-0.008163310639161094,0.0,0.005507987356699294,0.009999860894734277,0.031555911584314186,-0.0032298305195573285,0.004083504801290641
2025-07-21,4.3,0.0,-0.008163310639161094,0.0,0.006137005974840423,0.013921126445029842,-0.003525100711992725,1.9661010407750972e-05,0.01226322162219449
2025-07-22,4.3,0.0,-0.008163310639161094,0.0,0.008995641893247627,-0.008012836242670535,0.010959828902223289,-0.009435490517924396,-0.011511064997839885
2025-07-23,4.3,0.0,-0.008163310639161094,0.0,-0.0011667781863024622,0.003598354221935051,0.0013540923687317768,0.0011867793158299464,0.012366376126929791
2025-07-24,4.3,0.0,-0.008163310639161094,0.0,-0.001822810721298693,0.01711152033504944,-0.08552542784602518,0.009855084104650864,0.0017082595338736564
2025-07-25,4.3,0.0,-0.008163310639161094,0.0,0.0005612739072953638,-0.0034075702705456917,0.034637201499348805,0.005524198997792547,-0.0029703831469030935
2025-07-28,4.3,0.0,-0.008163310639161094,0.0,0.0007945156573705577,0.00581605955069594,0.029706848621967902,-0.00235830749243744,0.0069217085822135555
2025-07-29,4.3,0.0,-0.008163310639161094,0.0,-0.013072757705372804,-0.007675754918146071,-0.013574889801361277,0.00013660103516336005,-0.024873855059400308
2025-07-30,4.3,0.0,-0.008163310639161094,0.0,-0.010563478124557005,-0.0035559103854630675,-0.006747506520358081,0.0013062498888617438,-0.006866334716463936
2025-07-31,4.3,0.0,-0.008163310639161094,0.0,-0.007104825362494512,0.016886027515609428,-0.03434052685502853,0.03871544838931693,0.10663412065578584
2025-08-01,4.3,0.0,-0.01652930195121047,0.0,-0.025321454624625636,-0.08631653211497635,-0.018465033347039538,-0.017757411249698596,-0.030761501884359232
2025-08-04,4.3,0.0,-0.01652930195121047,0.0,0.00478153497173791,-0.014540622735209995,0.02167142527004271,0.02176075852665137,0.034542643203814595
2025-08-05,4.3,0.0,-0.01652930195121047,0.0,-0.0021168857193060897,0.009873169687714855,-0.0017476574412364776,-0.014839561179799381,-0.016768489357842514
2025-08-06,4.3,0.0,-0.01652930195121047,0.0,0.049653393530185774,0.03926568541504039,0.03560499649944306,-0.005338808203055968,0.011110857963335654
2025-08-07,4.3,0.0,-0.01652930195121047,0.0,0.03129869520106027,0.003681789897764909,0.007349951735303974,-0.007841066950261004,-0.013248209641147748
2025-08-08,4.3,0.0,-0.01652930195121047,0.0,0.04148539226384542,-0.0019739023688590293,0.02264179762598033,0.0023014380630326965,0.00975767890243777
2025-08-11,4.3,0.0,-0.01652930195121047,0.0,-0.008372308989433787,-0.006261419913672536,0.028057128395424267,-0.0005173796469529041,-0.004468611677373562
2025-08-12,4.3,0.0,-0.01652930195121047,0.0,0.01081367190612584,0.0007678847964323423,0.005324552775796538,0.014215062335260138,0.031020454756871742
2025-08-13,4.3,0.0,-0.01652930195121047,0.0,0.015897409188223566,0.013855775538096454,-0.004292710283261014,-0.016498429102691267,-0.012636352039227538
2025-08-14,4.3,0.0,-0.01652930195121047,0.0,-0.0023599515483424664,0.028188187008165968,-0.011260099884090402,0.0036430226501918397,0.002624370717165159
2025-08-15,4.3,0.0,-0.01652930195121047,0.0,-0.005125312002106845,0.00021645874568753922,-0.015072159502432556,-0.004430891311253298,0.003955748484299955
2025-08-18,4.3,0.0,-0.01652930195121047,0.0,-0.003027174934717041,0.001989132843084511,0.013819862125930686,-0.0059194853074818615,-0.02300761380234965
2025-08-19,4.3,0.0,-0.01652930195121047,0.0,-0.001430216864410757,-0.015147236228621111,-0.017608491717904177,-0.014276569713184998,-0.02092450742437719
2025-08-20,4.3,0.0,-0.01652930195121047,0.0,-0.01993191516264375,-0.018591996826338653,-0.01656474162017639,-0.007976501440743779,-0.005015978260345566
2025-08-21,4.3,0.0,-0.01652930195121047,0.0,-0.004923405133202545,-0.008345349193359648,-0.011770166368817137,-0.0012882290861760551,-0.011595414810111714
2025-08-22,4.3,0.0,-0.01652930195121047,0.0,0.012636639150230075,0.03057093586711227,0.0603104166993377,0.005912221593758304,0.021006364683876993
2025-08-25,4.3,0.0,-0.01652930195121047,0.0,-0.00263778288690945,-0.003940606259072855,0.019196337227210383,-0.005872512171712124,-0.001976013205392039
2025-08-26,4.3,0.0,-0.01652930195121047,0.0,0.009420124567184027,0.0033724076943096397,0.01452187916170169,-0.004412201053792637,0.001061471829366317
2025-08-27,4.3,0.0,-0.01652930195121047,0.0,0.005132723136336729,0.0017910076284830656,-0.005903612812939926,0.00931823158506862,-0.008951185991350507
2025-08-28,4.3,0.0,-0.01652930195121047,0.0,0.00894079103525418,0.010765909591411497,-0.010408659566889222,0.005706532947103561,0.004978262680271819
2025-08-29,4.3,0.0,-0.01652930195121047,0.0,-0.0018076532753705872,-0.011289768498294606,-0.0356293206445078,-0.005805262963408796,-0.01666014219682063
2025-09-02,4.4,0.0,-0.02874246886565398,0.0,-0.010479415315868323,-0.016111647069703763,-0.01360034804236362,-0.0031033525084851496,-0.004871840760248719
2025-09-03,4.4,0.0,-0.02874246886565398,0.0,0.03738232170686491,0.00288041832828813,0.014259073808795026,0.0004552817932497732,0.0026356273559348773
2025-09-04,4.4,0.0,-0.02874246886565398,0.0,0.00547832232513567,0.041984146824532165,0.01320230431684188,0.005171140606282077,0.015615926119870994
2025-09-05,4.4,0.0,-0.02874246886565398,0.0,-0.00037550386366705076,-0.01431613896889294,0.035717557533237444,-0.025864673021134658,0.005062937938060968
2025-09-08,4.4,0.0,-0.02874246886565398,0.0,-0.0075800439522243105,0.014994810804568525,-0.0127361095766315,0.0064438594374062845,-0.0001994628495672696
2025-09-09,4.4,0.0,-0.02874246886565398,0.0,-0.014950592233048619,0.010124998519937195,0.0016441653277190816,0.000421430284394124,0.017655332699672958
2025-09-10,4.4,0.0,-0.02874246886565398,0.0,-0.03279128326264767,-0.033765520828453625,0.0023605495234688204,0.0039247880153606115,-0.018080736970282126
2025-09-11,4.4,0.0,-0.02874246886565398,0.0,0.014185282152052413,-0.0016511904499798356,0.05868272574299215,0.0012783258195774249,-0.0014372195207862572
2025-09-12,4.4,0.0,-0.02874246886565398,0.0,0.017410578462299545,-0.007858600093329492,0.07098109112687562,0.017588492719478866,0.006226420398769817
2025-09-15,4.4,0.0,-0.02874246886565398,0.0,0.011173142249164093,0.014274139722700788,0.034992045964953526,0.010651038921044187,0.011984656970805665
2025-09-16,4.4,0.0,-0.02874246886565398,0.0,0.0061072678411055875,0.011257360441086762,0.027849686096646824,-0.0123390602296241,0.018527426790265714
2025-09-17,4.4,0.0,-0.02874246886565398,0.0,0.0035210509004652986,-0.010436704109897131,0.010006196509857018,0.001923308987091985,-0.004219367890599128
2025-09-18,4.4,0.0,-0.02874246886565398,0.0,-0.00465544610939042,-0.001685208986324988,-0.021384159862326838,-0.003082998516371822,0.005822780497560708
2025-09-19,4.4,0.0,-0.02874246886565398,0.0,0.03153063426328445,0.001080590559717161,0.021877209710827277,0.018473175812154664,-0.002399599750318743
2025-09-22,4.4,0.0,-0.02874246886565398,0.0,0.04219290013168558,-0.016771933038536895,0.01892459915165681,-0.006741670095727397,-0.01645512203047072
2025-09-23,4.4,0.0,-0.02874246886565398,0.0,-0.006464126391678221,-0.030871872178262885,-0.019441082441463448,-0.01019855810911776,-0.01283756422927289
2025-09-24,4.4,0.0,-0.02874246886565398,0.0,-0.008367236857623894,-0.002267986025112884,0.03900845039857305,0.0018049085202667553,0.006939071351207104
2025-09-25,4.4,0.0,-0.02874246886565398,0.0,0.01791156533826258,-0.009398795415484473,-0.04480186162620923,-0.006134642002795414,-0.015567696517135235
2025-09-26,4.4,0.0,-0.02874246886565398,0.0,-0.0055042148040742,0.007444168873481812,0.03938961629749567,0.008699227106372541,-0.006913836103827308
2025-09-29,4.4,0.0,-0.02874246886565398,0.0,-0.004040113676564628,0.010815805882780046,0.006360288086303643,0.006120400534690977,-0.0004707133548289242
2025-09-30,4.4,0.0,-0.02874246886565398,0.0,0.0007858087357872592,-0.011771724709007034,0.0034011943142930328,0.00648899388291907,-0.012207574864894608
2025-11-03,4.5,0.0,0.020690393257446246,0.0,-0.004894298833628012,0.039264803615285844,0.025538450543862383,-0.001507349831193428,-0.016546973300568396
2025-11-04,4.5,0.0,0.020690393257446246,0.0,0.0036729963281676823,-0.018597025701107325,-0.052848572813666,-0.005235828418938553,-0.016426902098165323
2025-11-05,4.5,0.0,0.020690393257446246,0.0,0.00037029726863190167,0.0035233445181079427,0.03930641199562339,-0.014038609367540944,0.013663182118472136
2025-11-06,4.5,0.0,0.020690393257446246,0.0,-0.0013707172835239541,-0.029034574612610754,-0.035599264459215095,-0.02003535345157169,-0.027111653750646433
2025-11-07,4.5,0.0,0.020690393257446246,0.0,-0.0048305427121975416,0.005621146751201347,-0.03744886561150212,-0.0005634072263488708,0.004465418177578069
2025-11-10,4.5,0.0,0.020690393257446246,0.0,0.004538380514148896,0.0161931675138767,0.03592274671529928,0.018308873913350867,0.01603589976722227
2025-11-11,4.5,0.0,0.020690393257446246,0.0,0.021371148071028613,0.0028141212824006312,-0.01268032095842644,0.00528243164540753,-0.007435441408622482
2025-11-12,4.5,0.0,0.020690393257446246,0.0,-0.006487862890758322,-0.01986689759076167,-0.020731107188327342,0.004824511933448751,-0.029239478759321084
2025-11-13,4.5,0.0,0.020690393257446246,0.0,-0.001903213145158224,-0.027483132611142096,-0.06875241071018368,-0.015477103528949022,0.001443940431991763
2025-11-14,4.5,0.0,0.020690393257446246,0.0,-0.001980466546235507,-0.01223891180071706,0.005853666241942873,0.01359702095926684,-0.0007052580016782483
2025-11-17,4.5,0.0,0.020690393257446246,0.0,-0.018338285065585238,-0.007785167790615942,0.011238716089416035,-0.005286527046048565,-0.01229936358796035
2025-11-18,4.5,0.0,0.020690393257446246,0.0,-7.464947758260898e-05,-0.045328527802621185,-0.01893489628165649,-0.027366657918495088,-0.0072017599492540055
2025-11-19,4.5,0.0,0.020690393257446246,0.0,0.0041789849317348,0.0006288715862684946,0.006805426562391663,-0.013599885055362188,-0.01240751684245367
2025-11-20,4.5,0.0,0.020690393257446246,0.0,-0.008638554808404069,-0.025238376767976148,-0.021922199285516537,-0.01613073459568025,-0.001983914228917099
2025-11-21,4.5,0.0,0.020690393257446246,0.0,0.01948948732721377,0.01621670892983362,-0.010530198558583292,-0.013276695497639966,0.008619297807138394
2025-11-24,4.5,0.0,0.020690393257446246,0.0,0.016185769721398423,0.025014152157624068,0.0660172720981127,0.003974149543977354,0.031146400736734064
2025-11-25,4.5,0.0,0.020690393257446246,0.0,0.0037982730766835957,0.01487032297548011,0.003870128654219355,0.006288144375202888,0.03709777684188965
2025-11-26,4.5,0.0,0.020690393257446246,0.0,0.0020917682533082623,-0.0022230225348219158,0.016974787220379935,0.017683866017517248,-0.004110711553099351
2025-11-28,4.5,0.0,0.020690393257446246,0.0,0.004672971434540764,0.01756175380535844,0.008380619474776033,0.01331975833631881,0.022379978525951184
2025-12-01,4.4,0.0,0.00680274732275262,0.0,0.0151262172065036,0.002825964858582112,-6.97394621241348e-05,-0.010769020544935939,-0.010986995726326667
2025-12-02,4.4,0.0,0.00680274732275262,0.0,0.010855696011275954,0.0023061862991379644,-0.0020945908399217085,0.006675349732992619,0.009674224419967417
2025-12-03,4.4,0.0,0.00680274732275262,0.0,-0.007153684504557431,-0.008740386717129234,0.039960567737700375,-0.025359684307076167,-0.011657877721410834
2025-12-04,4.4,0.0,0.00680274732275262,0.0,-0.012215789741831256,-0.014171743534491207,0.017287167308555625,0.006488876412519228,0.03371252071517579
2025-12-05,4.4,0.0,0.00680274732275262,0.0,-0.00686355564689062,0.0018314943611840917,0.0010335035967348669,0.004813241827990891,0.017813734281019504
2025-12-08,4.4,0.0,0.00680274732275262,0.0,-0.003197540392983899,-0.011568418747626617,-0.03447772390855956,0.016137024080980087,-0.009879057154513964
2025-12-09,4.4,0.0,0.00680274732275262,0.0,-0.0025583326534953568,0.004529366309921425,0.012636566806914386,0.002034460923044121,-0.014866889206078367
2025-12-10,4.4,0.0,0.00680274732275262,0.0,0.005755873046479309,0.016793958483706913,0.014008389943790958,-0.027737718695204278,-0.010450895268591904
2025-12-11,4.4,0.0,0.00680274732275262,0.0,-0.0026938721785778564,-0.006492686132941979,-0.010152139695978377,0.01020763458900203,0.003960570336665005
2025-12-12,4.4,0.0,0.00680274732275262,0.0,0.0008988005844432756,-0.017920589673159203,0.026650529578487583,-0.010270345009627218,-0.013077089054621557
2025-12-15,4.4,0.0,0.00680274732275262,0.0,-0.015098408555415868,-0.016268534273204432,0.03500417593015653,-0.007783100806013461,0.0058937104921780725
2025-12-16,4.4,0.0,0.00680274732275262,0.0,0.0018224664254049999,8.98866451848032e-05,0.03019325551468915,0.0033010826256549314,0.014778097473989466
2025-12-17,4.4,0.0,0.00680274732275262,0.0,-0.010138247658845124,-0.005813022613826454,-0.04727460429487326,-0.0005669788742274988,-0.01170952424528397
2025-12-18,4.4,0.0,0.00680274732275262,0.0,0.001286746577224654,0.024508470639878127,0.03389652701091261,0.016373686322175084,0.02275676986020218
2025-12-19,4.4,0.0,0.00680274732275262,0.0,0.005422681951884745,0.0025985418858299946,-0.0044993863680713635,0.00400041265745044,-0.008585123537063052
2025-12-22,4.4,0.0,0.00680274732275262,0.0,-0.009914939859583293,0.004739078487121393,0.015527202757109204,-0.002060026788581246,0.004135518182982515
2025-12-23,4.4,0.0,0.00680274732275262,0.0,0.005116600880012278,0.016110849706755952,-0.006507353223946919,0.003972084647752953,0.0051867587485830875
2025-12-24,4.4,0.0,0.00680274732275262,0.0,0.005309660095674185,0.0010333484556670999,-0.0003295782832779731,0.0024002844975317197,0.003917514146959631
2025-12-26,4.4,0.0,0.00680274732275262,0.0,-0.0014985148401437073,0.0006022774408405259,-0.021258551524587485,-0.0006354189830467114,-0.006401981304311324
2025-12-29,4.4,0.0,0.00680274732275262,0.0,0.0013160418504418513,-0.001937179352692427,-0.03327112293491262,-0.0012514720137883812,-0.006959292794560984
2025-12-30,4.4,0.0,0.00680274732275262,0.0,-0.002487138437606135,0.0019801618568183687,-0.01139973602177475,0.0007797832477031082,0.010961570601277672
2025-12-31,4.4,0.0,0.00680274732275262,0.0,-0.004477584501558454,-0.007381025988312501,-0.0104187006411069,-0.007949745031117481,-0.00883839332861324
2026-01-02,4.3,0.0,-0.003395589001138272,0.0,-0.0031314907649584198,-0.01889327280046985,-0.02624643791802105,-0.022330964886835367,-0.014773307846019212
2026-01-05,4.3,0.0,-0.003395589001138272,0.0,-0.013933739398968666,0.028550975746587545,0.03057312274344065,-0.00019024934875912832,0.01280193567963011
2026-01-06,4.3,0.0,-0.003395589001138272,0.0,-0.018504426184870557,0.033210483799024845,-0.04230652917497186,0.011898856308983866,0.0027739623294907832
2026-01-07,4.3,0.0,-0.003395589001138272,0.0,-0.007767587254826069,0.0026114748641676943,-0.003586402728205757,0.010312111434744248,-0.018223851620838477
2026-01-08,4.3,0.0,-0.003395589001138272,0.0,-0.004967410582383972,0.01939179681615764,0.010124471981728621,-0.011148447616020766,-0.004062560420501661
2026-01-09,4.3,0.0,-0.003395589001138272,0.0,0.0012730781005779077,0.004415959535942419,0.02091338126870214,0.0024441728912703835,0.010776640280624555
2026-01-12,4.3,0.0,-0.003395589001138272,0.0,0.0033871684089656568,-0.0036853485099490966,0.00883700211279967,-0.004391217865887232,-0.01712751813486019
2026-01-13,4.3,0.0,-0.003395589001138272,0.0,0.003069160037768495,-0.015826265506308397,-0.003927828743923437,-0.013736507182654508,-0.017092953517602805
2026-01-14,4.3,0.0,-0.003395589001138272,0.0,-0.004184200562639289,-0.024831791107773515,-0.018051031148363036,-0.02427948782313101,-0.024981076807205096
2026-01-15,4.3,0.0,-0.003395589001138272,0.0,-0.0067546064536927915,0.006444429028140061,-0.0014354670972459708,-0.005938635934431755,0.008541478758855062
2026-01-16,4.3,0.0,-0.003395589001138272,0.0,-0.01043328271118352,0.003938837966679267,-0.0024427450941923528,0.006982916579190642,-0.0008862979254733003
2026-01-20,4.3,0.0,-0.003395589001138272,0.0,-0.03516681140302266,-0.03454778703396358,-0.042609305094350874,-0.011680088952667495,-0.02634978374353773
2026-01-21,4.3,0.0,-0.003395589001138272,0.0,0.0038434513252299496,0.0013410811217221105,0.02866105598439217,-0.02316966895229819,0.014526860894214427
2026-01-22,4.3,0.0,-0.003395589001138272,0.0,0.002822574664753265,0.013014244969160121,0.040695858938020815,0.015705451155972182,0.05501982886134703
2026-01-23,4.3,0.0,-0.003395589001138272,0.0,-0.0012490498169329728,0.020359762712410228,-0.0006678119583802994,0.032300585451473816,0.01703974120634944
2026-01-26,4.3,0.0,-0.003395589001138272,0.0,0.029280096957102087,-0.0030989827151846525,-0.03135078007637384,0.00924996996361938,0.020434559636027163
2026-01-27,4.3,0.0,-0.003395589001138272,0.0,0.011135311634926056,0.02591738783059459,-0.009929693133760457,0.021665379253622736,0.0009068689171638871
2026-01-28,4.3,0.0,-0.003395589001138272,0.0,-0.007110624097650485,-0.00684863228798761,0.0012987560805733547,0.002182549404515211,-0.006320385450185619
2026-01-29,4.3,0.0,-0.003395589001138272,0.0,0.007149452337149825,-0.005281189009015846,-0.0351442835440217,-0.10528441293144157,0.09898344529684366
2026-01-30,4.3,0.0,-0.003395589001138272,0.0,0.004635398415236556,-0.010103375476311564,0.032707748293060876,-0.0074323294442851795,-0.02998551312122757
2026-02-02,4.4,0.0,-0.011976191046715762,0.0,0.039779460893500804,0.015178840703943746,-0.02018328139266714,-0.016212952959274475,-0.014182515722001115
2026-02-03,4.4,0.0,-0.011976191046715762,0.0,-0.001964837922112354,-0.01802454038618342,0.00035553266889641583,-0.029142520112481862,-0.02104342956467389
2026-02-04,4.4,0.0,-0.011976191046715762,0.0,0.025680287047938025,-0.02387675021837666,-0.038532688670109685,0.00722079445492987,-0.03338319233209907
2026-02-05,4.4,0.0,-0.011976191046715762,0.0,-0.0020997961220096443,-0.04521487700574901,-0.02191272731756527,-0.05081179182860032,0.0018220401776812226
2026-02-06,4.4,0.0,-0.011976191046715762,0.0,0.00797784107081465,-0.057150465515023806,0.03439569638292661,0.018797518997179397,-0.013141640887857233
2026-02-09,4.4,0.0,-0.011976191046715762,0.0,-0.011729000497211482,-0.007636568568798812,0.014992548192064116,0.030588820346685523,0.02354658377865837
2026-02-10,4.4,0.0,-0.011976191046715762,0.0,-0.003428831498793266,-0.008468076358810299,0.018729813289406434,-0.0007982280148395168,-0.009644430908518598
2026-02-11,4.4,0.0,-0.011976191046715762,0.0,0.006628103245317512,-0.01401348751238724,0.007170667714086594,-0.021770815373010812,-0.0030310903563182784
2026-02-12,4.4,0.0,-0.011976191046715762,0.0,-0.05127407257936166,-0.022196688349696986,-0.026499721174377204,-0.006276340180921504,-0.028640533025796805
2026-02-13,4.4,0.0,-0.011976191046715762,0.0,-0.022995839415095466,-0.004066437083335938,0.0008867362574486323,-0.001294823159871587,-0.01557130911102629
2026-02-17,4.4,0.0,-0.011976191046715762,0.0,0.03117681438621338,0.011801910679928636,-0.016448249621048336,-0.011175591191809244,-0.0007505901530488688
2026-02-18,4.4,0.0,-0.011976191046715762,0.0,0.0017795532383034164,0.017934163011373634,0.001678940551719039,0.006880530254818123,0.00612862288323798
2026-02-19,4.4,0.0,-0.011976191046715762,0.0,-0.014364224365880748,0.0003417909236829623,0.000947679089765262,-0.0005771055024364743,0.0024224396158071897
2026-02-20,4.4,0.0,-0.011976191046715762,0.0,0.015233823534795543,0.025304384018124338,0.0002671812076260135,-0.0030916176909677397,0.01673314775034796
2026-02-23,4.4,0.0,-0.011976191046715762,0.0,0.00602904668779855,-0.023304999462925406,-0.02954695527872473,-0.03264977069912112,-0.028480278996897465
2026-02-24,4.4,0.0,-0.011976191046715762,0.0,0.022144036649487702,0.015900551376285547,0.023604408796446652,0.011713641833520843,0.003211739659873585
2026-02-25,4.4,0.0,-0.011976191046715762,0.0,0.007650520846136862,0.009923754371216356,0.01940114803767631,0.029384055394936336,0.022259398191543326
2026-02-26,4.4,0.0,-0.011976191046715762,0.0,-0.0046786052410885525,-0.012997130763748655,-0.021357279325286554,0.002791917205408831,0.005066066754975841
2026-02-27,4.4,0.0,-0.011976191046715762,0.0,-0.032657957379533524,0.009954149190768667,-0.014967735162802963,-0.02260753692228252,-0.01353090061821977
2026-03-02,4.3,0.0,0.038823441082903885,0.0,0.002041924719824955,-0.007696209563361218,0.002010344152525457,0.01468509769894799,0.008265952216700718
2026-03-03,4.3,0.0,0.038823441082903885,0.0,-0.0036708976244395467,0.0016302091348675868,-0.027372150980348144,0.013408647831676312,0.0023230815822997738
2026-03-04,4.3,0.0,0.038823441082903885,0.0,-0.004674468498819032,0.03802601972435073,0.03384721273919843,0.003139220615922468,0.019126414362665836
2026-03-05,4.3,0.0,0.038823441082903885,0.0,-0.008530831338801404,0.009730180814114253,-0.00096123102727329,0.013433508696627289,-0.01078070158241622
2026-03-06,4.3,0.0,0.038823441082903885,0.0,-0.01093213459894777,-0.026520103831069775,-0.02198816416611494,-0.004196959457124567,-0.024069910414999507
2026-03-09,4.3,0.0,0.038823441082903885,0.0,0.009355669414157603,0.0013123918981728527,0.004903095477786746,0.001099767241845775,0.003915650339463678
2026-03-10,4.3,0.0,0.038823441082903885,0.0,0.003648874557014285,0.003926872997654284,0.0014036436297643494,-0.00895519345973096,0.010265531681147333
2026-03-11,4.3,0.0,0.038823441082903885,0.0,-7.670972662595488e-05,-0.007869298894721337,0.02126320318819362,-0.002171161078240015,0.0012070660933169112
2026-03-12,4.3,0.0,0.038823441082903885,0.0,-0.0195526595655038,-0.014780671622370333,-0.031914812787204434,-0.007486996517855703,-0.02580106455302112
2026-03-13,4.3,0.0,0.038823441082903885,0.0,-0.02229865363447962,-0.008916648837354262,-0.009692136394107657,-0.015826551578986114,-0.039097917939173894
2026-03-16,4.3,0.0,0.038823441082903885,0.0,0.010737011185857437,0.019408860320450153,0.011083506865035645,0.011062368643045354,0.022997325133886838
2026-03-17,4.3,0.0,0.038823441082903885,0.0,0.005561553592463054,0.016208681248397017,0.00933537602077204,-0.0013511210133194,-0.007663425716287733
2026-03-18,4.3,0.0,0.038823441082903885,0.0,-0.017018440434935896,-0.02507954596315967,-0.016388196671314647,-0.019262435829129988,-0.011273244153874096
2026-03-19,4.3,0.0,0.038823441082903885,0.0,-0.003928637969992818,-0.0053030276815244914,-0.03228927274343446,-0.007095289098823652,-0.014692881072515016
2026-03-20,4.3,0.0,0.038823441082903885,0.0,-0.0039038546496206693,-0.016372033885598155,-0.032986169449252166,-0.01855045253982266,-0.021727735393514788
2026-03-23,4.3,0.0,0.038823441082903885,0.0,0.014014812591042392,0.022960765779813284,0.03443139945829688,0.0029547673243715392,0.01736680703271847
2026-03-24,4.3,0.0,0.038823441082903885,0.0,0.0005962460475602484,-0.013896403903249794,0.005707699063017406,-0.027153937768180758,-0.018614072885358053
2026-03-25,4.3,0.0,0.038823441082903885,0.0,0.0038868788463975487,0.02133987694053351,0.007594547116542637,-0.004571152690792659,0.0033170853060573743
2026-03-26,4.3,0.0,0.038823441082903885,0.0,0.0010682625170895263,-0.019893385566031804,-0.036518388902705916,-0.013758534009891197,-0.0829410608756225
2026-03-27,4.3,0.0,0.038823441082903885,0.0,-0.016305280196262602,-0.04031216865924322,-0.0280150189690427,-0.02546012506735926,-0.04066678236624677
2026-03-30,4.3,0.0,0.038823441082903885,0.0,-0.008760109701824332,0.008044214540419325,-0.018268243604687585,0.00611966014484149,0.02007417832125334
2026-03-31,4.3,0.0,0.038823441082903885,0.0,0.02861786495948073,0.035779229656415903,0.045315377792307994,0.030751447801748214,0.06452337261106908
2026-04-01,4.3,0.0,-0.001657001207629458,0.0,0.007223978636376895,0.0109828388282875,0.02525999735964806,-0.0021635289281511007,0.012333354771954944
2026-04-02,4.3,0.0,-0.001657001207629458,0.0,0.0011338123573076417,-0.0038064614152036554,-0.05574001402961767,0.01101201335750153,-0.008269094238409243
2026-04-06,4.3,0.0,-0.001657001207629458,0.0,0.01142239161475063,0.01429401955243689,-0.021783536042954785,-0.0015542218182786648,-0.0025098531481971605
2026-04-07,4.3,0.0,-0.001657001207629458,0.0,-0.020923456036972127,0.0045949583469463715,-0.017642424845982326,-0.0015835039189674074,0.0035363181064853883
2026-04-08,4.3,0.0,-0.001657001207629458,0.0,0.02107802518992581,0.034392593210598475,-0.009856563133277247,0.0054646202714657,0.06296132142721474
2026-04-09,4.3,0.0,-0.001657001207629458,0.0,0.006122567123347408,0.05453095913592383,0.0068808468500743715,-0.003371654917970858,0.025742722396939786
2026-04-10,4.3,0.0,-0.001657001207629458,0.0,-3.8345556912621514e-05,0.020041816513914186,0.009588788947183922,-0.0059144890165382935,0.0023365330767120803
2026-04-13,4.3,0.0,-0.001657001207629458,0.0,-0.0049260673756055485,0.006314422859656274,0.00989500379675574,0.03575403655529446,0.007387064319893663
2026-04-14,4.3,0.0,-0.001657001207629458,0.0,-0.0014286068821369137,0.03735274928383289,0.03287951656879651,0.022483811465560243,0.04312083513446859
2026-04-15,4.3,0.0,-0.001657001207629458,0.0,0.028940120889102108,-0.0020903861446825195,0.07343111096819813,0.04503888343389864,0.013627721910405276
2026-04-16,4.3,0.0,-0.001657001207629458,0.0,-0.011437796552710188,0.0048173395273468644,-0.0078120863116936485,0.021745251113201896,0.007846053049436594
2026-04-17,4.3,0.0,-0.001657001207629458,0.0,0.025599724502604514,0.0034382179946092772,0.0296911094422974,0.006002043749179862,0.01710869581864212
2026-04-20,4.3,0.0,-0.001657001207629458,0.0,0.010381401662850636,-0.009141266429826336,-0.020476797687229584,-0.011226740924225573,-0.025952959664172565
2026-04-21,4.3,0.0,-0.001657001207629458,0.0,-0.02551957602598669,0.006543731071590066,-0.0156116416401595,0.014461871447776973,-0.003090051033582633
2026-04-22,4.3,0.0,-0.001657001207629458,0.0,0.025959122658055597,0.021573448951202067,0.0028167845306925577,0.020442188268340603,0.008752837830685407
2026-04-23,4.3,0.0,-0.001657001207629458,0.0,0.0009512419139857489,-0.001097088026179746,-0.03623482292188371,-0.04046886377167461,-0.02334658333477605
2026-04-24,4.3,0.0,-0.001657001207629458,0.0,-0.00870548556450589,0.034333958023186784,0.006879807968652782,0.02111053357014146,0.023806014487513724
2026-04-27,4.3,0.0,-0.001657001207629458,0.0,-0.012809554739298108,-0.01093113357236666,0.006278483691632188,0.00047093907199736843,0.005304139433685585
2026-04-28,4.3,0.0,-0.001657001207629458,0.0,0.011517520751980868,-0.005452887403187945,-0.007022844604162197,0.010373913089718178,-0.010785562113415144
2026-04-29,4.3,0.0,-0.001657001207629458,0.0,-0.0019966978339397375,0.01277897868001351,-0.008600254179982027,-0.01122176316871562,-0.0033123461075633275
2026-04-30,4.3,0.0,-0.001657001207629458,0.0,0.0043581493936293405,0.007650061888693173,0.023409515563600516,-0.040089887405449304,-0.08937823995625656
2026-05-01,4.3,0.0,0.011541760440171328,0.0,0.03187991038650981,0.012000489635761667,0.02379554904158833,0.016200380815886175,-0.005177494589848189
2026-05-04,4.3,0.0,0.011541760440171328,0.0,-0.011885962197690256,0.014029132183864345,0.004314924812415465,-0.0019805564528877612,0.0027231441433330297
2026-05-05,4.3,0.0,0.011541760440171328,0.0,0.026204338554427865,0.0054985478239463976,-0.008032003657369561,-0.005430265418195371,-0.008968442076669032
2026-05-06,4.3,0.0,0.011541760440171328,0.0,0.011649801728447845,0.005250321971042334,0.023754487827164997,0.006251935224948011,0.013006789712097969
2026-05-07,4.3,0.0,0.011541760440171328,0.0,-0.00024353676707370125,-0.01398871786017844,0.03222900776203085,0.016317029709620266,0.006391864694781777
2026-05-08,4.3,0.0,0.011541760440171328,0.0,0.020250074126795237,0.005552939638259035,0.03942710124226755,-0.013518725545446366,-0.011708807100912861
2026-05-11,4.3,0.0,0.011541760440171328,0.0,-0.0012634684139431265,-0.013624751749596186,0.03813364950728898,-0.005943620767689755,-0.017824400303418166
2026-05-12,4.3,0.0,0.011541760440171328,0.0,0.007217281916175962,-0.011854752338375166,-0.026297804689101322,-0.011920778009659372,0.0068893732611732175
2026-05-13,4.3,0.0,0.011541760440171328,0.0,0.013711560991706276,0.01608392713413966,0.02690433759547956,-0.006297779830460884,0.022351979368377264
2026-05-14,4.3,0.0,0.011541760440171328,0.0,-0.002210772244144634,-0.010831048951722346,-0.004434100858338372,0.010360489291041258,0.0029148204475002823
2026-05-15,4.3,0.0,0.011541760440171328,0.0,0.006750976522238501,-0.011592972656152402,-0.048672864587404434,0.030049788861924314,-0.006814577502366525
2026-05-18,4.3,0.0,0.011541760440171328,0.0,-0.007992466908238653,0.0027220081197222258,-0.029441104289050234,0.003832278848626929,-0.004928784116247305
2026-05-19,4.3,0.0,0.011541760440171328,0.0,0.003786820722815226,-0.021061401192618883,-0.014445663458309575,-0.014555068940400357,-0.014170437918204189
2026-05-20,4.3,0.0,0.011541760440171328,0.0,0.010911251503184886,0.021627669973466716,0.03202247022638431,0.008682378065394921,0.004057425625961704
2026-05-21,4.3,0.0,0.011541760440171328,0.0,0.009024467670268961,0.012934297256761875,0.0014129789484986274,-0.002526090592902171,0.003827010245648098
2026-05-22,4.3,0.0,0.011541760440171328,0.0,0.012479649444335736,-0.0080032744617438,0.019340312041325056,-0.0012415277754476936,0.0047304789901055425
2026-05-26,4.3,0.0,0.011541760440171328,0.0,-0.0015880121843198519,-0.0038750213028487137,0.017636535587117294,-0.006086787367366893,0.0034026157931846004
2026-05-27,4.3,0.0,0.011541760440171328,0.0,0.008139905925081868,0.024426866578213892,0.015493162254673815,-0.008109095484610435,0.03674665162179339
2026-05-28,4.3,0.0,0.011541760440171328,0.0,0.005325999563197865,0.007877640344363742,0.003943573700417892,0.03411229625288361,4.717368385697495e-05
2026-05-29,4.3,0.0,0.011541760440171328,0.0,-0.0014410307239461104,-0.012338527790443166,-0.014375619088440037,0.0530201813564115,-0.004385506773942161
2026-06-01,4.3,0.0,0.011541760440171328,0.0,-0.0185978161231111,-0.035273461160258576,-0.046763726698806594,0.02257550971290651,-0.05198341307870981
2026-06-02,4.3,0.0,0.011541760440171328,0.0,0.02860974364520492,-0.018309525985056377,0.018723267699191404,-0.042608691140752344,-0.004740791582047653
2026-06-03,4.3,0.0,0.011541760440171328,0.0,-0.0157967095998125,-0.025665659701418486,-9.435010681166908e-05,-0.032167630063060046,0.04154254265999393
2026-06-04,4.3,0.0,0.011541760440171328,0.0,0.0031215368741391546,0.01496619519549892,-0.012468248792164637,0.0016600419254275758,0.007340846047808919
2026-06-05,4.3,0.0,0.011541760440171328,0.0,-0.012577609274253502,-0.03105365219156565,-0.06784987766553562,-0.02694540884818325,-0.05666083124217305
2026-06-08,4.3,0.0,0.011541760440171328,0.0,-0.01905190902330898,-0.0032977029725941285,0.04488536904530807,-0.011902515359320368,-0.012916082199326898
